timestamp,server_id,incoming_requests,active_connections,cpu_usage_percent,memory_usage_percent,network_latency_ms,response_time_ms,server_capacity_weight
01-01-2024 00:00,7,409,126,11.67,42.57,194.65,55.31,3
01-01-2024 00:01,4,567,313,50.2,45.73,290.31,269.75,2
01-01-2024 00:02,8,369,484,75.33,57.86,263.22,511.21,3
01-01-2024 00:03,5,280,281,83.29,30.2,263.16,759.87,5
01-01-2024 00:04,7,995,286,79.74,44.51,212.5,211.37,1
01-01-2024 00:05,10,79,466,45.4,66.46,10.19,155.06,1
01-01-2024 00:06,3,583,391,72.09,45.89,134.94,178.86,4
01-01-2024 00:07,7,970,283,34.47,83,155.78,204.71,3
01-01-2024 00:08,8,205,139,14.72,61.15,253.53,517.89,4
01-01-2024 00:09,5,679,101,67.46,26.53,277.24,798.96,3
01-01-2024 00:10,4,901,392,65.15,51.56,138.21,428.4,3
01-01-2024 00:11,8,984,11,78.14,72.36,93.64,231.72,2
01-01-2024 00:12,8,950,382,62.37,63.25,104.52,602.63,1
01-01-2024 00:13,3,754,216,23.34,81.39,175.71,143.44,5
01-01-2024 00:14,6,448,30,82.52,71.25,86.12,43.41,5
01-01-2024 00:15,5,395,94,63.32,19.62,273.67,492.11,1
01-01-2024 00:16,2,244,116,78.65,23.44,128.5,184.03,4
01-01-2024 00:17,8,217,271,75.8,63.73,297.07,331.41,5
01-01-2024 00:18,6,426,440,35.32,32.88,37.31,200.29,2
01-01-2024 00:19,2,538,291,16.34,59.09,60.42,736.09,2
01-01-2024 00:20,5,800,39,25,74.42,155.92,283.63,2
01-01-2024 00:21,1,411,24,17.89,58.27,261.15,370.28,5
01-01-2024 00:22,10,531,264,30.69,46.16,109.42,203.18,2
01-01-2024 00:23,6,293,43,49.06,63.47,252.05,86.18,2
01-01-2024 00:24,9,630,170,87.08,25.77,130.51,419.79,4
01-01-2024 00:25,1,656,340,84.12,69.24,256.63,697.6,1
01-01-2024 00:26,10,638,169,71.08,67.28,86.84,294.31,5
01-01-2024 00:27,3,220,303,12.05,53.58,144.21,629.16,1
01-01-2024 00:28,7,562,26,39.02,35.91,87.23,45.44,2
01-01-2024 00:29,4,455,180,68,74.82,68.49,203.7,4
01-01-2024 00:30,9,623,472,20.97,53.29,129.24,122.57,1
01-01-2024 00:31,3,256,150,78.09,19.44,103.74,334.25,3
01-01-2024 00:32,5,203,133,87.74,83.9,237.21,717.58,5
01-01-2024 00:33,3,835,143,40.1,72.58,225.55,311.34,2
01-01-2024 00:34,7,97,164,70,58.86,110.77,490.59,2
01-01-2024 00:35,5,698,101,22.6,47.76,297.72,720.55,3
01-01-2024 00:36,9,50,63,68.72,86.99,292.28,300.63,2
01-01-2024 00:37,7,796,93,11.82,73.13,275.76,305.29,1
01-01-2024 00:38,2,954,207,22.82,55.12,178.02,88.63,2
01-01-2024 00:39,4,817,475,70.34,63.99,126.63,292.26,1
01-01-2024 00:40,9,456,433,70.51,36.06,97.34,602,1
01-01-2024 00:41,2,156,311,64.5,29.68,9.43,678.81,5
01-01-2024 00:42,10,222,72,50.58,35.5,191.38,583.75,5
01-01-2024 00:43,9,555,60,67.37,36.99,168.18,25.4,5
01-01-2024 00:44,10,179,441,75.77,70.48,190.81,111.24,5
01-01-2024 00:45,5,447,29,92.15,25.5,174.91,590.17,3
01-01-2024 00:46,2,343,19,85.53,73.32,45.63,755.07,3
01-01-2024 00:47,4,601,479,77.54,54.25,210.14,562.38,4
01-01-2024 00:48,7,496,73,69.05,43.84,111.33,196.36,1
01-01-2024 00:49,8,899,394,58.8,37.53,157.31,103.9,4
01-01-2024 00:50,3,65,357,20.25,53.49,112.87,704.07,3
01-01-2024 00:51,1,688,394,24.07,38.81,11.49,97.24,4
01-01-2024 00:52,4,934,246,79.72,47.21,263.58,137.81,1
01-01-2024 00:53,2,398,481,78.28,70.43,48.88,485.42,5
01-01-2024 00:54,8,252,473,62.23,61.95,176.74,168.2,2
01-01-2024 00:55,4,183,313,47.3,71.1,265.52,197.52,3
01-01-2024 00:56,2,820,438,12.21,68.47,70.29,130.96,1
01-01-2024 00:57,6,575,440,37.81,76.13,126.54,756.57,2
01-01-2024 00:58,6,557,324,45.75,30.13,116.43,117.44,3
01-01-2024 00:59,10,115,453,51.29,89.63,31.32,746.44,1
01-01-2024 01:00,4,529,87,88.99,50.68,129.94,274.43,3
01-01-2024 01:01,6,912,359,19.24,68.87,146.45,660.82,1
01-01-2024 01:02,2,508,183,54.1,65.83,12.85,761,3
01-01-2024 01:03,10,391,197,41.27,57.46,149,425.02,3
01-01-2024 01:04,2,756,244,94.16,89.69,32.68,620.73,5
01-01-2024 01:05,10,675,328,83.26,31.3,268.28,227.49,1
01-01-2024 01:06,4,208,465,47.3,46.63,196.8,318.71,4
01-01-2024 01:07,8,210,385,94.97,24.58,21.65,451.33,2
01-01-2024 01:08,7,303,118,53.7,28.64,248.98,683.36,3
01-01-2024 01:09,9,946,498,24.21,68.47,111.67,504.18,5
01-01-2024 01:10,8,989,396,57.25,15.36,71.56,37.24,4
01-01-2024 01:11,5,576,419,29.23,81.74,79.91,257.73,3
01-01-2024 01:12,2,598,372,64.09,62.49,181.33,694.68,1
01-01-2024 01:13,5,204,462,89.68,48.07,29.06,207.38,2
01-01-2024 01:14,8,535,496,76.83,39.85,22.33,306.98,4
01-01-2024 01:15,10,481,82,33.22,24.47,190.12,323.9,2
01-01-2024 01:16,9,76,458,35.23,84.12,294.66,140.47,3
01-01-2024 01:17,9,61,247,15.89,68.42,147.61,292.85,5
01-01-2024 01:18,1,116,463,34.3,40.23,126.92,657.59,4
01-01-2024 01:19,9,591,234,17.87,20.32,284.42,682.29,3
01-01-2024 01:20,7,145,417,52.45,39.43,76.09,473.1,3
01-01-2024 01:21,9,264,467,70.21,28.85,75.96,549.42,2
01-01-2024 01:22,8,243,482,73.85,73.97,272.01,436.97,5
01-01-2024 01:23,1,696,365,15.06,68.97,195.84,54.53,4
01-01-2024 01:24,8,339,153,38.9,52.36,20.87,563.41,2
01-01-2024 01:25,8,593,272,34.49,81.44,203.82,797.31,2
01-01-2024 01:26,3,934,392,18.87,28.55,246.91,197.7,3
01-01-2024 01:27,1,88,35,40.81,48.9,85.82,786.08,3
01-01-2024 01:28,8,913,213,35.44,68.3,117.95,798.26,3
01-01-2024 01:29,3,988,211,63.93,20.09,63.31,130.38,1
01-01-2024 01:30,3,988,430,85.08,42.95,191.84,742.39,4
01-01-2024 01:31,1,255,139,48.66,57.87,200.94,546.92,4
01-01-2024 01:32,5,948,189,73.47,42.51,25.22,383.77,5
01-01-2024 01:33,10,991,300,22.41,51.01,204.92,288.84,1
01-01-2024 01:34,7,977,395,86.07,60.61,199.24,511.25,5
01-01-2024 01:35,10,604,252,22.97,42.63,15.36,677.37,5
01-01-2024 01:36,9,533,395,26.33,22.95,168.83,46.6,1
01-01-2024 01:37,7,386,150,19.05,25.46,186.11,437.66,1
01-01-2024 01:38,9,545,341,36.32,54.53,131.9,527.21,1
01-01-2024 01:39,8,820,219,56.95,28.11,270.89,39.97,5
01-01-2024 01:40,2,298,82,93.98,81.74,101.87,713.48,4
01-01-2024 01:41,1,123,190,77.44,77.56,24.82,762.4,5
01-01-2024 01:42,7,422,234,42.34,41.18,203.2,497.74,2
01-01-2024 01:43,7,880,176,58.95,77.32,183.54,111.26,3
01-01-2024 01:44,8,928,232,62.98,54.99,296.77,747.28,4
01-01-2024 01:45,5,857,358,79.93,26.93,73.24,647.91,2
01-01-2024 01:46,3,835,478,72.6,61.07,121.67,42.27,4
01-01-2024 01:47,8,884,63,58.39,65.96,141.05,471.74,2
01-01-2024 01:48,6,920,435,66.88,21.29,259.14,109.34,3
01-01-2024 01:49,3,751,429,73.4,38.58,127.3,130.03,3
01-01-2024 01:50,1,187,495,21.32,15.4,232.78,170.16,4
01-01-2024 01:51,3,997,237,27.04,38.73,51.3,329.03,5
01-01-2024 01:52,5,506,33,68.53,40.16,125.89,703.58,2
01-01-2024 01:53,3,863,213,82.29,62.27,50.72,44.24,3
01-01-2024 01:54,1,872,60,44.79,29.93,285.16,557.58,2
01-01-2024 01:55,5,991,379,93.29,17.26,57.44,772.35,1
01-01-2024 01:56,10,892,2,28.37,38.67,128.63,520.16,5
01-01-2024 01:57,7,493,397,45.42,76.92,29.27,656.17,5
01-01-2024 01:58,7,402,450,42.17,44.94,276.81,723.38,4
01-01-2024 01:59,9,843,57,89.08,46.13,189.03,577.54,2
01-01-2024 02:00,10,460,427,34.26,50.18,288.92,534.68,2
01-01-2024 02:01,10,727,301,50.02,71.38,17.47,34.01,3
01-01-2024 02:02,3,839,287,25.91,51,56.62,424.73,1
01-01-2024 02:03,7,587,138,54.31,21.85,117.11,386,1
01-01-2024 02:04,1,502,279,82.88,30.48,188.3,427.71,2
01-01-2024 02:05,4,468,214,35.84,29.09,102.21,357.33,3
01-01-2024 02:06,4,499,239,78.92,53.09,215,727.11,5
01-01-2024 02:07,5,634,285,87.46,17.24,53.71,713.44,4
01-01-2024 02:08,7,164,481,16.2,36.27,182.19,118.04,5
01-01-2024 02:09,7,100,31,74.3,60.54,122.4,435.66,1
01-01-2024 02:10,4,418,206,31.7,41.6,154.93,768.46,1
01-01-2024 02:11,7,963,458,24.9,68.08,173.04,486.96,2
01-01-2024 02:12,3,732,274,61.1,44.34,22.67,645.3,1
01-01-2024 02:13,6,829,11,69.98,88.44,277.59,311.22,3
01-01-2024 02:14,2,564,359,43.55,87.4,236.9,314.25,5
01-01-2024 02:15,10,259,47,13.33,74.99,135.52,274.04,2
01-01-2024 02:16,9,937,3,87.24,86.58,166.5,37.04,3
01-01-2024 02:17,5,952,130,72.11,30.36,14.6,741.38,3
01-01-2024 02:18,6,951,438,33.09,71.32,151.89,292.72,4
01-01-2024 02:19,4,899,72,52.23,39.12,130.76,306.33,1
01-01-2024 02:20,10,862,159,12.36,69.4,115.47,612.45,1
01-01-2024 02:21,7,944,392,38.84,43.04,245.53,430.98,3
01-01-2024 02:22,9,903,427,54.42,36.71,58.67,302.39,2
01-01-2024 02:23,7,676,432,53.96,86.91,57.01,709.22,3
01-01-2024 02:24,1,728,130,27.7,30.74,158.89,663.8,3
01-01-2024 02:25,1,484,22,76.02,71.89,207.71,781.91,1
01-01-2024 02:26,9,826,380,35.4,65.6,11.62,520,5
01-01-2024 02:27,9,276,389,59.33,37.76,166.02,558.28,1
01-01-2024 02:28,4,712,135,33.08,49.38,93.12,273.11,4
01-01-2024 02:29,9,317,20,46.14,25.72,228.28,97.67,4
01-01-2024 02:30,3,165,220,27.64,84.09,143.32,102.62,2
01-01-2024 02:31,7,649,333,63.81,87.61,251.05,523.83,5
01-01-2024 02:32,6,879,130,46.17,69.93,122.11,108.35,3
01-01-2024 02:33,8,803,32,11.37,78.71,248.99,727.17,5
01-01-2024 02:34,9,409,90,12.39,21.2,216.37,569.02,1
01-01-2024 02:35,5,378,259,50.05,43.8,249.34,196.44,1
01-01-2024 02:36,1,894,425,25.57,39.81,244.66,237.79,3
01-01-2024 02:37,3,89,298,59.73,57.37,148.48,573.78,3
01-01-2024 02:38,10,231,333,44.7,28.75,113.59,662.81,4
01-01-2024 02:39,8,539,249,65.63,57.25,230.72,674.76,1
01-01-2024 02:40,6,258,469,90.95,64.08,111.65,488.8,1
01-01-2024 02:41,8,952,173,54.94,24.93,31.37,141.08,4
01-01-2024 02:42,9,322,357,76.93,24.88,258.36,658.32,2
01-01-2024 02:43,4,168,471,74.01,17.66,122.17,637.48,2
01-01-2024 02:44,1,431,455,88.35,72.07,44.12,671.58,4
01-01-2024 02:45,1,995,401,28.19,39.83,195.71,142.98,1
01-01-2024 02:46,10,585,476,80.32,31.91,267.48,553.8,1
01-01-2024 02:47,4,307,384,86.97,73.36,258.98,768.99,2
01-01-2024 02:48,7,532,47,43.38,25.74,168.56,219.73,3
01-01-2024 02:49,2,558,478,36.67,47.04,30.98,579.05,3
01-01-2024 02:50,3,141,197,90.92,70.86,210.5,221.96,4
01-01-2024 02:51,1,210,408,63.35,58.04,184.6,259.54,3
01-01-2024 02:52,5,198,455,42.36,56.55,66.99,398.51,2
01-01-2024 02:53,1,166,379,77.31,26.81,270.66,718.06,5
01-01-2024 02:54,8,507,34,35.88,28.57,30.57,50.16,4
01-01-2024 02:55,1,614,254,24.99,58.69,115.05,791.92,1
01-01-2024 02:56,1,863,248,56.24,16.77,32.89,622.22,5
01-01-2024 02:57,2,94,434,58.13,80.18,274.02,300.63,2
01-01-2024 02:58,2,826,42,80.19,41.29,15.44,296.24,1
01-01-2024 02:59,6,823,289,48.85,46.25,130.6,396.73,3
01-01-2024 03:00,7,868,123,79.24,34.38,259.22,702.87,4
01-01-2024 03:01,5,283,27,36.46,80.75,79.16,33.98,3
01-01-2024 03:02,1,424,462,58.91,63.19,35.98,447.63,4
01-01-2024 03:03,1,596,59,27.72,48.74,42.47,63.75,2
01-01-2024 03:04,3,899,147,42.76,58.9,124.46,110.17,2
01-01-2024 03:05,2,998,496,82.89,43.53,131.43,558.72,1
01-01-2024 03:06,5,964,115,28.36,49.92,216.83,202.76,4
01-01-2024 03:07,10,246,486,78.87,41.82,75.19,52.44,5
01-01-2024 03:08,6,74,460,34.04,45.8,212.04,148.11,3
01-01-2024 03:09,7,444,387,12.93,38.62,299.7,182.74,4
01-01-2024 03:10,4,763,199,19.34,20.82,259.95,620.43,5
01-01-2024 03:11,7,834,128,73.4,17.8,192.49,507.44,3
01-01-2024 03:12,8,85,376,32.28,28.06,282.27,593.4,2
01-01-2024 03:13,1,523,483,65.6,33.87,297.38,308.46,2
01-01-2024 03:14,6,272,153,69.43,81.79,173.23,108.24,1
01-01-2024 03:15,8,913,369,39.34,60.84,85.72,648.13,2
01-01-2024 03:16,5,838,271,50.37,86.87,274.92,129.52,2
01-01-2024 03:17,4,579,339,44.32,40.47,254.04,318.49,2
01-01-2024 03:18,2,237,444,90.52,45.13,29.96,224.58,4
01-01-2024 03:19,6,451,83,37.2,68.98,281.23,251.3,1
01-01-2024 03:20,6,306,23,25.58,58.34,113.03,489.45,4
01-01-2024 03:21,1,703,11,41.08,54.59,100.02,148.19,5
01-01-2024 03:22,9,185,187,66.91,58.17,106.26,367.78,2
01-01-2024 03:23,6,868,469,69.28,58.81,99.41,518.18,5
01-01-2024 03:24,3,640,116,88.54,72.43,157.23,697.75,5
01-01-2024 03:25,4,493,162,84.95,65.11,176.03,309.56,4
01-01-2024 03:26,4,467,103,34.51,86.8,130.56,268.58,2
01-01-2024 03:27,3,341,243,48.69,86.1,126.71,306.92,4
01-01-2024 03:28,10,623,7,73.52,46.64,222.51,410.62,3
01-01-2024 03:29,3,178,362,87.91,17.68,5.89,264.21,3
01-01-2024 03:30,3,390,172,38.66,15.83,284.33,215.35,2
01-01-2024 03:31,4,859,256,47.78,24.24,215.76,312.74,5
01-01-2024 03:32,7,306,247,86.46,20.62,213.64,626.71,4
01-01-2024 03:33,4,773,475,40.47,43,129.48,217.2,5
01-01-2024 03:34,9,615,192,50.84,18.97,289.91,678.81,3
01-01-2024 03:35,1,736,114,86.88,61.87,5.1,242.38,4
01-01-2024 03:36,8,149,23,78.19,29.26,27.56,490.4,4
01-01-2024 03:37,7,88,358,30.69,53.55,242.2,777.36,4
01-01-2024 03:38,2,975,314,37.61,22.73,222.92,762.4,2
01-01-2024 03:39,8,312,276,40,77.08,85.05,359.01,2
01-01-2024 03:40,1,199,411,87.58,73.5,180.45,72.66,2
01-01-2024 03:41,9,682,373,94.91,43.99,161.96,724.05,4
01-01-2024 03:42,9,739,444,75.79,83.29,160.5,118.99,5
01-01-2024 03:43,2,862,136,51.17,28.93,180.69,740.37,1
01-01-2024 03:44,7,379,357,10.86,76.05,298.15,591.45,5
01-01-2024 03:45,10,169,195,69.29,55.94,296.27,748.71,3
01-01-2024 03:46,3,633,258,43.1,39.72,294.6,539.01,3
01-01-2024 03:47,7,268,278,63.8,21.33,166.86,796.19,2
01-01-2024 03:48,10,955,70,61.57,27.85,98.84,384.26,1
01-01-2024 03:49,9,959,359,50.87,79.71,170.23,277.1,2
01-01-2024 03:50,4,863,360,90.27,60.52,188.69,326.78,5
01-01-2024 03:51,1,172,36,11.97,32.78,96.87,293.23,2
01-01-2024 03:52,2,293,108,70.53,52.19,191.67,332.62,3
01-01-2024 03:53,1,935,24,44.84,23.09,188.49,710.46,3
01-01-2024 03:54,5,636,140,70.67,22.41,271.52,481.81,2
01-01-2024 03:55,5,567,465,67.39,83.08,75.09,586.04,5
01-01-2024 03:56,7,70,22,10.87,49.34,210.79,244.54,4
01-01-2024 03:57,9,239,339,34.25,42.12,137.97,792.1,5
01-01-2024 03:58,9,274,329,26.07,86.18,43.33,238.97,2
01-01-2024 03:59,3,964,204,24.19,44.93,98.27,144.04,5
01-01-2024 04:00,3,664,380,71.92,40.22,21.9,626.99,3
01-01-2024 04:01,3,905,224,30.36,35.47,99.2,674.48,1
01-01-2024 04:02,4,515,223,50.35,57.38,25.36,327.16,3
01-01-2024 04:03,8,148,81,30.99,56.88,278.01,442.04,3
01-01-2024 04:04,6,879,407,59.32,16.21,35.02,343.02,4
01-01-2024 04:05,8,412,330,71.25,64.05,246.12,249.26,2
01-01-2024 04:06,1,132,191,38.14,74.12,272.31,654.43,4
01-01-2024 04:07,8,742,286,61.26,61.2,142.96,610.49,4
01-01-2024 04:08,4,713,147,80.11,80.24,20.91,398.56,2
01-01-2024 04:09,1,105,282,18.01,35.73,180.76,375.33,5
01-01-2024 04:10,8,751,474,70.41,29.4,74.26,160.53,1
01-01-2024 04:11,4,979,384,37.47,67.3,57.11,517.07,4
01-01-2024 04:12,6,71,11,20.43,29.14,172.2,740.47,4
01-01-2024 04:13,8,629,276,56.38,21.83,110.13,580.7,5
01-01-2024 04:14,4,234,374,29.23,22.25,220.46,414.89,2
01-01-2024 04:15,3,571,56,79.82,72.63,179.42,50.15,3
01-01-2024 04:16,9,627,173,13.65,17.16,249.66,745.62,5
01-01-2024 04:17,3,313,452,18.39,36.71,22.22,260.27,3
01-01-2024 04:18,9,274,303,54.28,24.69,74.3,253.96,1
01-01-2024 04:19,2,684,204,60.06,71.62,172.26,386.28,4
01-01-2024 04:20,2,87,345,72.04,52.76,264.73,354.75,1
01-01-2024 04:21,2,172,248,32.04,30.41,244.96,770.63,3
01-01-2024 04:22,6,879,314,81.55,71.28,205.46,148.71,3
01-01-2024 04:23,3,205,266,91.02,71.28,174.35,557.52,3
01-01-2024 04:24,9,955,22,52.42,54.23,191.28,103.28,4
01-01-2024 04:25,4,350,327,74.65,35.69,68.01,235.98,2
01-01-2024 04:26,1,882,24,54.61,58.97,180.58,583.27,2
01-01-2024 04:27,4,116,194,15.9,85.01,150.66,647.15,4
01-01-2024 04:28,1,954,96,37.72,18.87,118.41,385.76,2
01-01-2024 04:29,5,694,469,17.44,35.02,266.88,635.69,2
01-01-2024 04:30,4,923,445,94.05,36.37,249.68,749.4,4
01-01-2024 04:31,8,443,263,29.47,62.39,27.64,749.91,2
01-01-2024 04:32,8,701,72,64.05,63.84,295.79,287.13,2
01-01-2024 04:33,7,643,243,34.17,30.47,72.85,263.47,5
01-01-2024 04:34,3,619,383,65.53,31.21,68.53,586.63,1
01-01-2024 04:35,1,710,38,27.88,84.62,283.43,530.19,1
01-01-2024 04:36,1,454,405,76.75,71.72,136.22,325.97,1
01-01-2024 04:37,3,498,392,19.42,85.07,242.58,198.37,5
01-01-2024 04:38,6,180,377,86.09,77.22,90.02,502.38,1
01-01-2024 04:39,7,118,89,81.44,45.16,262.59,355.59,3
01-01-2024 04:40,6,394,28,67.7,24.14,250.53,123.05,1
01-01-2024 04:41,6,811,92,15.73,62.22,158.25,518.61,4
01-01-2024 04:42,6,369,54,27.73,41.4,212.99,564.19,1
01-01-2024 04:43,3,226,159,83.05,46.91,289.39,304.1,3
01-01-2024 04:44,6,633,372,20.37,46.94,138.35,668.92,1
01-01-2024 04:45,8,578,228,23.25,85.24,150.79,77.47,2
01-01-2024 04:46,2,890,473,56.24,20.16,218.23,406.81,3
01-01-2024 04:47,5,209,372,33.31,29.48,119,765.94,4
01-01-2024 04:48,1,631,376,28.88,60.6,288.56,168.56,2
01-01-2024 04:49,1,674,41,58.94,81.28,16.93,154.41,2
01-01-2024 04:50,5,793,37,41.67,83.85,124,315.38,5
01-01-2024 04:51,3,582,125,21.95,56.9,215.59,229.11,2
01-01-2024 04:52,4,184,422,55.46,17.59,131.67,192.8,1
01-01-2024 04:53,3,824,179,42.9,42.22,81.48,760.88,2
01-01-2024 04:54,1,160,332,72.43,83.91,126.97,288.98,2
01-01-2024 04:55,1,807,37,18.73,52.5,265.05,66.67,5
01-01-2024 04:56,5,332,101,62.75,69.5,166.37,721.83,1
01-01-2024 04:57,6,569,31,47.1,35.19,103.86,369.63,1
01-01-2024 04:58,3,845,190,44.52,16.88,203.1,594.03,2
01-01-2024 04:59,9,768,146,29.74,58.38,185.49,306.53,4
01-01-2024 05:00,5,243,90,12.59,77.62,170.33,749.43,4
01-01-2024 05:01,8,96,6,82.05,89.27,120.39,244.48,1
01-01-2024 05:02,1,391,393,37.74,78.5,26.3,536.96,4
01-01-2024 05:03,5,291,139,67.89,56.55,188.12,662.99,1
01-01-2024 05:04,3,571,95,90.54,60.65,128.84,205.59,1
01-01-2024 05:05,1,419,119,58.02,76.81,131.49,645.18,3
01-01-2024 05:06,4,850,366,43.76,16.49,74.05,637.98,1
01-01-2024 05:07,5,952,120,32.8,86.37,78.58,772.09,3
01-01-2024 05:08,7,180,386,89.39,54.84,237.3,739.79,2
01-01-2024 05:09,1,319,123,67.98,86.4,146.41,323.11,5
01-01-2024 05:10,3,989,285,66.55,72.34,37.24,480.62,1
01-01-2024 05:11,2,863,366,46.22,26.42,18.53,741.73,2
01-01-2024 05:12,9,110,377,81.83,27.39,71.29,23.41,1
01-01-2024 05:13,10,213,179,70.66,41.52,148.8,509.33,1
01-01-2024 05:14,6,574,490,34.07,34.8,187.09,187.98,5
01-01-2024 05:15,10,321,325,60.96,47.95,47.39,596.24,3
01-01-2024 05:16,3,769,407,46.57,60.29,132.99,641.25,1
01-01-2024 05:17,8,807,484,10.56,47.74,26.4,576.11,1
01-01-2024 05:18,8,182,7,78.65,19.23,16.13,796.94,3
01-01-2024 05:19,2,293,384,20.44,88.17,259.69,393.82,4
01-01-2024 05:20,6,855,312,53.35,46.88,199.21,457.85,5
01-01-2024 05:21,7,483,127,38.58,78.83,235.42,339.01,5
01-01-2024 05:22,2,87,77,39.08,20.55,58.65,779.71,1
01-01-2024 05:23,10,920,234,50.58,75.75,100.04,739.75,5
01-01-2024 05:24,2,617,318,94.75,28.01,135.92,789.58,4
01-01-2024 05:25,10,368,74,44.71,65.96,199.12,788.22,1
01-01-2024 05:26,1,559,484,25.5,64.64,162.78,718.46,3
01-01-2024 05:27,8,425,464,62.16,83.24,167.68,746.08,3
01-01-2024 05:28,1,609,271,30.08,39.05,51.3,113.51,1
01-01-2024 05:29,9,666,309,18.97,23.17,145.06,155.35,3
01-01-2024 05:30,6,523,427,14.26,79.84,248.02,710.45,3
01-01-2024 05:31,7,108,467,11.94,39.87,155.29,586.9,1
01-01-2024 05:32,10,638,469,46.65,32.44,63.92,702.49,2
01-01-2024 05:33,7,989,120,46.27,51.47,126.95,620.63,5
01-01-2024 05:34,10,548,35,25.77,25.96,227.67,128.88,5
01-01-2024 05:35,3,267,207,76.64,37.27,44.82,734.92,2
01-01-2024 05:36,2,944,496,20.99,43.9,176.24,621.56,3
01-01-2024 05:37,9,616,270,87.8,35.79,289.77,465.23,5
01-01-2024 05:38,8,616,93,59.94,48.77,117.19,435.24,4
01-01-2024 05:39,10,178,453,12.35,43.85,17.87,467.56,2
01-01-2024 05:40,7,953,378,91.85,73.09,191.77,324.53,3
01-01-2024 05:41,9,432,177,36.18,83.88,18.9,646.51,4
01-01-2024 05:42,4,437,274,48.25,22.57,61.52,729.03,2
01-01-2024 05:43,4,134,179,34.16,76.75,19.28,217.27,3
01-01-2024 05:44,1,559,129,71.92,84.88,55.34,49.68,1
01-01-2024 05:45,8,775,125,51.28,66.5,257.21,178.28,3
01-01-2024 05:46,3,676,27,21.25,89.73,221.78,610.72,4
01-01-2024 05:47,7,486,64,18.86,40.13,105.85,697.35,5
01-01-2024 05:48,2,875,60,71.66,77.27,269.66,291.88,2
01-01-2024 05:49,2,342,219,30.15,65.53,201.23,138.86,1
01-01-2024 05:50,7,98,217,21.71,39.26,137.09,689.66,2
01-01-2024 05:51,6,116,169,52.45,67.85,25.16,187.42,3
01-01-2024 05:52,3,836,149,78.24,53.22,220.56,208.66,1
01-01-2024 05:53,9,178,270,33.7,29.17,115.78,92.24,5
01-01-2024 05:54,10,78,116,33.5,28.04,94.33,730.05,2
01-01-2024 05:55,6,392,245,80.88,68.5,90.04,274.84,2
01-01-2024 05:56,10,594,148,22.57,68.39,7.27,154.04,4
01-01-2024 05:57,10,168,92,62.42,54.81,224.08,763.84,3
01-01-2024 05:58,6,741,85,91.18,52.61,47.87,281.71,4
01-01-2024 05:59,1,986,87,81.51,28.5,158.59,603.04,1
01-01-2024 06:00,4,712,395,15.25,47.2,9.74,199.71,2
01-01-2024 06:01,10,182,120,37.19,80.35,190.23,586.92,1
01-01-2024 06:02,6,376,450,22.1,79.1,114,201.09,5
01-01-2024 06:03,6,234,340,90.69,64.57,191.07,517.44,5
01-01-2024 06:04,5,555,24,93.81,89.8,31.52,363.87,4
01-01-2024 06:05,1,695,375,29.97,81.99,83.57,643,4
01-01-2024 06:06,8,738,89,66.92,25.89,37.54,589.61,4
01-01-2024 06:07,5,583,37,81.54,44.94,195.59,749.68,2
01-01-2024 06:08,5,290,342,29.86,24.9,37.02,313.77,5
01-01-2024 06:09,7,638,383,25.95,49.96,187.05,608.38,5
01-01-2024 06:10,4,765,408,10.95,73.23,44.73,775.7,4
01-01-2024 06:11,6,565,271,45.02,26.68,283.29,282.32,5
01-01-2024 06:12,4,889,12,86.45,81.03,127.83,246.2,2
01-01-2024 06:13,3,214,494,86.75,57.68,42.34,619.86,3
01-01-2024 06:14,7,976,95,20.86,71.17,17.33,367.51,2
01-01-2024 06:15,8,982,491,27.37,18.39,102.18,330.95,1
01-01-2024 06:16,4,689,448,44.68,22.04,267.96,445.58,1
01-01-2024 06:17,2,606,31,76.35,61.56,47.43,749.71,4
01-01-2024 06:18,10,267,437,62.01,77.86,238.3,85.4,1
01-01-2024 06:19,3,796,350,53.68,80.54,128.12,383.23,4
01-01-2024 06:20,1,697,233,60.31,66.63,241.86,105.91,3
01-01-2024 06:21,8,729,340,18.18,30.07,262.92,709.2,2
01-01-2024 06:22,3,798,328,50.6,29.63,299.36,126.63,5
01-01-2024 06:23,10,654,300,94.33,81.1,25.12,89.97,1
01-01-2024 06:24,7,54,286,17.52,23.49,239.91,771.73,3
01-01-2024 06:25,10,717,35,54.14,66.46,25.56,459.41,2
01-01-2024 06:26,5,806,21,35.13,55.01,97.86,664.2,3
01-01-2024 06:27,10,921,111,55.89,46.61,195.64,386.8,2
01-01-2024 06:28,5,130,488,58.77,48.03,136.95,359.8,1
01-01-2024 06:29,7,296,319,59.09,85.89,171.75,731.06,4
01-01-2024 06:30,9,904,348,82.44,79.61,290.03,792.1,2
01-01-2024 06:31,5,542,487,43.13,79.87,246.5,502.45,2
01-01-2024 06:32,1,698,145,53.89,45.5,112.28,736.19,3
01-01-2024 06:33,10,435,12,10.93,23.02,181.98,692.92,1
01-01-2024 06:34,10,624,244,77.11,89.84,19.3,444.33,3
01-01-2024 06:35,1,356,498,32.06,25.9,138.6,754.06,4
01-01-2024 06:36,2,677,146,79.41,53.67,184.48,183.84,5
01-01-2024 06:37,6,674,239,32.58,34.85,215.84,710.18,3
01-01-2024 06:38,9,592,92,10.92,53.31,270.95,261.3,5
01-01-2024 06:39,8,56,316,23.16,37.87,88.5,43.8,3
01-01-2024 06:40,5,975,323,93.78,82.27,271.14,633.93,2
01-01-2024 06:41,1,564,115,37.18,87.63,200.15,745.41,4
01-01-2024 06:42,7,868,15,19.25,45.75,27.91,189.09,5
01-01-2024 06:43,5,804,272,20.09,20.26,117.2,436.59,5
01-01-2024 06:44,6,617,22,36.38,64.75,145.6,604.49,3
01-01-2024 06:45,7,122,118,13.2,43.25,108.98,278.67,4
01-01-2024 06:46,3,59,369,53.48,88.95,39.2,134.6,3
01-01-2024 06:47,10,622,95,28.17,21.7,167.72,325.95,5
01-01-2024 06:48,3,611,447,54.14,23.93,43.87,376.12,4
01-01-2024 06:49,5,171,415,21.96,67.46,274.93,598.93,3
01-01-2024 06:50,6,736,257,46.54,71.9,260.25,174.97,2
01-01-2024 06:51,9,562,331,60.82,50.33,145.19,655.79,4
01-01-2024 06:52,5,490,262,15.27,35.79,24.99,411.7,2
01-01-2024 06:53,1,87,87,43.89,38.24,167.9,725.03,4
01-01-2024 06:54,4,751,393,35.71,40.35,179.71,461.31,5
01-01-2024 06:55,5,640,436,30.43,31.9,267.08,368.55,4
01-01-2024 06:56,10,394,464,61.39,78.8,24.92,243.7,2
01-01-2024 06:57,10,387,318,60.03,19.88,209.17,102.87,3
01-01-2024 06:58,5,751,58,63.61,45.55,171.03,309.93,5
01-01-2024 06:59,7,233,230,23.51,71.07,56.56,342.63,2
01-01-2024 07:00,4,116,108,34.29,15.29,40.91,463.26,1
01-01-2024 07:01,1,66,19,27.82,80.85,209.72,690.68,4
01-01-2024 07:02,5,432,365,55.94,67.97,105.25,381.78,1
01-01-2024 07:03,7,417,141,49.19,20.5,299.98,265.14,2
01-01-2024 07:04,10,953,379,38.07,82.12,268.73,701.14,1
01-01-2024 07:05,10,365,160,76.81,51.55,171.89,592.46,2
01-01-2024 07:06,6,546,100,17.99,63.92,194.31,259.48,5
01-01-2024 07:07,5,857,265,92.87,81.15,51.87,150.22,3
01-01-2024 07:08,4,770,238,19.91,81.09,268.73,247,3
01-01-2024 07:09,2,394,238,75.71,45.66,140.39,116.44,4
01-01-2024 07:10,4,602,49,41.3,32.83,158.8,724.66,5
01-01-2024 07:11,10,957,165,83.55,34.31,262.57,497.15,1
01-01-2024 07:12,10,522,287,16.3,72.45,6.84,693.54,5
01-01-2024 07:13,3,164,415,41.85,84.71,150.83,659.88,1
01-01-2024 07:14,10,149,59,38.51,20.42,189.9,139.52,5
01-01-2024 07:15,1,934,183,94.42,16.13,52,365.54,3
01-01-2024 07:16,8,487,147,93.77,76.72,25.15,778.21,4
01-01-2024 07:17,5,394,447,26.13,44,162.81,202.36,3
01-01-2024 07:18,4,398,386,63.55,35.73,166.52,59.19,3
01-01-2024 07:19,8,188,301,55.52,29.13,102.42,289.89,5
01-01-2024 07:20,7,877,96,23.12,40.99,265.26,418.54,1
01-01-2024 07:21,2,373,43,24.26,87.86,93.82,63.58,5
01-01-2024 07:22,1,895,354,94.09,88.28,157.36,352.81,1
01-01-2024 07:23,4,351,257,48.48,39.86,60.08,217.66,2
01-01-2024 07:24,8,343,213,20.69,87.28,8.29,185.45,4
01-01-2024 07:25,2,578,189,28.26,37.49,130.68,225.85,1
01-01-2024 07:26,3,883,131,32.81,79.09,160.45,102.21,2
01-01-2024 07:27,1,341,347,53.43,30.9,230.58,79.79,4
01-01-2024 07:28,1,123,300,38.52,76.99,137.39,484.76,1
01-01-2024 07:29,3,824,391,48.68,41.53,87.23,759.31,3
01-01-2024 07:30,5,533,289,24.15,29.68,183.25,647.7,4
01-01-2024 07:31,3,65,137,37.77,85.11,117.45,670.44,4
01-01-2024 07:32,1,575,30,15.98,31.06,73.86,593.36,5
01-01-2024 07:33,1,385,146,85.63,89.39,273.55,765.67,4
01-01-2024 07:34,8,842,312,26.89,23.14,163.32,761.43,5
01-01-2024 07:35,10,922,474,74.34,15.75,64.14,627.08,2
01-01-2024 07:36,2,565,468,39.71,80.31,202.92,578.44,4
01-01-2024 07:37,3,974,486,50.32,59,241.91,258.12,1
01-01-2024 07:38,2,176,105,34.76,46.62,228.77,91.11,4
01-01-2024 07:39,3,873,287,69.2,21.15,181.86,92.44,4
01-01-2024 07:40,7,567,456,81.79,58.12,158.29,594.28,1
01-01-2024 07:41,1,178,191,34.33,44.53,234.31,42.13,4
01-01-2024 07:42,10,560,471,30.59,51.27,213.9,656.8,5
01-01-2024 07:43,8,472,178,67.92,62.28,173.59,305.85,1
01-01-2024 07:44,10,434,345,26.59,63,199.03,169.82,3
01-01-2024 07:45,10,932,239,64.39,87.04,54.74,337.92,4
01-01-2024 07:46,10,281,1,18.03,64.13,10.88,568.55,4
01-01-2024 07:47,2,874,110,62.71,40.46,279.69,234.59,5
01-01-2024 07:48,3,244,338,53.64,39.72,280.91,155.42,1
01-01-2024 07:49,9,114,275,19.68,50.79,237.45,595.55,4
01-01-2024 07:50,7,882,371,65.17,34.45,114.83,706.93,5
01-01-2024 07:51,4,664,382,47.96,43.23,49.47,476.72,3
01-01-2024 07:52,10,326,234,28.45,78.16,110.41,428.61,3
01-01-2024 07:53,5,719,64,40.04,79.48,219.24,608.8,5
01-01-2024 07:54,2,273,244,51.83,62.08,103.88,591.46,1
01-01-2024 07:55,8,850,53,17.78,58.71,239.79,24.9,4
01-01-2024 07:56,4,993,262,91.4,47.03,203.54,239.84,5
01-01-2024 07:57,9,327,17,66.57,62.69,190.84,746.97,5
01-01-2024 07:58,5,743,302,18.72,75.45,279.42,768.96,5
01-01-2024 07:59,9,415,493,79.94,70.34,268.56,418.02,2
01-01-2024 08:00,4,565,456,37.42,17.66,214.94,456.87,3
01-01-2024 08:01,10,264,374,60.73,69.83,63.78,20.51,2
01-01-2024 08:02,5,488,234,33.56,69,281.98,544.43,5
01-01-2024 08:03,9,477,73,72.34,22.42,72,185.7,3
01-01-2024 08:04,8,778,357,71.46,26.27,114.91,119.77,4
01-01-2024 08:05,3,445,439,56.92,74.09,248.9,257.65,4
01-01-2024 08:06,1,258,91,30.48,56.92,66.55,538.62,2
01-01-2024 08:07,3,550,484,31.56,76.62,193.39,360.34,2
01-01-2024 08:08,4,512,6,42.54,28.86,140.06,292.27,3
01-01-2024 08:09,2,635,198,22.33,17.3,189.09,586.91,4
01-01-2024 08:10,1,276,365,38.7,27.15,287.62,654.7,2
01-01-2024 08:11,7,424,196,68.17,48.94,243.47,697.98,5
01-01-2024 08:12,8,549,470,80.62,54.25,92.27,366.91,5
01-01-2024 08:13,7,997,296,38.27,79.33,21.9,579.91,2
01-01-2024 08:14,5,142,347,29.86,68.72,290.28,710.47,1
01-01-2024 08:15,1,509,485,80.77,89.28,177.63,728.95,2
01-01-2024 08:16,7,626,322,85.71,20.9,56.07,403.85,1
01-01-2024 08:17,7,370,137,44.85,24.77,190,297.15,4
01-01-2024 08:18,9,59,267,12.29,21.33,17.45,722.15,2
01-01-2024 08:19,3,963,404,69.07,55.38,60.32,223.92,4
01-01-2024 08:20,9,352,116,76.64,35.01,191.63,641.54,2
01-01-2024 08:21,1,371,43,11.53,66.27,123.73,728.75,2
01-01-2024 08:22,1,866,231,60.58,24.95,100.9,596.98,5
01-01-2024 08:23,4,505,58,60.01,22.74,198.37,550.29,5
01-01-2024 08:24,9,327,206,42.19,49.51,260.59,59.53,1
01-01-2024 08:25,6,647,410,73.73,43.19,205.18,178.71,4
01-01-2024 08:26,3,587,294,46.4,77.19,141.71,539.92,3
01-01-2024 08:27,1,779,94,67.53,77.82,199.36,632.45,1
01-01-2024 08:28,4,442,36,53.95,23.81,210.22,69.44,2
01-01-2024 08:29,9,966,230,31.12,75.92,233.64,34.87,2
01-01-2024 08:30,3,144,227,61.55,57.31,95.58,262.98,5
01-01-2024 08:31,9,805,183,72.64,52.77,38.76,523.06,1
01-01-2024 08:32,7,156,262,92.78,22.11,206.15,419.39,2
01-01-2024 08:33,4,439,131,42.31,70.47,40.72,26.52,4
01-01-2024 08:34,3,809,65,15.48,19.47,141.29,138.26,3
01-01-2024 08:35,10,575,380,93.98,35.83,73.06,606.72,3
01-01-2024 08:36,5,722,448,63.02,22.16,102.96,252.18,4
01-01-2024 08:37,5,120,186,90.45,54.81,143.83,111.41,1
01-01-2024 08:38,3,713,117,18.83,63.39,269.37,59.67,1
01-01-2024 08:39,9,636,186,39.07,81.81,205.72,683.34,3
01-01-2024 08:40,4,425,274,21.38,70.04,55.63,387.9,3
01-01-2024 08:41,5,776,151,81.02,87.08,264.44,412.87,4
01-01-2024 08:42,4,417,352,84.83,72.07,152.66,67.85,3
01-01-2024 08:43,5,100,413,52.61,37.36,65.25,401.09,4
01-01-2024 08:44,7,947,151,25.86,56.07,160.59,523.7,4
01-01-2024 08:45,9,192,384,20.81,49.35,61.32,115.78,5
01-01-2024 08:46,7,468,36,59.99,57.45,113.36,723.96,5
01-01-2024 08:47,5,597,326,53.04,57.91,242.63,631.01,2
01-01-2024 08:48,10,549,465,69.06,67.66,199.29,645.47,4
01-01-2024 08:49,10,935,466,35.94,21.23,145.99,438.5,4
01-01-2024 08:50,7,216,95,44.2,71.01,71.8,280.46,2
01-01-2024 08:51,10,797,134,11.82,25.78,88.24,519.55,5
01-01-2024 08:52,5,309,162,61.86,16.97,293.58,195.79,4
01-01-2024 08:53,3,241,44,45.97,53.92,106.17,126.77,1
01-01-2024 08:54,7,251,300,88.18,58.61,186.76,439.9,3
01-01-2024 08:55,2,823,283,64.55,17.61,152.43,393.33,3
01-01-2024 08:56,9,234,356,43.89,53.65,11.82,137.22,2
01-01-2024 08:57,10,207,240,32.41,55.09,283.68,433.72,5
01-01-2024 08:58,10,807,52,86.95,18.94,30.94,446.25,3
01-01-2024 08:59,1,671,426,11.38,68.37,199.32,699.78,2
01-01-2024 09:00,6,148,281,37.79,30.77,244.25,612.18,2
01-01-2024 09:01,7,290,74,90.2,74.58,225.88,189.7,5
01-01-2024 09:02,8,540,295,65.59,38.31,243.73,657.99,5
01-01-2024 09:03,10,251,238,55.28,50.84,223.22,775.83,1
01-01-2024 09:04,9,683,167,27.3,81.89,136.44,578.96,2
01-01-2024 09:05,2,558,140,80.84,75.46,269.4,633.86,2
01-01-2024 09:06,10,678,139,27.36,73.64,274.17,227.82,1
01-01-2024 09:07,2,145,369,31.1,27.03,133.9,793.68,4
01-01-2024 09:08,5,795,235,26.31,18.61,148.01,157.59,5
01-01-2024 09:09,5,539,3,23.44,60.43,148.27,605.67,1
01-01-2024 09:10,6,628,256,91.03,45.8,87.28,328.27,3
01-01-2024 09:11,3,937,371,61.17,83.18,38.91,298.36,2
01-01-2024 09:12,8,267,278,64.22,41.22,82.28,242.42,2
01-01-2024 09:13,1,576,4,91.12,45.79,254.01,364.03,5
01-01-2024 09:14,6,322,392,29.6,54.45,165.2,636.88,4
01-01-2024 09:15,4,268,270,10.5,74.73,255.81,753.96,4
01-01-2024 09:16,1,835,212,60.91,35.12,224.82,344.67,5
01-01-2024 09:17,7,932,216,53.17,85.64,107.84,528.3,5
01-01-2024 09:18,9,708,270,50.6,55.49,59.67,634.81,4
01-01-2024 09:19,4,381,476,15.26,78.07,172.33,97.79,5
01-01-2024 09:20,4,905,16,48.63,54.42,281.08,769.22,4
01-01-2024 09:21,6,502,416,34.44,72.9,252.63,185.07,1
01-01-2024 09:22,3,201,64,33.34,18.86,230.33,733.76,2
01-01-2024 09:23,6,396,239,28.9,74.94,230.43,789.55,5
01-01-2024 09:24,7,865,460,38.26,54.3,160.69,98.32,3
01-01-2024 09:25,10,463,16,40.02,48.71,55.01,716.34,3
01-01-2024 09:26,10,576,52,36.25,23.37,89.24,519.91,3
01-01-2024 09:27,3,480,19,93.19,70.62,175.48,657.98,4
01-01-2024 09:28,7,428,325,89.28,24.84,98.32,105.1,1
01-01-2024 09:29,3,944,396,58.83,29.42,235.56,670.72,1
01-01-2024 09:30,2,477,93,93.39,24.48,115.1,508.31,5
01-01-2024 09:31,10,915,261,94.25,15.49,38.6,418.28,1
01-01-2024 09:32,4,972,298,40.25,64.64,235.85,456.83,3
01-01-2024 09:33,8,133,17,47.84,35.31,210.95,600.68,1
01-01-2024 09:34,9,241,111,91.52,26.21,79.68,252.16,5
01-01-2024 09:35,7,90,328,61.73,39,294.43,755.91,2
01-01-2024 09:36,1,913,360,28.1,52.43,123.94,259.96,3
01-01-2024 09:37,3,885,488,68.6,52.76,205.74,704.12,4
01-01-2024 09:38,9,822,94,27.49,42.54,273.58,29.45,3
01-01-2024 09:39,1,358,10,38.85,52.12,51.02,734.85,5
01-01-2024 09:40,9,427,212,29.34,47.05,264.31,684.23,3
01-01-2024 09:41,8,185,237,30.82,76.7,212.65,116.86,1
01-01-2024 09:42,1,839,254,10.4,17.22,54.43,594.8,5
01-01-2024 09:43,6,155,16,84.86,80.1,201.03,311.81,5
01-01-2024 09:44,5,568,489,35.16,33.29,263,394.23,2
01-01-2024 09:45,6,967,144,17.34,69.13,240.71,73.5,3
01-01-2024 09:46,10,863,42,17.39,45.38,229.38,185.81,3
01-01-2024 09:47,5,591,3,57.26,37.07,52.59,763.84,3
01-01-2024 09:48,6,175,407,94.4,61.15,61.23,346,5
01-01-2024 09:49,5,406,470,22.33,72.67,166.58,40.3,1
01-01-2024 09:50,5,449,377,18.47,48.75,176.14,421.76,2
01-01-2024 09:51,4,128,156,47.26,49.99,283.37,795.87,2
01-01-2024 09:52,3,438,494,57.88,19.41,143.26,279.6,4
01-01-2024 09:53,3,628,173,35.02,84.3,94.24,130.15,2
01-01-2024 09:54,4,584,484,35.71,78.52,61.28,521.97,3
01-01-2024 09:55,9,750,452,46.08,44.85,20.98,737.46,4
01-01-2024 09:56,2,123,486,36.7,72.37,25.25,690.14,4
01-01-2024 09:57,9,54,24,87.8,38.5,174.38,532.45,1
01-01-2024 09:58,1,968,275,13.57,69.78,57,163.64,2
01-01-2024 09:59,1,512,75,29.94,53.75,256.23,631.8,2
01-01-2024 10:00,5,131,40,78.73,49.56,180.96,662.11,3
01-01-2024 10:01,6,586,302,80.89,19.24,260.14,682.65,1
01-01-2024 10:02,6,825,40,19.48,87.41,131.1,335.07,5
01-01-2024 10:03,3,454,62,92.77,77.81,180.75,338.91,5
01-01-2024 10:04,7,563,238,68.94,74.5,160,141.02,5
01-01-2024 10:05,9,327,487,33.17,37.87,296.07,622.7,4
01-01-2024 10:06,10,889,245,48.76,36.72,240.06,595.04,5
01-01-2024 10:07,8,904,18,35.26,57.99,180.64,97.8,3
01-01-2024 10:08,6,273,140,22.75,78.47,183.94,35.7,5
01-01-2024 10:09,8,633,398,34.75,85.1,78.4,762.34,2
01-01-2024 10:10,5,117,495,59.31,35.17,221.75,33.47,1
01-01-2024 10:11,8,369,82,80.21,60.56,294.94,510.31,1
01-01-2024 10:12,10,655,189,40.9,69.29,43.18,373.84,2
01-01-2024 10:13,4,68,108,39.57,31.98,192.99,626.38,1
01-01-2024 10:14,10,689,234,49.78,45.56,157.77,88.43,1
01-01-2024 10:15,8,392,268,64.79,29.06,255.87,552.25,2
01-01-2024 10:16,10,643,104,73.89,67.42,5.01,499.66,3
01-01-2024 10:17,2,815,411,37.78,79.78,45.29,685.8,4
01-01-2024 10:18,5,998,134,59.84,80.82,15.94,424.47,5
01-01-2024 10:19,9,782,344,43.1,65.26,53.07,588.07,2
01-01-2024 10:20,4,392,371,70.89,41.04,213.84,361.31,2
01-01-2024 10:21,6,146,33,24,64.58,46.2,787.5,1
01-01-2024 10:22,1,101,237,31.84,79.82,188.59,456.34,5
01-01-2024 10:23,9,224,374,46.22,61.94,261.12,607.76,4
01-01-2024 10:24,1,387,336,85.6,45.97,15.21,92.49,4
01-01-2024 10:25,5,743,178,58.73,83.99,12.9,380.95,2
01-01-2024 10:26,4,989,12,92.06,77.64,297.01,70.26,3
01-01-2024 10:27,3,402,351,18.78,81.18,203.62,114.93,3
01-01-2024 10:28,6,440,441,49.11,82.74,46.51,414.79,2
01-01-2024 10:29,2,164,229,45.62,44.54,95.47,294.8,3
01-01-2024 10:30,3,397,309,61.02,79.47,295.58,378.66,5
01-01-2024 10:31,5,50,269,79.02,57.78,72.03,406.99,3
01-01-2024 10:32,9,112,378,81.52,17.86,227.08,144.61,5
01-01-2024 10:33,2,809,456,66.97,62.69,76.15,305.35,3
01-01-2024 10:34,10,792,358,64.53,50.3,122.55,691.27,4
01-01-2024 10:35,8,275,131,90.67,35.64,264.81,688.16,2
01-01-2024 10:36,2,472,249,42.61,87.78,13.39,402.68,5
01-01-2024 10:37,5,68,448,80.79,19.13,95.63,604.33,4
01-01-2024 10:38,7,80,468,88.33,85.94,148.72,607.77,2
01-01-2024 10:39,8,894,58,51.78,26.95,189.52,54.4,4
01-01-2024 10:40,1,682,4,71.97,43.27,13.33,496.5,5
01-01-2024 10:41,6,73,236,42.05,46.29,126.15,647.53,3
01-01-2024 10:42,1,886,173,23.5,69.83,106.56,483.3,2
01-01-2024 10:43,2,260,322,59.85,31.17,12.93,442.41,4
01-01-2024 10:44,1,210,371,26.7,88.96,109.83,434.35,3
01-01-2024 10:45,5,304,36,48.9,71.18,279.85,416.2,1
01-01-2024 10:46,10,620,279,84.19,74.25,86.02,627.08,5
01-01-2024 10:47,9,163,237,17.31,22.98,177.75,521.1,5
01-01-2024 10:48,6,553,275,12.59,50.72,92.94,188.09,3
01-01-2024 10:49,1,978,296,61.55,85.92,36.47,358.01,3
01-01-2024 10:50,1,721,328,38.14,35.25,90.47,432.33,2
01-01-2024 10:51,2,269,400,45.52,25.9,143.87,346.78,4
01-01-2024 10:52,9,406,58,44.49,51.4,92.38,205.31,1
01-01-2024 10:53,3,218,363,17.36,84.78,189.13,117.3,2
01-01-2024 10:54,1,573,18,10.3,51.51,284.98,111.5,2
01-01-2024 10:55,5,291,36,86.37,45.36,25.44,251.1,1
01-01-2024 10:56,7,424,408,28.51,63.77,216.52,334.07,5
01-01-2024 10:57,6,188,129,46.22,85.27,5.37,552.64,2
01-01-2024 10:58,1,146,1,92.61,18.68,5.3,788.24,5
01-01-2024 10:59,5,196,64,80.27,26.5,44.21,719.94,4
01-01-2024 11:00,5,231,62,19.17,24.96,146.58,654.68,3
01-01-2024 11:01,6,106,366,53.22,21.4,19.16,654.71,4
01-01-2024 11:02,3,91,420,72.06,37.66,218.03,484.93,3
01-01-2024 11:03,5,915,331,69.36,32.2,13.64,217.15,2
01-01-2024 11:04,7,760,146,74.67,56.15,151.15,388.11,3
01-01-2024 11:05,5,592,272,48.88,39.55,204.45,131.19,1
01-01-2024 11:06,5,741,17,24.95,45.39,75.08,461.82,1
01-01-2024 11:07,5,51,280,49.51,85.64,175.89,37.94,4
01-01-2024 11:08,10,983,98,65.07,26.67,82.23,167.78,1
01-01-2024 11:09,10,337,452,61.73,44.13,68.16,575.59,4
01-01-2024 11:10,3,187,227,15.99,34.28,246.42,235.98,5
01-01-2024 11:11,1,666,463,15.52,56.19,103.21,347.57,5
01-01-2024 11:12,5,561,386,92.05,70.23,245.12,669.01,4
01-01-2024 11:13,9,953,243,22.9,76.27,68.99,54.76,4
01-01-2024 11:14,1,779,479,35.03,53.65,109.98,37.73,4
01-01-2024 11:15,3,271,201,75.25,79.12,35.28,198.61,3
01-01-2024 11:16,4,380,394,44.82,73.88,151.47,553.87,1
01-01-2024 11:17,1,666,437,25.42,26.78,117.57,204.17,3
01-01-2024 11:18,1,453,473,49.71,33.41,6.76,693.68,3
01-01-2024 11:19,8,557,179,58.36,65.38,142.13,294.44,3
01-01-2024 11:20,2,965,453,48.49,88.11,26.95,241.14,5
01-01-2024 11:21,8,176,270,88.11,43.21,251.9,201.67,5
01-01-2024 11:22,7,314,234,34.2,32.24,150.64,467.7,3
01-01-2024 11:23,10,761,112,66.21,80.18,208.56,687.92,2
01-01-2024 11:24,10,813,486,19.55,29.97,247.24,336.73,3
01-01-2024 11:25,2,64,488,43.34,67.31,20.1,216.96,2
01-01-2024 11:26,6,275,66,72.98,17.57,104.47,348.28,2
01-01-2024 11:27,6,914,338,29.11,16.42,12.41,725.74,1
01-01-2024 11:28,3,154,349,60.13,48.87,19.64,280.94,4
01-01-2024 11:29,2,794,437,23.04,64.24,16.16,531.48,3
01-01-2024 11:30,1,542,245,18.73,25.68,145.98,277.2,3
01-01-2024 11:31,6,368,245,54.47,72.29,137.95,546.31,3
01-01-2024 11:32,5,268,468,67.38,24.66,23.07,707.19,4
01-01-2024 11:33,9,326,448,19.64,55.03,82.4,486.88,2
01-01-2024 11:34,1,822,72,88.01,38.12,77.12,759,3
01-01-2024 11:35,7,942,357,29.19,71.42,92.5,489.18,3
01-01-2024 11:36,5,980,49,20.2,75.31,194.02,780.4,4
01-01-2024 11:37,5,390,496,27.23,19.96,210.63,584.51,5
01-01-2024 11:38,2,501,346,24.41,29.45,105.03,529.17,4
01-01-2024 11:39,3,418,190,17.71,81.95,237.53,667.27,4
01-01-2024 11:40,7,993,293,77.82,46.17,128.27,28.65,5
01-01-2024 11:41,6,897,177,52.12,50.76,159.11,220.65,1
01-01-2024 11:42,2,523,452,43.02,27.6,47.94,188.55,4
01-01-2024 11:43,6,239,161,90.8,89.62,73.7,106.5,4
01-01-2024 11:44,2,933,150,41.54,84.23,219.63,751.47,3
01-01-2024 11:45,2,468,70,24.19,15.15,293.23,122.18,2
01-01-2024 11:46,2,759,33,33.29,56.31,212.87,225.01,2
01-01-2024 11:47,3,914,284,30.31,80.42,20.99,281.43,4
01-01-2024 11:48,2,838,344,52.39,47.29,47.15,507.21,2
01-01-2024 11:49,4,897,260,34.78,47.76,136.5,618.62,3
01-01-2024 11:50,9,544,322,53.87,43.45,221.11,491.65,4
01-01-2024 11:51,6,88,77,66.89,17.16,53.95,604.18,4
01-01-2024 11:52,1,211,110,76.07,74.27,226.49,333.66,4
01-01-2024 11:53,8,170,305,70.36,49.26,168.97,796.71,3
01-01-2024 11:54,7,941,384,27.48,54.83,233.49,152.67,2
01-01-2024 11:55,10,448,139,19.85,34.18,169.5,331.81,4
01-01-2024 11:56,3,311,35,56.11,73.81,182.74,669.1,5
01-01-2024 11:57,1,777,423,26.91,74.53,78.38,212.47,4
01-01-2024 11:58,5,873,394,17.22,56.47,217.46,605.66,2
01-01-2024 11:59,4,610,235,54.8,82.85,253.98,304.14,1
01-01-2024 12:00,10,653,330,37.78,23.69,262.03,158.53,1
01-01-2024 12:01,8,178,200,74.27,74,13.69,334.61,1
01-01-2024 12:02,1,882,325,36.71,56.89,189.26,632.14,5
01-01-2024 12:03,10,589,151,93.19,32.33,296.91,107.33,1
01-01-2024 12:04,1,405,34,74.47,24.92,178.14,422.56,3
01-01-2024 12:05,4,709,124,14.9,37.58,55.52,598.26,3
01-01-2024 12:06,8,481,367,53.25,79.22,263.89,606.23,1
01-01-2024 12:07,5,889,32,57.82,74.07,82.97,323.88,1
01-01-2024 12:08,2,114,272,69.1,63.38,18.28,383.82,2
01-01-2024 12:09,6,267,324,52.31,21.77,132,688.28,3
01-01-2024 12:10,5,612,310,51.09,86.61,34.58,182.53,2
01-01-2024 12:11,2,476,124,41.27,37.91,39,794.22,2
01-01-2024 12:12,3,866,412,33.07,60.52,141.67,347,1
01-01-2024 12:13,9,970,368,90.43,75.23,185.74,234.85,2
01-01-2024 12:14,7,123,492,37,24.96,272.09,22.03,1
01-01-2024 12:15,7,509,316,15.39,63.91,213.05,117.52,1
01-01-2024 12:16,6,474,78,24.22,17.42,253.57,610.08,4
01-01-2024 12:17,8,760,76,82.87,22.63,126.48,526.4,3
01-01-2024 12:18,4,241,60,59.86,69.24,98.98,212.27,5
01-01-2024 12:19,8,238,85,76.2,26.63,179.89,743.06,3
01-01-2024 12:20,4,61,368,78.75,48.26,210.17,671.84,5
01-01-2024 12:21,8,288,80,79.98,33.62,172.63,230.03,4
01-01-2024 12:22,9,921,374,56.8,46.59,83.03,277.47,4
01-01-2024 12:23,3,642,172,25.06,20.79,114.07,164.11,3
01-01-2024 12:24,3,502,258,22.6,71.62,137.25,521.2,4
01-01-2024 12:25,2,432,279,58.79,20.93,9.17,566.89,4
01-01-2024 12:26,10,831,221,41.15,77.84,264.55,328.79,1
01-01-2024 12:27,3,851,46,57.43,64.7,155.87,594.98,4
01-01-2024 12:28,3,97,491,52.37,46.24,226.55,793.42,2
01-01-2024 12:29,5,366,73,61.19,79.99,55.71,497.32,4
01-01-2024 12:30,5,258,54,12.73,28.96,169.21,526.44,5
01-01-2024 12:31,2,596,327,12.79,34.84,278.21,311.6,3
01-01-2024 12:32,10,168,221,71.34,25.28,68.21,28.26,5
01-01-2024 12:33,6,626,492,26.42,43.62,107.03,764.06,1
01-01-2024 12:34,5,364,381,65.44,89,119.56,622.43,4
01-01-2024 12:35,6,803,337,56.46,27.08,118.07,562.54,2
01-01-2024 12:36,1,85,9,93.45,77.32,182.18,43.25,1
01-01-2024 12:37,5,512,326,81.01,63.89,121.16,612.03,3
01-01-2024 12:38,9,813,172,45.12,16.19,203.85,542.67,4
01-01-2024 12:39,10,964,84,62.4,85.87,147.95,463.75,3
01-01-2024 12:40,2,804,330,19.97,87.83,51.5,506.41,1
01-01-2024 12:41,1,603,329,42.84,84.37,284.83,736.33,2
01-01-2024 12:42,10,630,12,72.38,52.63,75.66,25.22,3
01-01-2024 12:43,9,452,481,62.93,31.53,170.93,142.44,4
01-01-2024 12:44,10,156,32,51.18,44.34,22.9,717.91,5
01-01-2024 12:45,9,88,418,25,61.06,275.99,26.4,5
01-01-2024 12:46,9,630,339,78.27,43.41,278.76,724.84,3
01-01-2024 12:47,6,229,289,33.22,68.11,112.54,43.11,2
01-01-2024 12:48,8,61,320,79.74,74.67,40.69,627.88,1
01-01-2024 12:49,1,388,304,61.99,30.7,232.15,714.92,4
01-01-2024 12:50,10,992,272,41.68,45.37,82.36,497.77,3
01-01-2024 12:51,4,765,178,13.45,86.83,211.68,520.32,4
01-01-2024 12:52,1,597,114,29.76,33.74,274.97,59.44,2
01-01-2024 12:53,8,175,407,85.57,40.98,179.12,184.5,5
01-01-2024 12:54,1,112,26,79.53,17.67,259.07,721.59,1
01-01-2024 12:55,3,893,237,58.86,39.93,71.27,662.5,5
01-01-2024 12:56,4,131,310,49.64,42.82,273.58,66.45,1
01-01-2024 12:57,8,868,172,65.01,22.49,71.86,654.13,5
01-01-2024 12:58,6,348,233,49.63,15.11,71.61,350.32,3
01-01-2024 12:59,10,83,37,64.77,58.16,264.56,457.36,2
01-01-2024 13:00,7,801,265,36.13,37.61,168.7,104.56,5
01-01-2024 13:01,8,658,478,81.27,16.34,240.84,330.94,2
01-01-2024 13:02,2,98,13,69.66,79.5,241.73,359.23,5
01-01-2024 13:03,10,707,496,38.05,58.83,195.85,542.2,4
01-01-2024 13:04,8,686,316,80.61,27.84,60.78,532.88,5
01-01-2024 13:05,3,750,106,51.42,79.89,209.17,448.12,1
01-01-2024 13:06,7,106,126,24.84,34.02,23.77,44.53,4
01-01-2024 13:07,3,910,336,16.61,32.06,64.2,145.97,3
01-01-2024 13:08,7,158,494,69.47,82.1,194.66,145.01,3
01-01-2024 13:09,2,566,384,83.54,28.46,272.8,712.43,3
01-01-2024 13:10,10,73,130,78.63,80.92,232.65,723.33,2
01-01-2024 13:11,6,270,479,65.73,75.22,103.08,649.07,3
01-01-2024 13:12,3,364,316,22.02,38.23,247.99,156.41,5
01-01-2024 13:13,3,343,256,17.99,17.58,290.15,675.32,4
01-01-2024 13:14,9,978,441,39.33,21.19,102.93,166.32,1
01-01-2024 13:15,7,59,115,82.67,23.21,60.11,452.61,3
01-01-2024 13:16,5,726,299,91.75,81.81,63.27,592.42,1
01-01-2024 13:17,10,530,403,30.52,45.3,123.1,60.22,2
01-01-2024 13:18,7,776,124,74.78,17.44,20.44,486.38,2
01-01-2024 13:19,9,687,256,58.78,56.74,148.89,215.88,1
01-01-2024 13:20,1,316,139,12.7,30.6,221.03,408.33,5
01-01-2024 13:21,7,841,206,56.15,32.63,161.49,319.44,1
01-01-2024 13:22,6,137,47,78.5,27.06,291.16,555.53,4
01-01-2024 13:23,10,504,217,33.47,72.15,141.2,401.57,3
01-01-2024 13:24,9,675,319,86.28,15.05,8.91,255.27,5
01-01-2024 13:25,1,582,391,30.08,47.92,143.69,730.08,1
01-01-2024 13:26,4,197,463,16.5,21.52,279.32,768.06,4
01-01-2024 13:27,9,806,350,23.59,56.43,33.28,645.49,1
01-01-2024 13:28,4,827,123,81.15,40.95,70.78,472.98,3
01-01-2024 13:29,10,778,31,45.47,17.13,216.09,709.83,2
01-01-2024 13:30,3,480,472,77.74,49.57,91.76,489.31,1
01-01-2024 13:31,9,801,55,55.15,57.79,230.75,136.09,4
01-01-2024 13:32,2,992,153,50.85,33.57,128.7,33.59,1
01-01-2024 13:33,4,960,456,78.59,72.41,239.84,586.21,3
01-01-2024 13:34,6,989,286,46,42.83,167.7,606.94,4
01-01-2024 13:35,2,793,36,78.17,71.2,29.33,742.14,2
01-01-2024 13:36,8,793,306,18.56,58.43,118.91,662.91,3
01-01-2024 13:37,8,291,398,64.09,80.19,103.31,518.87,1
01-01-2024 13:38,1,751,285,69.72,56.02,243.97,168.44,5
01-01-2024 13:39,3,951,411,86.42,28.92,189.34,483.36,1
01-01-2024 13:40,10,790,373,29.07,76.69,234.33,359.05,2
01-01-2024 13:41,9,115,256,61.36,73.73,114.78,201.04,1
01-01-2024 13:42,5,427,178,46.83,87.93,209.06,643.32,5
01-01-2024 13:43,6,437,36,42.54,22.02,24.24,136.65,2
01-01-2024 13:44,4,840,254,19.07,59.34,15.83,511.66,2
01-01-2024 13:45,10,830,162,21.41,51.88,89.8,496.39,1
01-01-2024 13:46,2,258,21,81.14,65.32,233.24,256.82,3
01-01-2024 13:47,8,464,294,73.73,88.51,162.56,354.81,2
01-01-2024 13:48,6,65,75,42.5,54.92,125.6,110.93,4
01-01-2024 13:49,5,346,481,80.42,66.43,269.51,39.92,2
01-01-2024 13:50,9,269,207,16.87,41.04,151.72,30.15,4
01-01-2024 13:51,1,818,460,63.11,37.42,185.95,155.97,3
01-01-2024 13:52,5,416,472,83.79,40.15,295.82,696.24,5
01-01-2024 13:53,6,829,178,81.3,17.9,159.11,427.63,4
01-01-2024 13:54,5,278,382,41.69,36.36,236.13,111.35,4
01-01-2024 13:55,6,680,37,73.34,27.97,127.08,726.29,5
01-01-2024 13:56,6,489,459,46.33,49.31,15.72,463.73,2
01-01-2024 13:57,7,739,120,81.41,49.56,251.17,41.75,4
01-01-2024 13:58,4,581,403,55.11,72.39,283.6,614.93,4
01-01-2024 13:59,8,499,118,75.01,52.67,133.14,389.28,5
01-01-2024 14:00,7,85,1,16.68,49.73,153.57,435.63,2
01-01-2024 14:01,9,896,209,60.15,32.37,130.12,498.32,1
01-01-2024 14:02,7,471,424,56.77,78.94,299.09,93.67,4
01-01-2024 14:03,3,967,311,61.85,21.83,271.49,759.24,3
01-01-2024 14:04,3,669,208,69.13,88.67,17.12,219.21,5
01-01-2024 14:05,8,238,154,88.04,50.71,234.81,505.03,4
01-01-2024 14:06,5,227,250,76.78,28.95,182.25,687.34,2
01-01-2024 14:07,4,657,171,28.67,41.57,12.42,278.9,3
01-01-2024 14:08,8,364,315,80.2,16.15,136.19,509.49,1
01-01-2024 14:09,6,69,307,20.38,27.49,49.16,791.32,3
01-01-2024 14:10,2,725,107,62.89,40.15,262.55,684.4,4
01-01-2024 14:11,4,431,143,85.03,56.58,8.75,627.84,3
01-01-2024 14:12,4,658,8,18.6,24.71,262.57,362.65,1
01-01-2024 14:13,6,192,94,82.22,65.7,282.55,371.99,2
01-01-2024 14:14,6,111,398,77.88,78.32,26.53,398.72,1
01-01-2024 14:15,1,291,97,52.82,57.93,217.35,558.54,1
01-01-2024 14:16,8,287,490,36.26,37.27,166.92,132.58,5
01-01-2024 14:17,6,180,7,44.46,24.1,286.51,691.6,5
01-01-2024 14:18,3,654,274,92.34,16.17,240.45,34.1,1
01-01-2024 14:19,9,652,12,27.14,69.89,209.85,152.59,3
01-01-2024 14:20,2,694,2,59.27,62.14,278.03,395.82,3
01-01-2024 14:21,8,172,434,17.08,50.72,52.3,216.65,1
01-01-2024 14:22,10,489,349,28.52,22.65,115.91,305.15,3
01-01-2024 14:23,3,976,405,74.88,30.53,253.67,279.41,2
01-01-2024 14:24,5,391,7,35.72,76.14,34.97,229.79,3
01-01-2024 14:25,6,468,475,93.79,50.99,280.96,316.62,3
01-01-2024 14:26,10,679,12,52.57,87.21,224.82,414.12,1
01-01-2024 14:27,6,504,340,53.91,90,134.6,391.56,3
01-01-2024 14:28,4,247,57,13.09,75.05,104.92,653.3,3
01-01-2024 14:29,3,331,78,91.3,34.36,48.54,260.35,5
01-01-2024 14:30,4,935,74,24.81,32.33,32.63,239.89,5
01-01-2024 14:31,1,50,233,55.76,34.02,129.96,413.47,3
01-01-2024 14:32,4,772,279,43.63,89.01,253.71,57.39,3
01-01-2024 14:33,1,824,30,45.32,40.15,161.9,107.21,1
01-01-2024 14:34,1,981,367,64.68,67.98,138.09,646.41,2
01-01-2024 14:35,10,381,314,66.28,86.93,99.12,405.09,5
01-01-2024 14:36,6,261,95,23.11,76.47,51.3,71.9,4
01-01-2024 14:37,5,136,308,52.46,59.82,297.08,363.5,3
01-01-2024 14:38,4,714,56,77.19,27.67,12.59,330.65,4
01-01-2024 14:39,3,911,10,47.68,28.12,96.99,211.98,1
01-01-2024 14:40,1,748,403,24.09,51.93,231.97,310.24,4
01-01-2024 14:41,6,110,147,36.62,86.4,158.56,166.92,2
01-01-2024 14:42,2,846,364,28.05,82.84,97.59,370.27,2
01-01-2024 14:43,8,144,87,20.69,27.46,297.86,338.65,1
01-01-2024 14:44,10,835,253,42.09,36.58,187.66,493.85,5
01-01-2024 14:45,5,602,187,55.98,59.16,92.07,754.84,3
01-01-2024 14:46,7,196,428,16.18,50.81,255.15,164.66,4
01-01-2024 14:47,10,295,233,61.32,23.95,49.3,345.6,1
01-01-2024 14:48,2,693,253,94.41,42.7,141.75,458.53,2
01-01-2024 14:49,8,346,443,91.95,86.6,252.68,446.65,2
01-01-2024 14:50,2,172,224,80.48,86.36,295.18,535.85,1
01-01-2024 14:51,4,704,340,32.64,56.96,118,228.99,1
01-01-2024 14:52,1,743,4,11.9,62.64,45.74,514.95,1
01-01-2024 14:53,5,753,353,80.85,31.64,172.24,176.91,4
01-01-2024 14:54,9,505,112,14.74,70.65,283.48,117.86,2
01-01-2024 14:55,1,448,193,27.48,18.94,201.36,668.68,1
01-01-2024 14:56,9,768,141,56.28,31.55,182.64,389.52,3
01-01-2024 14:57,8,995,323,25.16,15.44,96.24,329.88,1
01-01-2024 14:58,6,280,140,80.87,43.93,183.87,744.24,1
01-01-2024 14:59,7,583,349,76.06,78.77,265.98,573.61,4
01-01-2024 15:00,3,451,439,74.24,88.69,115.78,548.16,5
01-01-2024 15:01,1,641,445,79.37,65.08,76.41,171.52,2
01-01-2024 15:02,5,179,95,28.67,70.87,146.88,183.22,1
01-01-2024 15:03,2,341,41,71.96,34.71,115.98,396.82,4
01-01-2024 15:04,5,325,420,40.2,54.02,143.63,528.8,5
01-01-2024 15:05,8,961,2,66.68,70.24,33.24,328.31,5
01-01-2024 15:06,9,884,278,20.37,52.3,104.18,70.06,5
01-01-2024 15:07,2,425,150,69.97,21.64,248.83,552.76,1
01-01-2024 15:08,3,975,41,92.63,70.56,123.09,623.53,1
01-01-2024 15:09,3,104,351,13.71,31.47,290.53,756.56,4
01-01-2024 15:10,1,627,116,17.98,22.33,214.11,338.84,2
01-01-2024 15:11,8,788,120,20.51,50.85,112.98,221.28,4
01-01-2024 15:12,6,75,237,46.6,20.6,79.24,742.13,5
01-01-2024 15:13,8,490,270,34.72,62.21,207.18,577.81,3
01-01-2024 15:14,9,814,349,78.59,63.04,94.22,69.91,2
01-01-2024 15:15,5,246,291,50.27,34.25,278.43,472.42,4
01-01-2024 15:16,3,691,434,51.19,87.34,39.32,42.25,2
01-01-2024 15:17,5,292,9,70.95,76.83,13.48,196.69,3
01-01-2024 15:18,5,873,239,40.77,23.22,70.2,75.34,5
01-01-2024 15:19,5,773,118,40.02,71.14,183.95,179.82,4
01-01-2024 15:20,3,239,352,74.34,41.48,251.31,402.14,2
01-01-2024 15:21,10,851,315,76.3,71.27,55.19,253.12,2
01-01-2024 15:22,4,787,312,11.22,75.06,177.49,88.65,1
01-01-2024 15:23,9,807,475,22.22,26.35,47.53,396.01,5
01-01-2024 15:24,10,617,10,28.11,64.64,171.14,572.62,4
01-01-2024 15:25,9,616,25,39.89,79.7,10.36,61.44,5
01-01-2024 15:26,2,325,497,34.77,39.25,169.55,708.27,1
01-01-2024 15:27,8,867,173,66.82,21.02,158.92,529.39,3
01-01-2024 15:28,8,458,225,80.39,17.05,17.64,425.16,5
01-01-2024 15:29,7,389,11,26.33,23.25,208.38,329.13,1
01-01-2024 15:30,8,202,101,57.85,15.32,173.82,326.76,3
01-01-2024 15:31,3,614,265,41.26,39.52,188.81,281.74,5
01-01-2024 15:32,6,447,391,52.99,37.45,161.28,110.27,3
01-01-2024 15:33,1,493,327,62.76,23.28,217.99,81.81,4
01-01-2024 15:34,7,672,418,85.96,63.83,159.88,260.89,2
01-01-2024 15:35,1,476,83,26.34,89.39,277.07,540.31,3
01-01-2024 15:36,9,536,276,17.4,82.57,283.34,244.95,2
01-01-2024 15:37,1,253,370,63.31,33.96,219.37,653.57,4
01-01-2024 15:38,1,161,490,43.5,72.75,273.97,316.63,3
01-01-2024 15:39,7,374,345,23.85,85.26,277.33,512.33,2
01-01-2024 15:40,2,307,261,19.95,82.98,82.29,356.89,3
01-01-2024 15:41,5,999,368,57.51,81.34,298.21,408.3,1
01-01-2024 15:42,8,577,221,35.54,73.98,83.89,215.13,3
01-01-2024 15:43,8,399,311,94.78,36.97,10.47,420.82,3
01-01-2024 15:44,3,988,219,44.5,21.27,288.86,106.31,5
01-01-2024 15:45,7,727,89,28.04,51.59,71,321.68,5
01-01-2024 15:46,3,862,485,63.45,19.11,177.32,369.67,4
01-01-2024 15:47,6,943,15,30.76,89.89,291.35,569.12,4
01-01-2024 15:48,6,484,246,52,41.87,19.59,332.17,4
01-01-2024 15:49,3,475,176,51.02,86.88,84.45,539.04,2
01-01-2024 15:50,7,329,4,48.55,72.98,184.6,156.2,4
01-01-2024 15:51,3,420,334,77.67,45.85,229.95,39.68,4
01-01-2024 15:52,8,719,376,28.41,23.87,243.17,414.64,5
01-01-2024 15:53,10,982,369,86.87,32.79,265.73,389.62,3
01-01-2024 15:54,4,298,465,77.26,65.48,54.69,542.41,4
01-01-2024 15:55,1,940,21,38.32,77.25,114.16,264.57,4
01-01-2024 15:56,4,230,208,25.35,88.46,215.71,43.29,3
01-01-2024 15:57,7,752,474,33.76,24.91,216.02,584.38,5
01-01-2024 15:58,4,700,137,38.27,26.7,95.88,754.93,5
01-01-2024 15:59,6,127,322,57.34,18.18,94.75,327.53,3
01-01-2024 16:00,9,968,363,13.94,34.53,99.59,496.68,5
01-01-2024 16:01,1,934,463,87.72,76.58,268.16,444.86,5
01-01-2024 16:02,5,385,419,18.39,29.87,273.31,461.48,1
01-01-2024 16:03,7,99,216,33.74,56.09,9.37,696.55,2
01-01-2024 16:04,1,134,368,19.29,48.48,100.88,594.34,3
01-01-2024 16:05,4,744,117,31.82,39.44,120.65,620.43,2
01-01-2024 16:06,6,744,179,81.2,61.38,294.8,90.23,3
01-01-2024 16:07,2,53,246,62.29,52.67,283.53,134.43,1
01-01-2024 16:08,10,999,128,29.32,40.11,190.36,537.38,3
01-01-2024 16:09,5,366,358,84.1,66.66,18.51,441.56,3
01-01-2024 16:10,10,160,78,78.06,36,61.41,623.94,3
01-01-2024 16:11,1,383,229,74.06,63.24,133.09,92.6,1
01-01-2024 16:12,6,900,293,82.05,86.79,287.92,461.86,5
01-01-2024 16:13,6,812,262,62.67,69.67,32.94,399.13,4
01-01-2024 16:14,4,182,82,52.62,46.38,238.45,686.66,2
01-01-2024 16:15,8,661,342,41.78,71.07,61.4,165.98,2
01-01-2024 16:16,4,963,338,29.02,75.69,154.82,292,2
01-01-2024 16:17,8,733,307,57.38,39.44,231.26,137.37,4
01-01-2024 16:18,8,848,66,85.61,67.88,209.29,372.35,5
01-01-2024 16:19,5,168,96,60.49,47.58,233.85,707.5,1
01-01-2024 16:20,4,399,145,88.17,76.39,245.01,542.86,3
01-01-2024 16:21,2,966,65,40.34,37.15,95.19,600.55,3
01-01-2024 16:22,3,736,9,69.09,85.33,112.39,92.8,5
01-01-2024 16:23,3,591,397,65.14,58.11,245.64,372.58,1
01-01-2024 16:24,4,104,484,66.99,41.5,16.4,674.16,3
01-01-2024 16:25,4,410,357,64.83,46.45,156.76,673.23,1
01-01-2024 16:26,10,757,186,28.84,41.08,276.52,790.66,5
01-01-2024 16:27,5,502,158,22.21,25.97,266.08,430.31,5
01-01-2024 16:28,4,602,31,93.18,20.14,242.27,21.62,5
01-01-2024 16:29,10,734,151,13.85,39.13,11.36,721.27,3
01-01-2024 16:30,8,379,319,49.76,49.4,266.87,765.83,1
01-01-2024 16:31,6,268,242,46.13,42.14,273.94,743.64,2
01-01-2024 16:32,6,257,156,40.6,16.04,200.78,622.09,2
01-01-2024 16:33,8,719,59,76.47,58.43,93.18,185.29,3
01-01-2024 16:34,7,894,10,73.35,25.86,149.53,128.46,4
01-01-2024 16:35,10,789,345,86.94,30.83,229.97,566.69,4
01-01-2024 16:36,10,134,124,43.62,24.06,244.84,129.53,5
01-01-2024 16:37,8,734,356,57.96,54.03,106.29,763.59,1
01-01-2024 16:38,2,294,346,85.85,22.14,101.19,367.75,2
01-01-2024 16:39,9,921,282,94.48,34.23,222.17,44.04,5
01-01-2024 16:40,1,734,237,92.39,48.88,207.47,137.46,3
01-01-2024 16:41,8,384,333,71.02,27.58,156.39,246.58,4
01-01-2024 16:42,4,261,17,22.17,48.47,128.98,568.93,3
01-01-2024 16:43,4,645,424,11.97,40.71,198.86,595.09,1
01-01-2024 16:44,5,734,324,80.14,79.54,14.57,186.16,1
01-01-2024 16:45,8,232,23,81.48,74.62,27.33,525.87,1
01-01-2024 16:46,5,182,419,73.44,89.46,174.06,44.83,4
01-01-2024 16:47,8,941,459,33.79,54.67,67.03,100.23,4
01-01-2024 16:48,10,849,460,64.38,58.15,233.56,437.31,5
01-01-2024 16:49,1,823,9,36.88,86,232.85,568.98,3
01-01-2024 16:50,10,399,207,48.31,44.97,214.44,733.21,2
01-01-2024 16:51,9,331,45,42.51,56.68,271.56,361.45,2
01-01-2024 16:52,6,342,421,87.66,43.43,46.55,113.56,2
01-01-2024 16:53,3,318,453,29.9,55.94,81.48,744.6,4
01-01-2024 16:54,8,910,403,59.1,21.06,79.43,361.2,5
01-01-2024 16:55,9,246,331,40.68,73.78,235.8,408.03,1
01-01-2024 16:56,6,586,457,66.36,88.9,158.8,686.46,1
01-01-2024 16:57,7,702,483,57.99,19.93,79.54,476.91,5
01-01-2024 16:58,1,784,498,88.54,75.08,45.25,255.13,4
01-01-2024 16:59,5,69,27,18.64,33.13,268.44,441.81,2
01-01-2024 17:00,5,808,397,28.75,29.82,209.18,507.39,3
01-01-2024 17:01,10,889,441,75.14,67,160.91,714.04,4
01-01-2024 17:02,4,762,188,41.35,18.31,289.81,203.17,2
01-01-2024 17:03,6,454,140,24.09,49.74,255.63,456.32,1
01-01-2024 17:04,7,164,9,52.78,15.11,57.55,737.99,5
01-01-2024 17:05,9,944,234,65.43,56.58,154.9,55.47,5
01-01-2024 17:06,1,750,92,13.81,49.66,148.39,171.76,2
01-01-2024 17:07,6,75,77,34.79,83.66,254.06,290.13,4
01-01-2024 17:08,7,615,340,78.8,69.02,48.98,549.21,2
01-01-2024 17:09,3,731,244,54.22,24.45,138.28,676.64,4
01-01-2024 17:10,8,444,333,13.01,41.59,192.78,175.35,1
01-01-2024 17:11,5,982,155,33.97,84.87,283.85,212.43,5
01-01-2024 17:12,9,430,218,64.33,69.4,270.28,662.16,4
01-01-2024 17:13,5,572,447,26.95,59.57,162.49,135.71,1
01-01-2024 17:14,9,588,477,80.33,56.93,183.98,223.72,3
01-01-2024 17:15,10,911,285,67.51,44.86,256.46,591.5,2
01-01-2024 17:16,4,132,150,50.07,58.89,224.59,149.6,4
01-01-2024 17:17,9,851,329,87.83,72.87,264.4,665.87,2
01-01-2024 17:18,5,599,88,43.3,24.57,269.3,402.6,2
01-01-2024 17:19,10,494,106,29.98,87.74,250.61,369.11,5
01-01-2024 17:20,9,136,403,66.22,32.95,7.77,125.5,2
01-01-2024 17:21,3,998,294,58.73,48.58,96.73,550.13,3
01-01-2024 17:22,4,882,95,38.5,16.7,124.04,709.52,5
01-01-2024 17:23,9,436,253,39.21,56.28,204.99,559.84,2
01-01-2024 17:24,10,717,39,43.85,43.64,95.52,267.17,3
01-01-2024 17:25,6,447,399,34.75,33.73,100.45,565.06,4
01-01-2024 17:26,2,869,255,70.37,88.91,123.06,417.76,1
01-01-2024 17:27,7,335,54,65.37,47.11,286.82,685.91,3
01-01-2024 17:28,2,747,416,47.47,46.07,133.96,378.52,4
01-01-2024 17:29,2,743,243,43.82,49.73,46.5,205.1,4
01-01-2024 17:30,1,418,110,41.03,23.71,6.87,98.98,4
01-01-2024 17:31,3,704,254,34.09,44.48,74.8,239.23,1
01-01-2024 17:32,6,471,112,17.28,40.23,281.95,459.56,2
01-01-2024 17:33,8,767,174,32.8,49.88,286.72,152.63,2
01-01-2024 17:34,9,703,189,37.3,79.25,161.06,51.01,2
01-01-2024 17:35,7,746,221,56.55,29.46,195.68,370.1,3
01-01-2024 17:36,4,492,249,75.77,60.58,239.8,291,1
01-01-2024 17:37,6,802,52,43.63,17.82,21.49,347.9,5
01-01-2024 17:38,5,569,162,90.3,38.76,115.42,374.22,1
01-01-2024 17:39,8,633,457,80.32,50.45,194.46,617.53,5
01-01-2024 17:40,1,964,35,93.71,20.57,269.98,769.52,4
01-01-2024 17:41,1,337,454,84.48,55.8,219.41,224.58,2
01-01-2024 17:42,6,144,37,62.42,38.27,108.27,755.07,5
01-01-2024 17:43,10,718,334,60.87,89.46,273.44,198.13,2
01-01-2024 17:44,2,90,317,21.01,62.32,201.06,608.86,1
01-01-2024 17:45,5,380,111,71.4,33.31,249.92,551.45,2
01-01-2024 17:46,1,862,370,61.02,22.7,118.72,60.73,2
01-01-2024 17:47,7,830,177,53.09,18.05,5.64,585.44,3
01-01-2024 17:48,1,204,9,68.93,21.81,54.02,722.88,5
01-01-2024 17:49,4,553,275,47.74,66,278.52,745.57,3
01-01-2024 17:50,9,324,471,54.53,79.12,14.77,554.45,1
01-01-2024 17:51,1,715,121,43.86,26.75,180.83,633.54,4
01-01-2024 17:52,4,614,105,70.98,45.16,125.69,75.8,4
01-01-2024 17:53,6,228,156,84.51,41.57,131.73,145.78,2
01-01-2024 17:54,6,982,336,81.47,63.34,123.24,224.73,4
01-01-2024 17:55,8,801,26,76.81,28.7,24.89,434.44,3
01-01-2024 17:56,1,186,422,11.17,86.5,41.09,321.27,2
01-01-2024 17:57,7,816,296,87.51,69.64,23.57,532.57,2
01-01-2024 17:58,1,785,25,33.36,86.63,20.9,367.64,5
01-01-2024 17:59,7,229,355,85.48,35.8,30.26,624.52,2
01-01-2024 18:00,3,231,374,26.74,59.08,210.5,576.6,4
01-01-2024 18:01,8,308,69,47.37,69.92,38.69,602.88,5
01-01-2024 18:02,3,292,327,73.7,68.32,82.14,666.5,3
01-01-2024 18:03,1,145,151,64.42,16.6,198.8,670.69,4
01-01-2024 18:04,8,246,345,45.35,89.87,38.12,628.05,4
01-01-2024 18:05,3,953,65,67.68,84.6,273.53,71.42,4
01-01-2024 18:06,2,575,150,56.66,23.98,145.86,506.1,3
01-01-2024 18:07,1,681,320,33.44,55.77,289.1,35.44,5
01-01-2024 18:08,3,436,245,64.94,38.59,61.79,600.13,5
01-01-2024 18:09,2,457,452,27.36,80.92,14.03,67.63,4
01-01-2024 18:10,2,318,58,68.99,67.31,179.13,786.91,2
01-01-2024 18:11,6,220,156,10.26,31.76,101.98,498.98,2
01-01-2024 18:12,1,974,112,56.65,17.54,173.86,161.96,4
01-01-2024 18:13,2,633,123,44.09,36.88,144.73,385.26,2
01-01-2024 18:14,6,740,462,35.76,17.86,139.86,664.81,3
01-01-2024 18:15,3,219,353,53.84,25.6,256.1,160.4,5
01-01-2024 18:16,4,208,452,64.85,62.71,61.59,438.68,3
01-01-2024 18:17,1,558,362,92.05,70.88,152.39,22.79,4
01-01-2024 18:18,8,496,203,80.81,50.1,127.72,634.97,2
01-01-2024 18:19,7,715,487,70.96,60.02,203.76,171.79,4
01-01-2024 18:20,7,963,480,50.71,26.69,19.79,322,3
01-01-2024 18:21,3,131,4,43.33,38.76,161.18,433.59,5
01-01-2024 18:22,10,106,129,12.77,68.47,146.17,132.99,1
01-01-2024 18:23,10,568,26,40.52,42.37,292.21,742.8,4
01-01-2024 18:24,3,161,289,82.11,41.16,227.97,385.67,4
01-01-2024 18:25,2,97,465,42.64,29.55,50.72,200.79,4
01-01-2024 18:26,1,641,27,49.23,59.61,155.22,593.41,4
01-01-2024 18:27,7,936,42,33.11,75.72,236.2,717.49,5
01-01-2024 18:28,7,425,453,33.3,50.21,159.75,731.88,5
01-01-2024 18:29,2,877,71,15.26,23.67,110.23,356.28,3
01-01-2024 18:30,7,82,64,62.17,77.88,116.11,300.38,1
01-01-2024 18:31,8,553,25,48.09,20.35,113.27,744.82,4
01-01-2024 18:32,1,676,72,61.51,50.38,10.89,61.21,3
01-01-2024 18:33,9,945,482,56.49,34.58,220.53,605.42,5
01-01-2024 18:34,7,52,361,77.9,85.22,185.21,158.46,2
01-01-2024 18:35,3,535,388,73.84,70.32,84.26,383.09,5
01-01-2024 18:36,8,565,268,75.57,57.48,190.86,763.88,5
01-01-2024 18:37,7,917,314,52.44,65.08,96.08,473.3,2
01-01-2024 18:38,8,821,95,40.08,54.95,76.8,428.28,2
01-01-2024 18:39,6,91,395,89.34,26.07,223.64,68.2,3
01-01-2024 18:40,9,58,357,14.61,68.18,243.69,236.33,1
01-01-2024 18:41,5,868,364,22.97,51.95,189.58,22.38,1
01-01-2024 18:42,3,706,315,45.67,62.57,236.32,702.5,5
01-01-2024 18:43,3,962,117,62.19,18.39,112.88,522.99,2
01-01-2024 18:44,1,658,164,10.7,25.65,26.18,112.06,5
01-01-2024 18:45,8,837,365,71.14,59.2,183.44,303.51,1
01-01-2024 18:46,2,191,278,57.49,49.46,80.51,652.9,1
01-01-2024 18:47,3,839,65,51.2,32.02,234.36,129.44,4
01-01-2024 18:48,8,485,306,46,33.06,110.64,199.61,1
01-01-2024 18:49,8,76,260,54.16,62.37,202.85,442.3,4
01-01-2024 18:50,4,92,228,23.75,19.42,168.1,133.06,5
01-01-2024 18:51,4,180,200,19.24,47.57,246.16,318.51,3
01-01-2024 18:52,5,265,473,34.62,54.23,250.53,786.06,1
01-01-2024 18:53,6,655,220,70.31,38.11,25.15,444.2,4
01-01-2024 18:54,5,569,180,60,76.54,92.06,567.19,3
01-01-2024 18:55,7,647,358,50.81,19.26,261.91,537.36,3
01-01-2024 18:56,2,394,228,58.58,79.93,124.18,185.14,5
01-01-2024 18:57,7,557,484,57.54,69.24,156.89,679.97,2
01-01-2024 18:58,10,699,252,36.1,48.47,59.09,115.2,3
01-01-2024 18:59,7,930,299,18.28,84.34,168.04,738.84,5
01-01-2024 19:00,1,462,361,86.23,67.67,83.06,188.54,2
01-01-2024 19:01,7,985,430,60.99,84.83,249.62,764.7,3
01-01-2024 19:02,5,295,4,69.31,50.44,64.07,642.41,5
01-01-2024 19:03,3,498,141,49.44,48.97,111.16,153.37,5
01-01-2024 19:04,3,70,166,74.3,54.81,33.05,145.11,4
01-01-2024 19:05,4,457,254,59.68,19.91,178.45,85.93,5
01-01-2024 19:06,2,506,429,14.57,83.14,282.88,212.94,3
01-01-2024 19:07,2,493,153,85.66,65.08,56.08,534.1,3
01-01-2024 19:08,1,971,67,35.97,61.32,10.82,425.84,1
01-01-2024 19:09,5,314,55,21.72,84.48,129.63,498.41,3
01-01-2024 19:10,4,709,96,17.48,89.52,225.78,44.29,2
01-01-2024 19:11,10,233,167,71.24,27.25,292.65,82.38,1
01-01-2024 19:12,2,276,321,69.84,71.17,20.13,559.74,5
01-01-2024 19:13,3,853,331,69.51,58.5,236.86,681.37,1
01-01-2024 19:14,7,597,386,87.84,49.57,113.76,300.35,2
01-01-2024 19:15,7,295,453,39.66,88.32,50.35,149.86,1
01-01-2024 19:16,4,122,376,57.7,78.77,61.73,260.52,2
01-01-2024 19:17,5,199,342,62.66,67.26,277.55,341.38,5
01-01-2024 19:18,5,562,62,93.26,43.7,243.76,511.51,1
01-01-2024 19:19,6,118,174,36.55,64.95,96.96,339.39,3
01-01-2024 19:20,9,854,253,91.29,54.88,282.36,719.69,3
01-01-2024 19:21,2,279,461,22.64,33.7,36.05,332.95,2
01-01-2024 19:22,5,772,112,74.94,48.78,100.15,161.47,2
01-01-2024 19:23,3,121,215,63.8,30.92,197.61,213.71,2
01-01-2024 19:24,4,924,239,79.44,52.53,299.83,382.83,5
01-01-2024 19:25,10,657,415,12.44,69.02,142.36,630.32,2
01-01-2024 19:26,6,446,227,16.64,17.75,244.16,698.14,3
01-01-2024 19:27,8,133,230,15.92,72.4,275.18,164.53,3
01-01-2024 19:28,1,789,233,60.4,16.5,7.84,22.71,2
01-01-2024 19:29,10,348,163,61.25,53.8,90.24,698.14,4
01-01-2024 19:30,8,797,126,87.02,58.01,34.61,197.99,2
01-01-2024 19:31,7,342,429,49.75,72.09,233.94,660.9,4
01-01-2024 19:32,1,783,253,15.78,72.08,172.28,449.58,1
01-01-2024 19:33,2,272,333,27.81,46.31,33.19,335.21,1
01-01-2024 19:34,3,842,438,10.69,19.98,129.11,134.47,3
01-01-2024 19:35,1,782,199,76.02,67.01,156.62,544.19,1
01-01-2024 19:36,9,265,197,79.33,53.32,210.84,658.16,1
01-01-2024 19:37,8,280,122,94.82,39.98,234.95,379.65,1
01-01-2024 19:38,2,454,413,45.04,32.62,30.92,368.16,5
01-01-2024 19:39,9,218,456,11.64,23.98,148.86,609.12,5
01-01-2024 19:40,7,378,264,29.95,37.14,52.53,410.09,2
01-01-2024 19:41,9,475,54,59.96,49.39,227.21,632.78,4
01-01-2024 19:42,6,603,135,91.77,50.82,199.01,62.21,3
01-01-2024 19:43,6,819,339,18.8,58.71,218.29,688.95,5
01-01-2024 19:44,4,245,359,20.33,42.19,27.12,224.42,5
01-01-2024 19:45,10,953,151,69.65,83.99,155.55,151.97,3
01-01-2024 19:46,10,657,100,66.71,52.19,252.97,45.19,5
01-01-2024 19:47,2,878,234,31.29,46.78,215.44,670.58,3
01-01-2024 19:48,7,575,32,79.12,18.61,259.22,66.89,2
01-01-2024 19:49,5,674,62,20.95,59.93,65.8,764.46,2
01-01-2024 19:50,6,126,429,88.69,60.22,89.64,460.58,1
01-01-2024 19:51,2,326,196,27.09,58.75,135.18,564.97,3
01-01-2024 19:52,5,969,30,16.91,81.57,159.36,585.74,3
01-01-2024 19:53,10,995,243,38.86,72.22,79.39,248.29,2
01-01-2024 19:54,4,515,106,25.97,80.06,117.47,649.04,5
01-01-2024 19:55,9,990,295,54.79,19.46,207.68,758.07,3
01-01-2024 19:56,6,497,133,68.38,38.86,195.39,308.48,3
01-01-2024 19:57,2,369,451,51.73,38.9,37.59,671.57,5
01-01-2024 19:58,1,971,22,66.15,64.28,295.78,622.19,2
01-01-2024 19:59,5,209,156,41.02,48.65,171.01,479.88,3
01-01-2024 20:00,9,541,406,12.37,73.31,147.65,306.74,3
01-01-2024 20:01,6,362,384,92.8,43.83,290.34,343.84,5
01-01-2024 20:02,10,680,214,79.65,31.62,46.4,259.93,1
01-01-2024 20:03,7,998,226,16.24,36.82,165.38,352.49,5
01-01-2024 20:04,5,210,285,48.18,28.69,242.5,791.91,5
01-01-2024 20:05,10,357,171,63.98,29.84,122.68,303.46,1
01-01-2024 20:06,6,912,42,26.2,31.26,222.21,539.1,3
01-01-2024 20:07,5,195,60,59.13,16.21,270.25,269.29,1
01-01-2024 20:08,9,724,375,55.36,68.71,82.19,383.99,4
01-01-2024 20:09,6,445,77,27.7,44.97,76.23,85.34,1
01-01-2024 20:10,8,740,455,22,16.7,111.4,615.32,2
01-01-2024 20:11,2,138,202,74.51,42.75,128.44,535.6,3
01-01-2024 20:12,9,784,220,37.42,82.9,37.76,291.04,4
01-01-2024 20:13,5,827,452,30.74,53.34,73.23,429.38,4
01-01-2024 20:14,7,800,187,72.72,89.01,262.6,700.33,1
01-01-2024 20:15,10,357,96,72.57,55.5,172.14,54.66,4
01-01-2024 20:16,1,595,342,33.49,87.21,84.01,745.57,3
01-01-2024 20:17,10,420,212,84.17,30.14,283.36,387.22,3
01-01-2024 20:18,5,500,368,68.5,36.75,233.42,690.53,5
01-01-2024 20:19,10,216,340,39.39,67.5,111.92,691.96,5
01-01-2024 20:20,2,441,262,46.34,89.01,230.81,65.8,2
01-01-2024 20:21,6,686,329,71.77,76.9,180.84,629.64,1
01-01-2024 20:22,1,785,412,27.98,56.53,206.73,591.64,4
01-01-2024 20:23,3,540,77,49.84,21.39,99.83,53.69,5
01-01-2024 20:24,5,974,31,65.55,42.33,66.8,753.62,3
01-01-2024 20:25,4,199,39,55.86,21.48,79.81,514.95,4
01-01-2024 20:26,3,517,306,61.71,38.35,29.7,150.68,1
01-01-2024 20:27,10,750,334,56.43,34.41,143.96,116.02,4
01-01-2024 20:28,5,92,214,26.93,44.14,124.84,458.34,4
01-01-2024 20:29,8,994,126,44.87,77.8,5.75,65.89,2
01-01-2024 20:30,4,78,165,55.22,26.28,257.63,148.24,1
01-01-2024 20:31,1,923,246,76.31,37.95,206.15,759.79,4
01-01-2024 20:32,7,681,109,65.58,34.58,136.79,600.9,3
01-01-2024 20:33,8,898,88,46.26,37.21,290.27,498.52,3
01-01-2024 20:34,3,80,200,92.82,42.05,282.46,182.88,2
01-01-2024 20:35,6,742,271,19.16,33.32,33.05,190.44,5
01-01-2024 20:36,2,723,51,27.58,85.69,186.47,367.75,1
01-01-2024 20:37,7,177,489,39.01,46.51,246.02,608.16,4
01-01-2024 20:38,8,816,198,29.43,23.56,56.02,23.07,2
01-01-2024 20:39,6,343,23,63.16,50.07,42.75,54.53,3
01-01-2024 20:40,6,490,153,13.36,28.83,81.63,698.69,4
01-01-2024 20:41,5,918,223,25.08,31.21,87.5,654.97,3
01-01-2024 20:42,8,437,430,34.93,36.38,289.67,561.85,4
01-01-2024 20:43,1,815,221,68.08,24.36,235.24,409.63,1
01-01-2024 20:44,10,691,151,84.45,69.08,22.62,133.2,3
01-01-2024 20:45,4,573,266,77.87,74.4,237.01,99.74,2
01-01-2024 20:46,4,596,73,25.48,44.57,55.04,726.19,2
01-01-2024 20:47,3,759,369,58.06,66.67,110.39,318.37,2
01-01-2024 20:48,3,809,77,12.55,44.17,98.96,562.66,2
01-01-2024 20:49,4,159,32,36.4,27.31,85.35,375.83,5
01-01-2024 20:50,1,377,369,78.51,44.79,96.08,590.12,4
01-01-2024 20:51,2,454,435,48.82,56.77,227.49,170.78,4
01-01-2024 20:52,9,294,493,22.75,18.07,83.63,397.96,4
01-01-2024 20:53,10,811,425,47.28,64.09,241.21,313.96,5
01-01-2024 20:54,2,927,65,26.83,70.7,31.85,211.14,2
01-01-2024 20:55,5,878,449,43.42,79.5,180.58,486.21,1
01-01-2024 20:56,9,212,357,51.47,22.71,259.59,438.84,2
01-01-2024 20:57,9,609,424,39.71,15.01,28.39,406.64,5
01-01-2024 20:58,8,448,18,89.64,20.49,192.29,481.06,1
01-01-2024 20:59,1,632,164,57.82,84.31,155.93,131.17,5
01-01-2024 21:00,1,448,287,81.65,72.42,102.92,309.03,3
01-01-2024 21:01,9,542,54,74.66,77.66,34.7,273.25,4
01-01-2024 21:02,8,695,63,66.2,53.78,204.56,619.96,4
01-01-2024 21:03,10,288,257,52.24,54.5,96.27,47.86,5
01-01-2024 21:04,9,514,239,10.18,37.39,104.98,239.91,1
01-01-2024 21:05,7,629,436,62.14,78.21,216.69,736.27,3
01-01-2024 21:06,3,839,484,40.26,77.23,283.88,254.27,3
01-01-2024 21:07,3,81,441,20.01,44.41,103.42,138.48,2
01-01-2024 21:08,2,172,9,47.79,39.7,225.29,610.73,2
01-01-2024 21:09,5,583,470,72.52,70.38,287.2,57.32,1
01-01-2024 21:10,3,716,120,91.74,16.96,33.86,352.53,2
01-01-2024 21:11,6,159,348,41.8,79.5,161.11,687.18,4
01-01-2024 21:12,2,320,90,56.13,48.47,8.29,764.19,5
01-01-2024 21:13,3,429,372,82.36,48.1,248.43,214.24,4
01-01-2024 21:14,5,349,458,38.39,65.18,89.63,251.04,3
01-01-2024 21:15,1,676,312,22.09,63.43,103.17,462.46,3
01-01-2024 21:16,1,781,175,33.96,34.95,207.75,196.71,5
01-01-2024 21:17,10,791,3,86.43,85.75,237.81,137.58,1
01-01-2024 21:18,9,813,130,23.55,88.97,123,352.27,3
01-01-2024 21:19,7,298,54,37.98,54.45,201.33,76.35,1
01-01-2024 21:20,1,570,293,49.49,57.1,287.12,717.49,4
01-01-2024 21:21,8,83,184,82,56.57,266.64,280.67,2
01-01-2024 21:22,3,277,415,89.71,51.43,211.88,282.3,5
01-01-2024 21:23,8,634,353,46.19,85.89,283.2,637.27,2
01-01-2024 21:24,5,448,224,89.22,33.36,263.4,286.41,1
01-01-2024 21:25,1,862,491,23.72,23.1,220.06,613.51,1
01-01-2024 21:26,7,773,12,23.33,84.72,275.59,161.37,4
01-01-2024 21:27,5,633,442,90.69,30.98,246.13,432.61,4
01-01-2024 21:28,6,619,195,53.32,71.19,153.16,619.44,1
01-01-2024 21:29,6,269,247,25.8,30.29,153.17,370.92,4
01-01-2024 21:30,8,420,368,51.48,87.01,7.59,76.01,5
01-01-2024 21:31,9,836,154,76.57,74.33,13.92,594.78,3
01-01-2024 21:32,2,810,78,80.29,83.9,225.14,405.36,5
01-01-2024 21:33,9,577,140,83.44,86.32,168.66,266.8,1
01-01-2024 21:34,10,124,90,58.41,21.33,229.48,794.38,3
01-01-2024 21:35,9,667,144,83.69,47.5,285.15,703.34,1
01-01-2024 21:36,10,185,437,53.35,63.61,138.5,49.5,5
01-01-2024 21:37,10,978,72,61.6,75.18,31.09,483.05,1
01-01-2024 21:38,7,123,433,74.49,33.11,189.84,296.56,4
01-01-2024 21:39,1,303,177,46.16,83.6,34.42,49.18,1
01-01-2024 21:40,7,67,348,16.25,31.57,188.28,28.81,5
01-01-2024 21:41,10,980,263,39.76,79.96,160.68,475.33,4
01-01-2024 21:42,5,92,271,63.04,53.45,215.1,269.7,3
01-01-2024 21:43,6,99,105,26.35,53.66,108.53,568.59,5
01-01-2024 21:44,10,564,420,22.61,43.05,47.44,374.45,2
01-01-2024 21:45,7,793,72,34.91,22.76,74.68,617.87,2
01-01-2024 21:46,5,780,74,12.73,41.03,206.67,654.19,5
01-01-2024 21:47,7,620,143,73.19,47.01,146.06,532.64,5
01-01-2024 21:48,9,845,62,31.99,50.93,164.54,346.02,2
01-01-2024 21:49,3,863,146,20.56,70.43,100.28,791.01,2
01-01-2024 21:50,8,625,46,69.43,41.41,251.83,259.21,2
01-01-2024 21:51,2,631,229,81.65,45.49,299.84,421.37,5
01-01-2024 21:52,7,352,105,11.69,82.96,97.1,425.92,4
01-01-2024 21:53,2,191,109,29.86,71.44,217,354.1,1
01-01-2024 21:54,4,952,317,90.34,16.71,55.47,114.7,1
01-01-2024 21:55,7,251,121,42.75,75.91,224.02,296.07,4
01-01-2024 21:56,3,256,499,89.78,89.25,132.1,187.85,1
01-01-2024 21:57,2,464,43,33.31,85.48,183.57,721.89,4
01-01-2024 21:58,10,270,428,28.54,77.7,75.08,531.19,4
01-01-2024 21:59,7,411,99,28.2,62.19,256.24,244.5,1
01-01-2024 22:00,1,807,194,17.24,35.86,56.13,461.27,1
01-01-2024 22:01,8,130,311,86.2,64.08,278.94,685.5,1
01-01-2024 22:02,3,812,214,93.29,67.17,23.07,748.86,3
01-01-2024 22:03,2,612,463,91.13,36.12,89.95,78.53,1
01-01-2024 22:04,3,334,229,82.42,34.15,171.07,633.79,5
01-01-2024 22:05,5,418,423,81.99,44.77,258.25,773.72,5
01-01-2024 22:06,8,541,484,66.19,63.09,175.22,384.45,3
01-01-2024 22:07,10,960,389,80.23,36.98,68.75,796.52,5
01-01-2024 22:08,7,945,185,27.71,56.67,258.41,766.52,1
01-01-2024 22:09,7,395,112,42.97,82.44,180.87,532.38,3
01-01-2024 22:10,7,253,399,64.47,37.13,73.54,681.14,2
01-01-2024 22:11,8,74,347,84.36,87.45,170.74,251.32,2
01-01-2024 22:12,1,602,272,66.14,50.5,204.21,735.62,4
01-01-2024 22:13,4,118,313,81.32,22.57,205.76,481.67,1
01-01-2024 22:14,6,565,484,50.29,19.13,218.58,417.54,4
01-01-2024 22:15,9,541,102,70.97,40.4,269.24,671.82,2
01-01-2024 22:16,2,289,210,93.3,34.41,248.32,713.81,5
01-01-2024 22:17,1,410,227,23.05,78.28,184.27,566.97,3
01-01-2024 22:18,10,490,281,88.79,70.32,14.49,39.53,2
01-01-2024 22:19,2,80,22,54.4,81.34,226.11,485.82,4
01-01-2024 22:20,7,948,248,64.67,59.19,292.61,660.89,5
01-01-2024 22:21,3,678,159,84.62,47.66,95.14,445.31,3
01-01-2024 22:22,10,756,379,44.82,35.29,184.04,749.19,5
01-01-2024 22:23,2,651,229,45.59,58.73,231.76,719.91,2
01-01-2024 22:24,7,739,418,54.81,61.35,193.53,433.15,5
01-01-2024 22:25,2,706,343,11.62,44.47,277.15,334.99,5
01-01-2024 22:26,3,763,400,52.22,85.24,144.64,62.96,4
01-01-2024 22:27,7,371,454,34.74,63,161.89,513.43,5
01-01-2024 22:28,4,393,187,88.88,77.81,16.28,227.45,3
01-01-2024 22:29,1,764,143,17.46,61.53,270.57,541.39,2
01-01-2024 22:30,5,585,338,49.04,38.74,82.37,643.03,1
01-01-2024 22:31,9,404,358,90.53,70.25,293.63,338.78,5
01-01-2024 22:32,8,520,397,86.59,32.27,64.62,32.16,2
01-01-2024 22:33,9,977,24,69.61,59.75,79.77,694.9,5
01-01-2024 22:34,10,154,141,60.1,45.18,147.96,448.23,5
01-01-2024 22:35,9,836,449,33.86,26.24,199.85,265.54,4
01-01-2024 22:36,7,371,240,41.19,45.99,135,514.36,2
01-01-2024 22:37,4,621,292,17.66,38.27,108.79,546.03,3
01-01-2024 22:38,5,932,305,76.82,23.42,164.33,135.02,1
01-01-2024 22:39,1,576,82,37.53,76.79,287.7,524.19,5
01-01-2024 22:40,1,553,48,66.76,52.39,288.78,243.62,2
01-01-2024 22:41,3,134,353,40.4,40.98,101.77,646.83,2
01-01-2024 22:42,8,980,358,49.47,52.87,205.65,754.38,5
01-01-2024 22:43,2,758,171,57.18,71.59,217.96,100.08,1
01-01-2024 22:44,4,284,262,78.16,16.37,197.76,735.54,5
01-01-2024 22:45,2,972,465,27.95,56.01,38.34,724.69,1
01-01-2024 22:46,5,905,68,43.9,50.94,164.15,287.47,2
01-01-2024 22:47,9,312,14,21.06,81.98,230.16,42.49,5
01-01-2024 22:48,1,55,30,16.44,56.7,64.24,537.32,2
01-01-2024 22:49,5,543,110,61.4,25.3,107.72,288.87,5
01-01-2024 22:50,9,942,212,26.07,44.15,65.12,169.49,5
01-01-2024 22:51,1,338,264,15.08,61.58,266.64,104.68,3
01-01-2024 22:52,9,619,438,86.25,18.45,258.27,172.9,4
01-01-2024 22:53,8,994,322,55.42,81.35,54.91,205.22,5
01-01-2024 22:54,4,706,485,21.44,20.08,229.36,640.74,5
01-01-2024 22:55,10,927,388,14.54,17.29,112.37,631.38,2
01-01-2024 22:56,5,603,202,20.19,15.15,207.42,405.64,1
01-01-2024 22:57,5,399,84,50.06,66.28,150.54,451.59,2
01-01-2024 22:58,6,249,444,66.82,49.19,144.23,735.9,4
01-01-2024 22:59,7,985,376,64.51,22.71,264.98,728.27,5
01-01-2024 23:00,8,735,53,22.28,79.22,192.9,666.37,2
01-01-2024 23:01,8,946,355,63.85,30.2,74.55,311.93,1
01-01-2024 23:02,2,384,496,44.41,39.47,37.67,305.91,4
01-01-2024 23:03,9,656,256,49.5,28.33,280.36,712.55,4
01-01-2024 23:04,7,266,74,78.12,84.51,50.25,742.68,5
01-01-2024 23:05,4,672,220,38.26,71.86,221.55,642.79,4
01-01-2024 23:06,4,402,143,22.49,69.3,151.28,610.57,1
01-01-2024 23:07,8,741,100,84.24,18.3,46.32,455.37,2
01-01-2024 23:08,4,724,129,28.03,54.2,234.11,283.9,4
01-01-2024 23:09,6,680,406,34.99,58.16,271.82,207.69,3
01-01-2024 23:10,5,374,219,70.06,43.69,40.84,129.46,2
01-01-2024 23:11,3,950,477,68.1,39.13,24.79,588,1
01-01-2024 23:12,10,277,271,78.03,78.9,255.71,626.04,1
01-01-2024 23:13,2,194,458,25.63,16.73,152.78,299.74,5
01-01-2024 23:14,9,998,468,39.94,61.9,203.99,24.71,4
01-01-2024 23:15,10,357,22,20.7,44.57,135.24,752.11,5
01-01-2024 23:16,9,703,178,55.99,64.95,126.67,360.93,4
01-01-2024 23:17,1,683,48,34.87,29.84,93.4,780.18,2
01-01-2024 23:18,10,334,117,68.56,32.9,171.06,548.34,5
01-01-2024 23:19,3,441,329,10.03,59.01,52.14,116.73,5
01-01-2024 23:20,8,787,376,15.07,88.5,216.58,275.02,5
01-01-2024 23:21,6,409,179,46.77,88.1,167.08,532.5,5
01-01-2024 23:22,5,818,480,91.45,33.67,255.02,526.42,3
01-01-2024 23:23,5,846,273,85.72,22.68,276.7,200.95,3
01-01-2024 23:24,6,981,362,94.49,59.28,270.67,157.95,5
01-01-2024 23:25,7,996,339,45.43,46.5,182.36,235.9,4
01-01-2024 23:26,1,214,360,13.96,72.13,99.03,633.78,5
01-01-2024 23:27,9,782,347,36.01,54.6,110.37,208.66,3
01-01-2024 23:28,3,630,179,67.44,53.29,197.5,567.39,3
01-01-2024 23:29,4,870,421,21.49,63.48,215.03,698.6,5
01-01-2024 23:30,10,273,482,35.5,24.48,52.58,325.47,5
01-01-2024 23:31,1,173,495,14.77,65.79,299.4,25.46,4
01-01-2024 23:32,10,997,49,50.37,51.64,36.71,130.73,3
01-01-2024 23:33,3,393,315,27.76,76.51,184.09,263.28,5
01-01-2024 23:34,2,900,394,17.76,25.4,161.65,168.16,1
01-01-2024 23:35,2,573,255,44.95,37.56,179.34,245.82,5
01-01-2024 23:36,1,101,30,39.85,86.27,162.46,444.35,3
01-01-2024 23:37,8,178,85,55.69,56.48,22.08,36.44,1
01-01-2024 23:38,3,184,277,73.67,84.7,298.8,70.14,1
01-01-2024 23:39,3,706,34,19.57,66.68,294.48,687.48,1
01-01-2024 23:40,6,176,329,77.25,84.48,159.68,427.41,4
01-01-2024 23:41,8,787,98,12.23,38.84,66.46,749.71,5
01-01-2024 23:42,9,988,434,47.66,21.79,58.97,22.55,1
01-01-2024 23:43,9,120,76,59.93,75.17,21.83,20.12,4
01-01-2024 23:44,4,322,175,91.34,75.34,185.5,596.89,3
01-01-2024 23:45,5,236,341,58.78,61.41,146.08,391.48,1
01-01-2024 23:46,2,52,249,23.49,58.47,127.81,732.76,5
01-01-2024 23:47,9,334,340,53.99,83.62,159.94,633.54,1
01-01-2024 23:48,8,71,134,43.64,28.24,262.49,413.09,3
01-01-2024 23:49,3,215,178,50.75,61.24,25.86,393.25,3
01-01-2024 23:50,9,359,365,26.75,18.73,165.51,652.72,1
01-01-2024 23:51,3,924,228,52.57,25.56,211.8,646.89,5
01-01-2024 23:52,9,526,63,22.75,47.8,291.35,236.02,4
01-01-2024 23:53,2,547,268,73.24,76.59,223.21,546.22,1
01-01-2024 23:54,10,483,425,60.48,69.98,166.69,521.7,3
01-01-2024 23:55,9,807,415,16.67,88.05,231.2,687.75,4
01-01-2024 23:56,8,283,258,85.62,18.36,299.13,697.49,5
01-01-2024 23:57,9,886,144,62.39,43.6,267.18,229.26,1
01-01-2024 23:58,5,719,385,36.87,26.91,31.28,706.2,3
01-01-2024 23:59,2,712,388,13.88,17.77,174.57,741.17,4
02-01-2024 00:00,8,774,303,63.74,34.83,237.01,105.52,2
02-01-2024 00:01,6,425,449,41.74,33.34,203.2,467.52,4
02-01-2024 00:02,8,779,52,87.15,46.5,128.01,360.44,3
02-01-2024 00:03,5,295,303,12.96,25.51,100.12,333.55,3
02-01-2024 00:04,10,352,99,13.32,51.64,189.97,569.77,2
02-01-2024 00:05,2,454,461,90.69,84.01,126.65,121.06,2
02-01-2024 00:06,6,837,306,92.01,71.11,120.64,659.56,2
02-01-2024 00:07,5,712,45,12.36,78.16,251.84,40.75,5
02-01-2024 00:08,5,757,42,70.86,75.35,98.12,471.07,3
02-01-2024 00:09,1,966,479,28.83,44.22,195.25,195.78,1
02-01-2024 00:10,2,70,468,69.62,68.17,262.66,540.63,5
02-01-2024 00:11,8,306,440,83.84,71.57,188.42,429.84,3
02-01-2024 00:12,3,448,327,18.57,30.42,150.37,799.81,4
02-01-2024 00:13,10,578,57,30.3,79.52,15.41,692.61,2
02-01-2024 00:14,3,100,488,12.05,49.33,206.06,282.57,4
02-01-2024 00:15,8,496,33,13.73,16.23,299.27,432.22,1
02-01-2024 00:16,8,319,412,12.52,63.25,243.49,267.89,5
02-01-2024 00:17,2,876,114,78.06,65.76,192.17,588.46,4
02-01-2024 00:18,8,644,300,35.35,56.38,143.4,349.48,1
02-01-2024 00:19,1,867,114,51.92,30.93,71.18,110.04,4
02-01-2024 00:20,6,685,56,76.97,51.17,209.17,535.43,3
02-01-2024 00:21,8,851,44,52.07,45.01,57.3,28.63,4
02-01-2024 00:22,3,311,212,46.48,88.1,266.68,251.89,2
02-01-2024 00:23,8,414,352,10.98,76.85,109.43,727.57,2
02-01-2024 00:24,1,98,329,58.28,72.14,122.94,93.46,3
02-01-2024 00:25,9,567,34,20.6,28.58,68.73,413.45,5
02-01-2024 00:26,9,678,270,75,39.83,147.09,640.17,2
02-01-2024 00:27,5,167,196,31.91,43.48,205.73,725.51,4
02-01-2024 00:28,10,502,413,67.31,51.95,94.32,456.67,2
02-01-2024 00:29,4,824,125,64.93,17.27,212.04,139.48,3
02-01-2024 00:30,6,914,79,62.42,59.48,188.07,753.87,5
02-01-2024 00:31,7,996,255,32.69,41.84,114.85,604.42,3
02-01-2024 00:32,5,935,145,32.7,57.13,97.28,328.62,4
02-01-2024 00:33,10,690,83,83.36,15.67,259.09,236.04,2
02-01-2024 00:34,9,446,230,11.09,39.11,8.52,57.22,4
02-01-2024 00:35,3,732,137,25.43,72.65,216.19,169.32,2
02-01-2024 00:36,7,76,27,61.86,52.58,128.09,626.59,2
02-01-2024 00:37,10,760,177,79.45,74.17,216.72,104.73,1
02-01-2024 00:38,10,421,207,40.46,67.42,154.72,120.94,3
02-01-2024 00:39,5,948,421,65.54,79.12,29.74,172.83,1
02-01-2024 00:40,7,875,412,57.36,15.56,294.71,328.37,4
02-01-2024 00:41,2,906,306,15.49,34.6,30.38,167.48,4
02-01-2024 00:42,4,146,311,62.85,56.16,51.74,725.36,5
02-01-2024 00:43,2,578,388,79.18,85.58,129,220.97,2
02-01-2024 00:44,7,734,213,94.36,65.98,283.66,737.2,1
02-01-2024 00:45,2,662,354,12.52,49.24,91.46,788.26,5
02-01-2024 00:46,1,235,403,66.1,24.76,172.76,608.75,1
02-01-2024 00:47,9,745,37,45.24,51.99,158.82,25.8,4
02-01-2024 00:48,1,999,388,10.83,48.08,102.39,207.22,5
02-01-2024 00:49,8,264,293,62.22,73.38,210.42,228.52,3
02-01-2024 00:50,2,300,179,20.41,46,152.93,443.35,5
02-01-2024 00:51,8,265,160,42.18,38.91,175.59,143.55,2
02-01-2024 00:52,3,78,429,32.22,21.73,67,80.23,4
02-01-2024 00:53,6,151,368,40.7,18.49,278.33,157.56,3
02-01-2024 00:54,3,172,12,51.88,47.94,37.62,275.33,4
02-01-2024 00:55,7,103,169,40.53,41.01,208.63,58.38,2
02-01-2024 00:56,10,332,312,56.98,56.65,266.34,172.38,4
02-01-2024 00:57,9,663,80,30.29,68.39,29.79,150.67,3
02-01-2024 00:58,2,166,14,64.01,18,13.48,622.44,5
02-01-2024 00:59,5,665,54,82.57,52.22,103.28,152.27,5
02-01-2024 01:00,6,606,447,29.05,79.65,238.03,637.4,5
02-01-2024 01:01,4,163,254,53.17,49.14,216.62,416.38,3
02-01-2024 01:02,4,904,65,65.14,54.09,247.54,611.13,5
02-01-2024 01:03,4,592,372,57.99,51.51,122.26,371.28,1
02-01-2024 01:04,2,725,58,41.08,44.23,298.16,722.82,1
02-01-2024 01:05,4,750,96,64.59,23.26,113,235.68,5
02-01-2024 01:06,1,342,21,12.4,24.48,242.59,618.11,2
02-01-2024 01:07,6,244,260,41.44,28.43,108.49,147.47,3
02-01-2024 01:08,1,341,73,55.27,74.44,69.44,708.46,2
02-01-2024 01:09,10,936,248,11.75,35.65,104.32,42.18,4
02-01-2024 01:10,6,310,127,53.15,86.11,61.84,376.8,2
02-01-2024 01:11,1,991,499,65.61,75.76,43.09,348.58,2
02-01-2024 01:12,6,256,46,74.53,66.34,112.37,506.56,2
02-01-2024 01:13,10,613,470,19.64,69.03,48.3,363.93,5
02-01-2024 01:14,8,98,268,94.2,18.57,153.19,479.4,4
02-01-2024 01:15,2,55,128,61.52,57.63,15.45,692.13,4
02-01-2024 01:16,2,428,30,40.87,85.58,132.24,130.78,5
02-01-2024 01:17,4,443,94,31.17,17.93,287.61,210.43,1
02-01-2024 01:18,3,935,224,58.7,36.83,110.86,646.2,1
02-01-2024 01:19,4,273,316,84.95,18.86,45.6,197.89,4
02-01-2024 01:20,7,72,100,54.25,57.73,95.03,726.41,3
02-01-2024 01:21,1,706,71,66.23,23.72,238.43,441.83,5
02-01-2024 01:22,6,159,81,40.4,50.94,97.53,83.85,2
02-01-2024 01:23,3,773,449,42.99,69,118.13,36.12,3
02-01-2024 01:24,10,861,398,34.32,27.33,237.69,615.07,1
02-01-2024 01:25,7,602,367,69.98,71.65,81.87,687.95,4
02-01-2024 01:26,10,448,300,40.53,19.52,146.1,207.09,1
02-01-2024 01:27,2,221,108,26.21,26.22,23.63,207.81,4
02-01-2024 01:28,2,747,102,41.4,36.01,56.35,764.2,5
02-01-2024 01:29,4,775,410,82.58,74.71,66.79,531.83,4
02-01-2024 01:30,1,355,91,72.75,78.76,141.76,150.74,3
02-01-2024 01:31,3,613,365,38.44,31.53,247.19,369.9,3
02-01-2024 01:32,9,631,16,87.08,22.18,109.58,730.14,3
02-01-2024 01:33,7,757,110,16.36,78.6,117.24,504.52,3
02-01-2024 01:34,7,200,263,14.23,63.7,93.8,337.83,2
02-01-2024 01:35,4,477,160,20.83,26.84,99.54,137.81,1
02-01-2024 01:36,2,670,253,19.9,56.83,124.03,586.28,5
02-01-2024 01:37,4,516,89,17.47,80.43,270.32,235.56,5
02-01-2024 01:38,6,679,95,66.21,20.21,12.19,461.41,5
02-01-2024 01:39,3,926,272,61.07,21.28,189.25,488.11,1
02-01-2024 01:40,1,656,247,65.05,35.52,266.87,453.25,4
02-01-2024 01:41,8,817,361,68.51,63.92,128,212.26,5
02-01-2024 01:42,5,605,378,74.33,28.35,197.02,572.45,5
02-01-2024 01:43,5,997,206,27.61,76.23,177.79,461.52,2
02-01-2024 01:44,4,116,345,62.9,71.28,104.9,334.87,5
02-01-2024 01:45,6,205,318,59.3,57.08,45.54,60.66,5
02-01-2024 01:46,3,884,286,90.21,23.71,69.79,278.39,4
02-01-2024 01:47,9,255,248,29.75,89.12,21.95,294.91,5
02-01-2024 01:48,5,835,455,14.99,51.75,230.59,637.11,5
02-01-2024 01:49,3,204,396,65.55,48.91,162.18,420.49,1
02-01-2024 01:50,1,740,67,72.91,89.67,236.76,747.05,2
02-01-2024 01:51,10,558,475,34.07,79.79,90.61,605.57,1
02-01-2024 01:52,6,621,46,58.52,49.23,242.38,439.64,5
02-01-2024 01:53,2,123,467,15.06,46.41,96.22,151.73,2
02-01-2024 01:54,3,98,43,91.6,22.19,40.79,192.41,4
02-01-2024 01:55,1,832,229,19.34,84.49,162.47,144.86,1
02-01-2024 01:56,9,516,439,15.74,78.28,283.86,365.42,4
02-01-2024 01:57,8,634,301,13.75,38.25,127.25,583.57,5
02-01-2024 01:58,2,757,444,46.32,71.5,157.04,612.27,5
02-01-2024 01:59,8,960,234,18.26,72.2,138.13,95,2
02-01-2024 02:00,9,228,199,73.3,32.09,139.94,406.81,4
02-01-2024 02:01,1,97,497,86.4,61.02,68.23,395.52,5
02-01-2024 02:02,5,121,336,32.12,34.13,129.63,362.33,4
02-01-2024 02:03,8,162,32,63.45,74.24,151.59,254.95,4
02-01-2024 02:04,2,806,264,13.6,26.54,224.73,391.13,2
02-01-2024 02:05,4,946,113,42.86,65.17,46.25,422.95,2
02-01-2024 02:06,7,952,461,34.9,39.45,173.63,487.76,5
02-01-2024 02:07,3,870,318,29.43,17.71,200.35,314.34,5
02-01-2024 02:08,5,208,459,64.8,24.28,117.92,757.18,4
02-01-2024 02:09,8,835,276,21.07,64.12,167,284.29,1
02-01-2024 02:10,10,829,146,83.16,32.99,214.67,718.14,5
02-01-2024 02:11,3,865,357,66.51,62.33,142.2,644.98,4
02-01-2024 02:12,4,79,6,70.41,46.11,103.34,382.91,4
02-01-2024 02:13,9,146,340,89.5,66.95,248.29,407.12,3
02-01-2024 02:14,7,300,480,90.1,51.97,296.7,698.49,3
02-01-2024 02:15,1,568,494,56.89,38.14,68.91,404.33,1
02-01-2024 02:16,4,141,108,52.11,25.94,267.37,549.92,2
02-01-2024 02:17,4,162,413,38.51,40.58,165.9,651.26,1
02-01-2024 02:18,9,308,260,70.82,62.62,137.14,728.15,1
02-01-2024 02:19,6,156,71,55.75,70.54,268.48,190.17,5
02-01-2024 02:20,9,624,427,89.29,27.03,273.55,780.79,4
02-01-2024 02:21,6,439,340,30.28,64.82,85.43,772.96,1
02-01-2024 02:22,6,407,162,36.37,28.45,110.72,251.94,2
02-01-2024 02:23,5,832,100,36.87,31.64,256.32,498.71,4
02-01-2024 02:24,5,248,327,78.51,54.85,149.79,56.6,5
02-01-2024 02:25,2,476,33,18.42,36.69,89.97,150.91,3
02-01-2024 02:26,8,527,143,48.73,64.62,288.84,475.38,1
02-01-2024 02:27,8,908,244,46.34,86.68,69.03,527.08,4
02-01-2024 02:28,1,898,224,16.22,26.17,185.05,436.99,3
02-01-2024 02:29,8,552,214,44.92,57.79,131.24,569.68,5
02-01-2024 02:30,5,707,120,53.64,84.25,138.13,638.45,2
02-01-2024 02:31,2,967,168,15.53,28.24,36.27,151.4,5
02-01-2024 02:32,2,622,349,53.34,42.51,80.86,534.5,2
02-01-2024 02:33,6,169,217,91.54,24.27,54.26,458.83,2
02-01-2024 02:34,9,622,389,93.21,63.15,226.14,111.72,2
02-01-2024 02:35,1,358,462,55.19,65.19,210.83,198.31,5
02-01-2024 02:36,6,587,434,53.78,64.81,239.26,347.34,1
02-01-2024 02:37,9,676,355,34.27,55.66,211.28,693.73,3
02-01-2024 02:38,8,524,322,94.75,70.97,42.97,189.28,4
02-01-2024 02:39,6,601,217,33.31,17.69,293.68,162.68,1
02-01-2024 02:40,3,393,54,48.5,86.81,60.61,582.34,1
02-01-2024 02:41,8,677,208,10.25,31.66,108.38,781.12,4
02-01-2024 02:42,9,185,430,39.68,24.12,213.53,368.92,4
02-01-2024 02:43,1,326,80,16.07,85.59,46.43,293.11,3
02-01-2024 02:44,9,860,395,73.23,77.28,55.3,218.07,1
02-01-2024 02:45,6,582,380,57.69,72.37,263.59,58.8,3
02-01-2024 02:46,6,948,433,58.63,22.86,102.94,159.16,1
02-01-2024 02:47,4,80,483,34.35,75.56,201.35,92.86,4
02-01-2024 02:48,1,296,151,79.27,60.68,258.33,405.4,2
02-01-2024 02:49,10,460,55,10.28,69.89,292.09,782.99,3
02-01-2024 02:50,8,76,5,38.36,88.36,67.03,634.17,3
02-01-2024 02:51,2,122,448,66.06,29.58,41.26,489.32,2
02-01-2024 02:52,1,146,35,87.17,52.83,223.52,399.58,1
02-01-2024 02:53,2,722,349,29.94,71.5,60.52,501.4,2
02-01-2024 02:54,1,395,495,55.99,47.52,176.16,313.3,2
02-01-2024 02:55,1,525,119,55.73,19.1,162.13,159.14,5
02-01-2024 02:56,9,349,197,84.3,23.36,170.18,480.02,1
02-01-2024 02:57,1,348,54,14.29,60.16,196.69,431.92,2
02-01-2024 02:58,4,336,259,46.08,36.38,256.01,756.74,2
02-01-2024 02:59,10,934,262,25.51,25.34,85.19,526.87,5
02-01-2024 03:00,6,498,343,11.83,40.49,168.8,623.28,5
02-01-2024 03:01,7,261,366,22.5,30.07,104.32,92.31,5
02-01-2024 03:02,2,125,312,93,16.8,99.03,613.53,4
02-01-2024 03:03,6,450,2,28.26,26.39,11.02,786.62,3
02-01-2024 03:04,7,704,82,89.48,81.23,181.82,532.85,5
02-01-2024 03:05,10,83,350,27.45,15.9,291.89,598.83,1
02-01-2024 03:06,10,547,422,89.16,73.04,229.57,784.03,4
02-01-2024 03:07,2,897,440,65.64,71.51,76.62,325.19,3
02-01-2024 03:08,2,565,5,19.62,57.32,216.26,662.86,4
02-01-2024 03:09,10,377,174,59.46,30.63,92.71,331.76,5
02-01-2024 03:10,7,147,497,37.07,80.85,227.33,352.22,2
02-01-2024 03:11,1,415,139,42.57,50.63,257.21,533.43,2
02-01-2024 03:12,8,778,193,47.41,27.99,103.63,220.01,4
02-01-2024 03:13,3,512,138,45.93,47.18,5.65,794.37,3
02-01-2024 03:14,6,77,297,66.45,29.62,94.98,276.8,3
02-01-2024 03:15,9,762,116,75.31,43.2,65.73,115.82,1
02-01-2024 03:16,6,435,44,37.98,52.25,187.49,271.59,5
02-01-2024 03:17,9,322,346,88.57,41.99,90.57,687.65,2
02-01-2024 03:18,7,875,289,89.77,64.28,15.63,264.86,3
02-01-2024 03:19,9,176,219,13.46,85.19,161.74,496.86,1
02-01-2024 03:20,2,251,56,11.27,41.11,263.03,749.55,4
02-01-2024 03:21,8,570,242,46.13,41.68,138.15,222.77,1
02-01-2024 03:22,8,336,396,60.2,70.37,116.01,122.46,2
02-01-2024 03:23,2,499,258,33.62,54.79,57.66,95.54,5
02-01-2024 03:24,4,137,1,32.05,47.16,119.28,363.49,1
02-01-2024 03:25,7,367,449,67.66,76.04,102.62,101.34,4
02-01-2024 03:26,4,68,377,61.14,81.83,298.5,373.97,1
02-01-2024 03:27,4,642,381,24.21,59.29,13.99,692.92,4
02-01-2024 03:28,6,156,289,85.18,28.88,75.46,626.44,1
02-01-2024 03:29,10,507,470,67.8,49.97,25.25,473.73,2
02-01-2024 03:30,6,360,460,40.82,52.83,257.94,683.33,3
02-01-2024 03:31,10,461,103,68.11,47.42,128.11,98.21,5
02-01-2024 03:32,3,791,292,19.58,34.68,239.9,495.35,4
02-01-2024 03:33,9,673,149,49.8,50.42,209.19,110.2,2
02-01-2024 03:34,10,781,84,24.36,48.49,278.77,396.07,4
02-01-2024 03:35,2,684,420,13.52,30.71,12.01,381.5,3
02-01-2024 03:36,6,547,26,38.76,82.76,66.17,226.82,4
02-01-2024 03:37,7,293,175,22.81,81.4,212.1,667.29,3
02-01-2024 03:38,9,739,223,63.85,71.97,177.64,198.02,3
02-01-2024 03:39,3,626,129,67.3,45.07,209.92,450.48,4
02-01-2024 03:40,10,429,422,22.64,42.78,174.77,396.16,2
02-01-2024 03:41,3,564,142,12.09,68.73,176.4,356.69,1
02-01-2024 03:42,7,256,346,77.39,60.61,280.11,46.16,2
02-01-2024 03:43,4,997,302,10.17,60.04,276.78,563.45,2
02-01-2024 03:44,8,443,298,39.23,24.31,16.21,29.89,2
02-01-2024 03:45,7,70,135,52.04,61.37,127.03,660.03,4
02-01-2024 03:46,5,854,55,79.58,82.64,155.62,227.79,1
02-01-2024 03:47,7,576,56,81.28,21.44,110.58,113.6,1
02-01-2024 03:48,3,392,374,71.62,40.44,19.62,345.29,3
02-01-2024 03:49,2,767,76,31.01,53.18,144.33,456.3,1
02-01-2024 03:50,6,251,319,71.22,66.45,292.83,262.08,2
02-01-2024 03:51,2,169,408,30.96,21.72,26.3,114.99,4
02-01-2024 03:52,3,698,339,28.24,80.46,245.92,34.3,1
02-01-2024 03:53,6,861,457,56.51,18.04,62.72,568.97,3
02-01-2024 03:54,5,856,355,67.7,79.33,175.15,711.42,1
02-01-2024 03:55,8,438,132,14.51,17.07,119.17,98.41,4
02-01-2024 03:56,9,586,493,15.1,26.51,107.96,199.89,2
02-01-2024 03:57,3,873,42,76.65,75.02,261.77,35.78,1
02-01-2024 03:58,10,283,352,83.06,79.51,292.18,710.35,4
02-01-2024 03:59,3,682,110,61.38,88.67,119.07,366.9,3
02-01-2024 04:00,3,651,70,46.45,23.68,193.93,741.65,2
02-01-2024 04:01,6,369,284,81.85,54.48,169.14,385.12,3
02-01-2024 04:02,1,761,126,71.95,20.79,27.69,692.5,5
02-01-2024 04:03,7,229,348,59.27,26.73,17.14,762.37,3
02-01-2024 04:04,1,906,296,37.18,28.09,233.15,281.42,3
02-01-2024 04:05,5,417,179,26.83,19.75,121.39,519.75,1
02-01-2024 04:06,10,125,413,45.59,81.97,95.73,539.81,1
02-01-2024 04:07,8,698,298,34.38,24.48,295.75,36.7,3
02-01-2024 04:08,4,699,374,38.84,62.2,30.14,361.82,4
02-01-2024 04:09,5,545,197,53.83,61.93,84.37,687.16,5
02-01-2024 04:10,4,571,261,24.37,29.9,257.76,758.1,1
02-01-2024 04:11,4,250,101,78.53,89.88,127.42,721.39,2
02-01-2024 04:12,8,879,425,22.37,41.05,177.35,778.86,4
02-01-2024 04:13,2,395,61,50.88,82.88,19.27,529.37,1
02-01-2024 04:14,1,532,183,73.41,86.12,276.49,201.58,2
02-01-2024 04:15,3,268,412,51.23,86.17,45.39,468.8,2
02-01-2024 04:16,9,109,297,40.69,71.46,67.94,348.49,3
02-01-2024 04:17,4,708,367,50.37,34.04,51.25,221.75,5
02-01-2024 04:18,10,668,9,82.14,24.05,151.76,622.77,1
02-01-2024 04:19,5,599,413,94.19,57.74,245.97,510.78,3
02-01-2024 04:20,2,695,206,63.65,42,83.74,636.28,3
02-01-2024 04:21,4,960,422,77.44,77.33,46.98,230.2,5
02-01-2024 04:22,2,270,318,11.23,70.87,125.93,725.03,4
02-01-2024 04:23,2,864,54,84.83,35.74,294.59,206.2,3
02-01-2024 04:24,4,990,180,91.09,16.28,8.26,489.5,4
02-01-2024 04:25,6,551,104,58.89,32.8,153.68,64.38,5
02-01-2024 04:26,7,182,126,74.07,57.53,202.46,441.95,3
02-01-2024 04:27,10,895,34,53.58,20.92,242.98,97,1
02-01-2024 04:28,3,102,165,34.33,64.37,225.13,279.13,4
02-01-2024 04:29,3,499,433,82.44,65.38,26.96,691.34,5
02-01-2024 04:30,10,111,298,60.73,27.7,141.25,716.95,2
02-01-2024 04:31,6,72,270,59.25,59.72,28.23,618.49,3
02-01-2024 04:32,3,93,466,66.03,60.52,187.86,306.81,3
02-01-2024 04:33,2,869,289,82.76,50.85,27.72,471.4,3
02-01-2024 04:34,8,607,118,72.21,86.49,19.28,194.7,1
02-01-2024 04:35,5,708,354,27.95,23.11,95.28,549.11,1
02-01-2024 04:36,1,777,92,49.68,45.5,281.96,290.97,2
02-01-2024 04:37,3,901,100,93.33,81.22,214.45,192.38,3
02-01-2024 04:38,10,96,493,57.14,43.97,6.19,476.28,5
02-01-2024 04:39,8,908,496,89.75,46.85,88.99,107.21,1
02-01-2024 04:40,4,869,485,79.14,65.12,10.16,555.63,1
02-01-2024 04:41,7,73,87,66.61,64.92,91.82,165.86,2
02-01-2024 04:42,10,706,234,39.7,16.72,207.22,451.7,5
02-01-2024 04:43,2,138,401,35.87,49.18,229.13,326.16,4
02-01-2024 04:44,7,223,124,64.69,40.01,242.21,461.67,1
02-01-2024 04:45,5,625,203,46.77,62.08,273.45,211.85,5
02-01-2024 04:46,5,168,32,77.89,56.68,112.91,262.1,4
02-01-2024 04:47,6,784,357,74.64,63.81,259.47,129.45,1
02-01-2024 04:48,9,717,463,36.53,64.03,219.66,626.03,1
02-01-2024 04:49,6,227,452,69.73,34.12,163.64,74.69,5
02-01-2024 04:50,8,881,39,52.04,33.48,286.62,313.62,1
02-01-2024 04:51,7,973,94,37.48,42.77,284.58,370.3,4
02-01-2024 04:52,9,391,10,45.1,33.15,269.79,172.26,1
02-01-2024 04:53,4,617,215,86.1,66.21,64.66,320.16,3
02-01-2024 04:54,2,108,408,40.56,60.21,66.33,346.11,4
02-01-2024 04:55,7,950,100,34.43,31.23,270.8,194.98,5
02-01-2024 04:56,6,487,244,39.9,81.31,122.38,518.62,5
02-01-2024 04:57,1,477,58,28.24,49.55,240.25,44.07,1
02-01-2024 04:58,9,475,453,56.29,24.53,207.65,174.1,4
02-01-2024 04:59,9,430,357,22.53,30.97,229.9,506.78,5
02-01-2024 05:00,2,535,491,79.48,55.49,12.75,509.47,3
02-01-2024 05:01,3,781,320,29.17,40.38,131.84,226.9,2
02-01-2024 05:02,5,234,19,60.83,78.84,257.84,552.78,3
02-01-2024 05:03,5,608,357,20.63,52.11,149.53,386.44,3
02-01-2024 05:04,1,509,117,93.17,83.65,208.59,431.25,4
02-01-2024 05:05,8,938,136,48.64,22.64,228.01,279.44,1
02-01-2024 05:06,8,970,327,79.88,65.14,40.62,787.73,5
02-01-2024 05:07,4,151,296,75.34,81.43,50.94,595.16,1
02-01-2024 05:08,7,605,13,70.66,36.97,218.74,213.78,4
02-01-2024 05:09,10,64,101,80.33,25.18,21.1,204.52,4
02-01-2024 05:10,3,797,380,18.54,49.25,105.86,623.86,5
02-01-2024 05:11,6,922,155,67.67,87.1,275.83,322.65,3
02-01-2024 05:12,10,100,82,32.6,62.51,174.43,91.38,4
02-01-2024 05:13,10,358,88,76.8,63.3,273.59,47.77,5
02-01-2024 05:14,9,83,105,91.33,65.36,96.28,342.89,3
02-01-2024 05:15,1,685,130,86.63,17.98,192.8,343.47,2
02-01-2024 05:16,5,638,272,19.77,48.42,89.59,571.35,2
02-01-2024 05:17,4,953,14,41.41,20.82,37.78,468.32,4
02-01-2024 05:18,8,684,128,40.97,38.69,297.26,620.69,5
02-01-2024 05:19,1,254,401,20.4,76.62,56.99,267.85,2
02-01-2024 05:20,9,789,60,18.34,64.22,60.6,506.92,1
02-01-2024 05:21,6,119,454,42.72,89.67,253.37,710.85,1
02-01-2024 05:22,4,279,227,94.33,27.91,241.66,74.04,5
02-01-2024 05:23,9,529,17,58.36,44.78,293.46,572.59,1
02-01-2024 05:24,5,582,45,62.85,75.72,26.16,578.39,4
02-01-2024 05:25,5,157,38,50.04,31.18,32.77,639.34,2
02-01-2024 05:26,5,925,124,66.3,26.53,137.37,229.86,2
02-01-2024 05:27,1,290,360,91.32,47.07,179.57,344.89,5
02-01-2024 05:28,1,300,64,60.04,43.78,16.22,206.97,3
02-01-2024 05:29,8,184,377,15.53,88.52,51.72,260.69,2
02-01-2024 05:30,8,139,253,51.9,49.22,212.48,775.44,3
02-01-2024 05:31,6,640,262,94.38,79.57,202.22,367.61,3
02-01-2024 05:32,4,489,444,42.93,81.6,31.46,681.87,5
02-01-2024 05:33,2,738,112,60.48,26.84,279.84,640.01,3
02-01-2024 05:34,2,347,102,19.06,68.65,80.16,366.73,3
02-01-2024 05:35,9,456,49,22,35.82,266.73,793.9,5
02-01-2024 05:36,5,357,277,84.35,22.11,277.28,675.81,5
02-01-2024 05:37,4,151,227,35.53,80.6,149.57,396.5,5
02-01-2024 05:38,10,410,23,35.96,36.93,126.53,261.57,5
02-01-2024 05:39,1,896,332,42.91,40.9,87.05,78.73,5
02-01-2024 05:40,7,673,185,92.15,39.3,243.18,382.54,1
02-01-2024 05:41,3,742,64,17.17,30.02,62.99,300.81,4
02-01-2024 05:42,6,665,157,79.59,47.59,188.53,574.87,2
02-01-2024 05:43,5,577,283,39.03,47.12,172.3,35.35,5
02-01-2024 05:44,5,657,390,82.2,45.66,78.42,668.53,3
02-01-2024 05:45,5,342,149,94.3,83.72,295,344.97,2
02-01-2024 05:46,1,195,327,39.64,40.48,254.67,386.39,5
02-01-2024 05:47,1,453,363,21,17.28,11.06,162.58,1
02-01-2024 05:48,3,863,169,22.27,28.38,129.56,751.24,3
02-01-2024 05:49,10,51,464,74.49,69.11,110.9,330.74,1
02-01-2024 05:50,4,168,133,22.32,59.31,265.43,677.33,4
02-01-2024 05:51,5,904,399,32.14,86.38,83.03,205.21,4
02-01-2024 05:52,2,655,405,27.37,67.08,299.54,95.39,5
02-01-2024 05:53,8,240,314,40.23,29.57,64.02,515.89,4
02-01-2024 05:54,2,52,132,16.32,24.05,76.95,787.84,5
02-01-2024 05:55,9,991,197,82.82,54.06,201.49,524.61,5
02-01-2024 05:56,2,536,135,83.11,64.89,52.51,494.8,4
02-01-2024 05:57,9,672,35,45.1,27.42,267.2,364.94,4
02-01-2024 05:58,7,226,420,62.03,60.13,37.43,241.37,1
02-01-2024 05:59,8,306,377,64.57,79.88,295.08,356.05,1
02-01-2024 06:00,2,922,399,73.69,69.57,263.02,136.19,1
02-01-2024 06:01,7,583,220,54.26,64.81,252.7,224.29,3
02-01-2024 06:02,6,526,386,53.38,74.2,125.13,400.16,3
02-01-2024 06:03,4,447,376,63.66,22.81,156.52,132.94,2
02-01-2024 06:04,7,545,185,69.76,30.29,139.63,637.39,5
02-01-2024 06:05,4,269,5,39.47,17.86,296.29,29.02,5
02-01-2024 06:06,2,222,71,38.08,25.87,15.27,270.84,3
02-01-2024 06:07,10,785,342,32.93,83.49,117.6,422.99,3
02-01-2024 06:08,7,439,241,56.65,31.66,290.67,744.58,5
02-01-2024 06:09,8,551,351,40.61,64.66,113.97,467.29,2
02-01-2024 06:10,2,626,416,55.93,66.87,122.52,250.03,4
02-01-2024 06:11,5,838,456,44.51,63.4,191.23,294.71,2
02-01-2024 06:12,1,810,297,81.12,56.54,272.64,284.54,3
02-01-2024 06:13,7,309,426,16.22,51.46,91.88,160.69,3
02-01-2024 06:14,8,180,331,58.64,46.49,284.54,132.98,4
02-01-2024 06:15,6,162,193,58.93,83.77,88.36,394.9,4
02-01-2024 06:16,5,847,495,42.62,15.71,245.54,230.8,2
02-01-2024 06:17,6,848,168,45.79,19.01,86.37,91.64,5
02-01-2024 06:18,2,979,339,78.01,51.94,26.53,188.85,5
02-01-2024 06:19,1,772,236,33.86,39.79,244.63,426.17,1
02-01-2024 06:20,7,69,294,84.07,45.62,137.77,220.38,2
02-01-2024 06:21,7,264,298,86.19,89.84,120.27,205.44,3
02-01-2024 06:22,10,359,248,65.3,73.14,131.82,504.11,1
02-01-2024 06:23,10,300,165,75.69,80.81,185.42,557.74,2
02-01-2024 06:24,2,537,312,62.1,42.64,82.49,208.17,5
02-01-2024 06:25,2,431,71,54.65,32.97,75,388.27,4
02-01-2024 06:26,1,458,231,92.17,72.6,147.61,616.36,3
02-01-2024 06:27,10,320,55,34.03,75.57,15.51,558.13,1
02-01-2024 06:28,8,983,473,23.1,56.24,194.64,74.05,4
02-01-2024 06:29,8,456,182,34.44,82.2,247.74,300.86,3
02-01-2024 06:30,1,741,22,62.24,87.55,219.59,584.16,5
02-01-2024 06:31,8,243,283,25.74,50.33,143.44,159.96,5
02-01-2024 06:32,9,490,105,87.25,31.7,171.79,172.82,5
02-01-2024 06:33,4,362,175,44.94,53.78,12.72,511.53,2
02-01-2024 06:34,1,128,294,82.25,89.21,274.14,241.33,3
02-01-2024 06:35,1,229,368,31.19,36.97,169.63,272.53,2
02-01-2024 06:36,3,724,39,36.62,61.32,98.34,427.8,5
02-01-2024 06:37,5,763,399,15.03,67.05,91.61,605.45,3
02-01-2024 06:38,5,63,375,31.91,31.04,199.6,408.67,3
02-01-2024 06:39,9,908,450,51.68,59.13,177.38,716.87,5
02-01-2024 06:40,10,295,445,90.42,38.59,60.41,103.18,2
02-01-2024 06:41,2,63,60,43.06,79.07,125.93,608.24,1
02-01-2024 06:42,2,148,392,64.38,68.61,204.47,444.04,5
02-01-2024 06:43,6,82,300,46.36,76.97,92.81,657.02,5
02-01-2024 06:44,9,485,299,13.98,29.98,155.24,266.79,1
02-01-2024 06:45,1,306,390,52.8,17.59,80.19,396.04,1
02-01-2024 06:46,9,83,212,15.6,78.79,26.15,662.41,3
02-01-2024 06:47,9,68,155,85.11,44.01,119.53,668.79,1
02-01-2024 06:48,9,713,173,74.01,28.48,220.96,313.27,3
02-01-2024 06:49,5,309,23,42.19,21.89,68.09,661.31,1
02-01-2024 06:50,9,725,240,64.42,53.74,227.58,552.27,2
02-01-2024 06:51,4,638,488,19.52,26.26,202.5,339.36,3
02-01-2024 06:52,2,875,209,69.72,57.5,154.67,776.37,2
02-01-2024 06:53,6,465,122,79.93,69.55,291.58,44.1,1
02-01-2024 06:54,4,186,253,79.85,55.13,265.61,318.48,2
02-01-2024 06:55,6,408,141,34.16,82.78,171.14,259.42,5
02-01-2024 06:56,3,769,452,32.42,26.67,169.55,749.89,1
02-01-2024 06:57,6,803,340,54.32,52.05,86.94,97.57,3
02-01-2024 06:58,2,628,362,92.26,27.24,276.46,509.86,1
02-01-2024 06:59,2,165,320,88.24,80.69,269.3,578.97,4
02-01-2024 07:00,9,453,153,40.57,84.92,223.91,163.66,5
02-01-2024 07:01,7,251,381,76.29,45,42.73,136.96,3
02-01-2024 07:02,3,425,214,88.31,37.93,212.58,57.31,1
02-01-2024 07:03,1,299,308,32.18,35.95,79.67,143.92,5
02-01-2024 07:04,8,495,48,80.58,79.48,60.7,650.41,3
02-01-2024 07:05,6,327,317,32.77,66.18,228.97,756.29,5
02-01-2024 07:06,7,161,17,39.18,81.04,288.12,723.11,3
02-01-2024 07:07,9,892,296,26.9,23.81,37.13,304.94,5
02-01-2024 07:08,5,522,331,53.1,50.7,53.37,586.18,3
02-01-2024 07:09,1,795,345,81.68,65.71,69.67,665.09,3
02-01-2024 07:10,10,737,69,54.88,82.28,289.06,653.74,4
02-01-2024 07:11,7,441,85,20.49,43.65,210.44,68.89,3
02-01-2024 07:12,5,192,282,31.4,38.48,205.09,187.57,4
02-01-2024 07:13,3,81,208,57.84,83.47,153.98,752.38,1
02-01-2024 07:14,9,230,440,59.57,18.56,163.59,597.13,1
02-01-2024 07:15,1,628,40,59.04,50.97,90.6,670.79,5
02-01-2024 07:16,1,565,469,16.55,49.4,50.59,421.02,2
02-01-2024 07:17,1,847,496,74.06,25.95,235.18,326.58,2
02-01-2024 07:18,3,318,96,87.3,44.62,143.85,527.95,1
02-01-2024 07:19,6,285,452,53.39,69.19,80.52,388.83,4
02-01-2024 07:20,10,326,486,71.1,42.52,191.67,311.53,3
02-01-2024 07:21,3,602,250,87.69,38.22,66.79,291.34,5
02-01-2024 07:22,8,682,373,64.62,73.64,149.19,143.17,3
02-01-2024 07:23,10,324,136,67.32,89.15,61.11,432.94,3
02-01-2024 07:24,2,792,73,71.32,73.45,229.1,425.48,2
02-01-2024 07:25,9,865,301,32.14,78.48,99.64,480.8,1
02-01-2024 07:26,3,135,273,59.53,85.46,135.3,110.65,4
02-01-2024 07:27,5,112,169,81.58,75.13,227.69,733.64,2
02-01-2024 07:28,10,453,333,35.17,88.53,199.58,598.8,3
02-01-2024 07:29,8,241,393,86.26,71.05,122.91,122.15,3
02-01-2024 07:30,2,342,198,62.73,64.61,25.95,81.89,1
02-01-2024 07:31,6,80,347,45.97,67,276.87,521.48,4
02-01-2024 07:32,5,379,106,62.97,82.51,7.34,286.37,1
02-01-2024 07:33,10,707,101,44.16,66.23,221.71,268.86,5
02-01-2024 07:34,9,156,359,81.23,72.09,283.89,675.19,5
02-01-2024 07:35,5,920,235,51,31.2,95.47,289.21,2
02-01-2024 07:36,2,671,280,86.6,83.45,27.26,513.1,1
02-01-2024 07:37,5,325,329,53.33,48.54,78.62,438.92,3
02-01-2024 07:38,4,771,377,66.13,27.08,97.46,225.11,5
02-01-2024 07:39,7,700,106,94.81,74.98,138.14,278.68,2
02-01-2024 07:40,6,647,395,22.49,41.73,159.95,755.69,5
02-01-2024 07:41,2,605,35,72.62,28.81,218.97,278.47,5
02-01-2024 07:42,5,131,157,21.8,34.22,270.77,631.52,5
02-01-2024 07:43,7,113,392,81.3,17.62,142.11,691.79,5
02-01-2024 07:44,7,939,273,60.7,21.8,225.17,75.41,1
02-01-2024 07:45,5,979,455,89.74,59.45,42.52,537.22,3
02-01-2024 07:46,9,904,396,83.61,79.97,101.99,604.42,1
02-01-2024 07:47,4,882,240,16.36,48.64,39.83,358.54,2
02-01-2024 07:48,3,616,207,21.67,61.95,209.06,464.07,2
02-01-2024 07:49,4,635,245,61.1,75.73,272.76,146.21,2
02-01-2024 07:50,5,934,93,54.06,41.76,267.27,268.43,3
02-01-2024 07:51,6,178,109,24.33,64.07,101.3,571.98,1
02-01-2024 07:52,3,305,306,21,41.28,74.09,490.01,2
02-01-2024 07:53,2,983,114,57.94,63.2,85.84,126.38,1
02-01-2024 07:54,4,280,24,14.16,31.32,89.76,790.68,3
02-01-2024 07:55,5,546,293,84.27,88.34,29.26,751.48,3
02-01-2024 07:56,4,186,462,78.6,20.71,44.34,194.81,2
02-01-2024 07:57,3,912,252,76.76,52.89,68.27,702.59,1
02-01-2024 07:58,8,504,267,11.36,36.47,7.41,228.39,4
02-01-2024 07:59,10,962,355,14.05,60.06,18.93,459.72,3
02-01-2024 08:00,4,404,209,56.74,47.12,211.07,630,2
02-01-2024 08:01,2,673,443,94.53,38,187.7,288.38,3
02-01-2024 08:02,2,534,55,39.1,33.75,283.9,453.01,1
02-01-2024 08:03,1,869,27,39.27,28.69,123.52,371.28,4
02-01-2024 08:04,4,195,492,21.41,73.72,136.08,612.95,4
02-01-2024 08:05,10,82,323,67.32,31.66,24.98,393.37,4
02-01-2024 08:06,9,309,444,64.97,73.01,49.91,462.19,4
02-01-2024 08:07,7,136,2,18.61,51.38,209.02,679.54,5
02-01-2024 08:08,10,892,68,49.73,20.42,74.34,564.94,1
02-01-2024 08:09,7,997,402,66.7,27.41,233.12,431.45,4
02-01-2024 08:10,7,314,148,51.95,81.97,213.18,379.81,1
02-01-2024 08:11,8,881,469,67.32,60.21,225.44,118.88,5
02-01-2024 08:12,1,591,319,79.38,28.82,208.72,63.97,2
02-01-2024 08:13,10,441,462,68.29,67.78,213.76,763.16,5
02-01-2024 08:14,10,281,328,62.37,76.74,166.31,165.49,3
02-01-2024 08:15,8,950,130,82.56,39.8,205.08,235.96,1
02-01-2024 08:16,4,637,474,86.55,56.74,160.22,496.54,2
02-01-2024 08:17,4,496,83,43.06,37.01,65.8,665.78,4
02-01-2024 08:18,4,178,42,24.73,21,69.19,669.85,2
02-01-2024 08:19,6,320,156,79.52,44.96,124.56,667.12,5
02-01-2024 08:20,7,138,157,28.17,71.36,9.11,782.91,4
02-01-2024 08:21,6,515,453,88.96,49.4,267.34,63.45,5
02-01-2024 08:22,1,983,107,11.94,45.4,84.14,331.88,3
02-01-2024 08:23,8,219,284,88.31,42.45,20.2,732.6,4
02-01-2024 08:24,10,177,188,60.08,49.42,130.21,384.52,1
02-01-2024 08:25,7,223,105,75.85,38.87,245.6,699.61,4
02-01-2024 08:26,6,998,112,43.87,60.91,122.22,33.77,2
02-01-2024 08:27,6,75,474,94.3,19.77,82.49,413.41,2
02-01-2024 08:28,5,622,133,29.34,75.55,165.75,739.51,4
02-01-2024 08:29,6,560,271,32.47,27.99,174.44,223.8,2
02-01-2024 08:30,9,537,110,14.37,62.51,228.96,745.13,5
02-01-2024 08:31,10,940,73,89.94,48.74,240.93,26.61,1
02-01-2024 08:32,9,628,416,48.76,73.01,213.33,81.56,3
02-01-2024 08:33,10,999,436,67.36,76.96,6.34,391.92,5
02-01-2024 08:34,8,455,346,68.43,30.32,5.61,102.98,3
02-01-2024 08:35,10,75,293,84.33,65.79,293.35,195.97,1
02-01-2024 08:36,9,132,143,66.52,29.24,82.94,252.07,4
02-01-2024 08:37,10,413,425,57.77,24.3,88.29,395.57,2
02-01-2024 08:38,8,416,260,70.38,84.77,221.01,324.6,4
02-01-2024 08:39,8,109,245,73.83,27.33,176.57,739.28,4
02-01-2024 08:40,1,600,437,25.8,32.11,141.75,711.09,1
02-01-2024 08:41,10,684,484,19.32,24.77,39.35,603.5,5
02-01-2024 08:42,5,341,340,16.36,50.27,29.04,534.26,1
02-01-2024 08:43,4,838,155,41.79,83.97,212.57,179.39,4
02-01-2024 08:44,2,986,149,52.33,34.8,41.76,489.42,3
02-01-2024 08:45,8,935,60,62.33,55.64,133.56,134.71,1
02-01-2024 08:46,3,865,86,91.43,45.86,222.16,373.12,5
02-01-2024 08:47,4,843,192,38.12,40.2,277.34,379.99,1
02-01-2024 08:48,7,240,327,74.67,57.91,262.71,557.97,2
02-01-2024 08:49,10,510,431,55.17,56.92,259.89,671.4,5
02-01-2024 08:50,9,853,182,28.71,41.95,110.76,269.99,2
02-01-2024 08:51,2,713,287,62.3,78.79,278.52,52.12,3
02-01-2024 08:52,3,945,273,92.21,18.99,206.68,56.64,4
02-01-2024 08:53,4,282,255,20.57,21.39,266.51,702.36,2
02-01-2024 08:54,10,523,434,53.12,89.31,31.23,399.33,2
02-01-2024 08:55,1,454,7,14.39,71.08,16.67,213.45,4
02-01-2024 08:56,7,707,126,37.3,75.29,131.75,45.18,3
02-01-2024 08:57,2,320,83,62.75,60.2,249.26,432.44,4
02-01-2024 08:58,5,896,28,81.49,46.49,125.52,126.93,2
02-01-2024 08:59,1,183,266,72.08,62.19,265.97,345.28,1
02-01-2024 09:00,3,220,283,49.34,21.94,74.26,422.54,2
02-01-2024 09:01,2,464,397,87.28,71.83,16.61,198.78,4
02-01-2024 09:02,1,77,450,35.73,55.56,229.58,175.09,5
02-01-2024 09:03,7,185,470,74.09,86.75,189.72,35.45,5
02-01-2024 09:04,5,974,251,50.29,62.81,134.83,476.71,4
02-01-2024 09:05,1,454,468,86.38,26.38,254.35,176.34,5
02-01-2024 09:06,6,937,188,77.78,50.82,248.13,705.02,4
02-01-2024 09:07,5,554,383,86.62,19.34,100.74,490.95,1
02-01-2024 09:08,3,290,299,28.21,70.91,252.2,454,4
02-01-2024 09:09,7,905,69,66.79,52.64,106.82,413.65,1
02-01-2024 09:10,10,493,319,72.77,42.72,188.46,187.94,5
02-01-2024 09:11,9,483,326,73.11,87.64,61.79,776.14,3
02-01-2024 09:12,9,277,99,52.84,85.54,82.94,774.29,5
02-01-2024 09:13,9,558,193,10.96,86.46,137.12,270.59,4
02-01-2024 09:14,2,848,227,32.22,31.57,97.81,625.45,5
02-01-2024 09:15,3,352,451,37.48,69.64,43.1,113.01,3
02-01-2024 09:16,7,83,182,82.42,85.9,147.29,628.81,5
02-01-2024 09:17,5,51,420,81.48,57.82,155.85,243.34,3
02-01-2024 09:18,2,411,327,18.9,31.06,51.82,245.52,2
02-01-2024 09:19,3,244,93,90.74,76.34,56.42,415.64,4
02-01-2024 09:20,10,655,143,25.51,80.99,13.66,326.02,4
02-01-2024 09:21,6,889,203,45.22,67.74,13.95,111.91,3
02-01-2024 09:22,7,357,402,28.29,37.02,110.8,482.6,1
02-01-2024 09:23,9,696,492,83.13,29.3,48.26,186.8,3
02-01-2024 09:24,1,765,132,73.7,61.82,276.13,366.69,2
02-01-2024 09:25,7,299,472,40.05,51.21,63.83,200.19,4
02-01-2024 09:26,8,196,267,67.96,65.16,24.46,688.92,4
02-01-2024 09:27,3,395,134,25.67,23.38,124.23,283.66,5
02-01-2024 09:28,4,397,378,42.5,25.19,61.78,712.24,3
02-01-2024 09:29,10,303,179,42.05,42.22,23.22,274.36,2
02-01-2024 09:30,6,448,186,30.22,34.41,227.05,160.01,5
02-01-2024 09:31,10,383,444,84.49,61.45,169.34,469.78,1
02-01-2024 09:32,7,225,18,67.7,42.57,21.82,453.01,5
02-01-2024 09:33,4,174,463,33.79,66.3,143.07,502.75,2
02-01-2024 09:34,8,812,323,30.58,72.66,16.46,255.67,3
02-01-2024 09:35,5,447,401,11.53,29.04,109.52,269.58,1
02-01-2024 09:36,1,180,97,39.46,83.99,112.17,205.2,4
02-01-2024 09:37,4,611,34,54.78,74.04,247.78,744.15,5
02-01-2024 09:38,3,654,414,33.61,62.01,221.91,552.71,2
02-01-2024 09:39,9,941,403,69.54,83.17,269.6,609.88,3
02-01-2024 09:40,8,871,393,45,34.94,46.45,171.45,5
02-01-2024 09:41,1,951,424,36.89,46.63,162.46,536.03,2
02-01-2024 09:42,6,994,300,89.82,21.43,10.96,614.88,1
02-01-2024 09:43,9,456,351,32.34,49.21,248.53,287.12,5
02-01-2024 09:44,7,781,187,43.85,52.98,113.14,143,5
02-01-2024 09:45,4,895,347,42.49,61.21,25.45,563.66,3
02-01-2024 09:46,1,383,111,30.5,19.8,100.77,496.69,2
02-01-2024 09:47,2,69,409,28.49,17.43,89.64,468.98,2
02-01-2024 09:48,5,254,247,35.7,46.49,230.97,162.4,4
02-01-2024 09:49,5,652,71,83.46,29.18,42.35,224.74,4
02-01-2024 09:50,8,404,309,75.2,71.91,168.95,507.41,2
02-01-2024 09:51,6,222,432,67.88,65.16,239.21,498.6,5
02-01-2024 09:52,8,238,327,48.85,39.44,223.16,452.68,1
02-01-2024 09:53,2,873,212,53.16,18.43,281.09,619.15,4
02-01-2024 09:54,3,51,309,32.71,28.68,5.19,655.43,4
02-01-2024 09:55,6,922,108,16.32,66.88,109.37,235.68,1
02-01-2024 09:56,10,990,177,38.14,89.26,114.03,142.93,3
02-01-2024 09:57,3,217,427,52.12,39.48,14.83,176.91,5
02-01-2024 09:58,6,417,228,14.87,75.15,246.09,239.42,4
02-01-2024 09:59,6,585,19,17.5,80.03,208.22,759.24,3
02-01-2024 10:00,2,974,322,32.36,18.61,160.78,126.99,2
02-01-2024 10:01,7,926,418,41.2,83.72,124.48,705.43,4
02-01-2024 10:02,2,629,248,43.43,49.97,269.15,178.63,1
02-01-2024 10:03,6,419,209,20.02,87.32,83.02,291.79,2
02-01-2024 10:04,1,755,216,29.19,55.39,103.69,118.18,2
02-01-2024 10:05,3,645,201,32.24,32.64,286.03,100.62,5
02-01-2024 10:06,2,999,438,15.75,88.1,24.06,94.21,3
02-01-2024 10:07,7,486,257,37.72,33.25,235.28,287.35,5
02-01-2024 10:08,4,256,106,16.14,81.19,216.83,428.48,2
02-01-2024 10:09,8,98,476,69.79,27.98,271.06,176.63,5
02-01-2024 10:10,6,593,311,42.81,65.61,31.72,747.49,1
02-01-2024 10:11,10,878,271,37.77,45.85,291.28,477.41,4
02-01-2024 10:12,4,731,383,20.75,87.9,13.51,710.35,1
02-01-2024 10:13,5,178,469,29.25,28.86,104.62,136.08,2
02-01-2024 10:14,9,496,271,29.78,45.66,30.02,131.93,5
02-01-2024 10:15,7,663,121,93.74,62.98,20.1,680.47,3
02-01-2024 10:16,10,84,407,81,88.32,289.59,463.03,3
02-01-2024 10:17,9,868,245,11.3,37.79,217.3,752.1,2
02-01-2024 10:18,7,248,66,62.43,44.77,154.18,134.58,4
02-01-2024 10:19,1,862,430,31.75,49.63,36.92,40.29,5
02-01-2024 10:20,8,126,228,18.87,33.95,160.18,734.92,1
02-01-2024 10:21,4,418,370,69.98,76.3,99.42,565.09,1
02-01-2024 10:22,3,882,137,21.19,21.9,85.12,649.59,3
02-01-2024 10:23,7,575,194,47.72,67.86,187.34,250.89,1
02-01-2024 10:24,3,398,194,63.73,55.04,238.32,22.39,4
02-01-2024 10:25,8,555,146,57.13,33.14,135.76,396.65,2
02-01-2024 10:26,6,692,145,93.1,51.96,150.52,792.21,5
02-01-2024 10:27,5,287,489,76.79,77.25,197.17,727.88,1
02-01-2024 10:28,4,329,72,75.81,48.41,41.77,76.18,2
02-01-2024 10:29,8,626,354,40.23,24.14,249.44,166.47,5
02-01-2024 10:30,8,481,418,10.71,18.06,251.9,262.76,2
02-01-2024 10:31,1,187,453,72.42,73.33,164.61,667.71,1
02-01-2024 10:32,9,318,192,94.98,39.78,60.33,663.28,2
02-01-2024 10:33,5,789,44,44.5,84.84,152.73,164.3,4
02-01-2024 10:34,4,250,157,93.77,61.29,36.25,435.8,3
02-01-2024 10:35,6,191,446,22.05,47.72,230.17,411.4,5
02-01-2024 10:36,6,661,476,35.2,57.33,96.79,343.14,5
02-01-2024 10:37,2,699,16,24.51,49.28,96.77,438.02,4
02-01-2024 10:38,8,729,78,50.39,82.94,283.79,248.38,2
02-01-2024 10:39,7,968,52,77.74,49.35,129.45,434.61,5
02-01-2024 10:40,1,660,2,38.96,22.8,237.92,554.77,3
02-01-2024 10:41,5,872,232,87.03,59.78,192.96,68.75,1
02-01-2024 10:42,6,880,61,56.31,61.72,98.27,774.5,5
02-01-2024 10:43,4,888,132,49.56,72.4,41.52,148.94,4
02-01-2024 10:44,2,987,382,76.9,85,240.33,301.03,4
02-01-2024 10:45,4,404,52,18.62,48.23,229.94,387.09,3
02-01-2024 10:46,1,627,297,75.77,41.41,54.9,51.97,4
02-01-2024 10:47,7,896,180,30.65,51.81,78.49,447.72,2
02-01-2024 10:48,2,378,31,33.87,82.51,231.04,698.58,5
02-01-2024 10:49,2,608,410,60.95,88.5,295.17,722.79,5
02-01-2024 10:50,9,898,155,86.66,87.84,253.87,274.43,5
02-01-2024 10:51,5,943,121,59.16,32.23,206.82,455.86,2
02-01-2024 10:52,2,280,51,65.16,52.27,275.05,625.9,2
02-01-2024 10:53,9,357,482,76.01,34.46,89.14,217.22,5
02-01-2024 10:54,9,707,95,32.04,42.6,7.85,432.21,5
02-01-2024 10:55,1,768,176,80.31,17.38,99.69,306.04,4
02-01-2024 10:56,3,195,11,45.53,27.05,291.72,314.98,1
02-01-2024 10:57,4,201,392,24.93,44.78,265.18,93.43,2
02-01-2024 10:58,7,840,12,39.76,42.35,19.86,337.37,4
02-01-2024 10:59,10,189,355,30.92,35.91,153.08,145.49,5
02-01-2024 11:00,4,712,45,29.44,32.27,28.31,254.99,5
02-01-2024 11:01,2,70,290,34.02,71.17,237.76,277.62,5
02-01-2024 11:02,7,303,205,25.38,37.09,114.92,355.87,1
02-01-2024 11:03,6,113,219,66.75,67.99,274.02,735.19,2
02-01-2024 11:04,3,267,328,59.3,42.65,21.06,512.18,5
02-01-2024 11:05,6,121,431,65.12,75.15,221.53,780.08,4
02-01-2024 11:06,6,211,256,39.22,27.54,122.81,480.71,3
02-01-2024 11:07,5,179,248,75.43,26.82,84.13,648.28,3
02-01-2024 11:08,4,630,21,21.02,65.98,157.65,670.64,1
02-01-2024 11:09,10,976,41,58.55,83.62,148.22,596.42,2
02-01-2024 11:10,1,274,459,33.41,25.72,107.9,542.53,2
02-01-2024 11:11,10,807,278,54.85,20.53,196.41,345.97,1
02-01-2024 11:12,6,629,277,37.51,85.1,200.09,462.48,3
02-01-2024 11:13,2,503,412,77.19,23.8,27.76,171.1,3
02-01-2024 11:14,3,964,195,85.76,33.78,180.65,502.23,5
02-01-2024 11:15,8,433,71,73.12,84.71,214.67,421.15,4
02-01-2024 11:16,10,156,270,24.92,75.22,27.39,647.37,5
02-01-2024 11:17,6,670,335,33.36,40.71,199.44,723.98,2
02-01-2024 11:18,3,889,73,88.15,86.59,242.17,123.58,5
02-01-2024 11:19,7,152,308,47.16,57.6,250.42,558.91,2
02-01-2024 11:20,4,190,427,90,20.42,17.29,761.04,5
02-01-2024 11:21,9,626,199,43.36,67.73,210.74,735.95,4
02-01-2024 11:22,5,183,76,90.9,55.3,240.11,670.85,5
02-01-2024 11:23,3,248,275,88.69,57.94,122.06,57.71,5
02-01-2024 11:24,2,929,283,66.14,89.56,165.14,216.94,5
02-01-2024 11:25,2,559,146,10.75,26.44,83.21,135.67,2
02-01-2024 11:26,3,716,13,44.03,64.26,96.52,743.01,5
02-01-2024 11:27,2,128,363,87.45,49.41,152.98,604.13,3
02-01-2024 11:28,4,997,129,85.23,35.39,49.59,434.79,3
02-01-2024 11:29,2,943,230,25.93,67.02,114.3,783.93,4
02-01-2024 11:30,10,531,85,43.93,65.12,93.92,171.88,1
02-01-2024 11:31,9,561,162,81.02,79.24,75.28,520.43,5
02-01-2024 11:32,2,299,397,59.12,80.92,147.75,495.32,5
02-01-2024 11:33,9,938,365,82.02,57.14,252.41,285.55,2
02-01-2024 11:34,6,648,371,80.26,39.42,76.47,398.6,1
02-01-2024 11:35,1,865,489,87.14,54.72,199.62,203.6,1
02-01-2024 11:36,4,802,51,19.96,41.94,79.99,548.15,5
02-01-2024 11:37,1,649,215,22.34,35.8,46.91,346.23,5
02-01-2024 11:38,6,532,1,17.04,56.37,283.28,38.37,5
02-01-2024 11:39,4,885,471,89.5,64.35,191.8,761.61,1
02-01-2024 11:40,3,221,377,50.39,59.29,35.86,411.11,3
02-01-2024 11:41,3,918,412,15.47,86.58,191.63,570.39,2
02-01-2024 11:42,9,66,123,37.33,37.4,57.02,173.61,3
02-01-2024 11:43,6,784,288,39.87,42.93,266.9,119.24,5
02-01-2024 11:44,9,343,200,78.81,65.07,78,723.89,1
02-01-2024 11:45,5,443,183,72.52,60.03,243.01,480.93,3
02-01-2024 11:46,2,871,410,68.6,15.14,63.76,404.81,1
02-01-2024 11:47,8,547,398,11.86,38.42,169.7,426.5,5
02-01-2024 11:48,5,268,216,87.41,34.03,274.14,204.24,3
02-01-2024 11:49,2,283,240,28.32,77.99,92.32,731.9,1
02-01-2024 11:50,4,439,349,63.47,79.97,29.01,187.11,4
02-01-2024 11:51,9,297,68,15.25,36.29,168.01,143.24,3
02-01-2024 11:52,4,951,319,16.93,22.66,55.84,745.44,2
02-01-2024 11:53,4,101,82,10.81,30.39,219.86,220.91,1
02-01-2024 11:54,2,64,142,58.1,28.24,179.29,692.74,5
02-01-2024 11:55,6,373,411,63.5,32.81,107.18,622.56,5
02-01-2024 11:56,2,490,41,14.29,32.6,213.17,317.92,3
02-01-2024 11:57,7,161,239,34.69,50.99,75.37,218.12,5
02-01-2024 11:58,3,745,3,82.37,38.97,275.53,612.01,4
02-01-2024 11:59,3,921,94,18.61,56.99,107.33,486.13,2
02-01-2024 12:00,5,56,59,28.41,40.81,230.08,218.15,3
02-01-2024 12:01,3,612,228,46.07,76.1,81.26,714.89,3
02-01-2024 12:02,2,875,407,81.59,86.31,215.87,582.37,5
02-01-2024 12:03,10,802,18,31.66,45.29,14.3,729.24,1
02-01-2024 12:04,9,294,494,94.76,18.71,92.18,361.23,5
02-01-2024 12:05,2,497,239,40.2,32.97,32.4,120,1
02-01-2024 12:06,2,414,360,42.85,22.64,138.11,740.78,5
02-01-2024 12:07,8,416,74,20.38,40.86,133.36,489.11,1
02-01-2024 12:08,9,971,376,67.82,63.38,110.91,492.73,1
02-01-2024 12:09,7,747,332,30.69,53.92,294.44,475.73,4
02-01-2024 12:10,3,336,169,63.45,33.22,77.01,388.47,4
02-01-2024 12:11,9,653,264,28.97,72.54,238.36,218.93,4
02-01-2024 12:12,3,155,160,42.97,24.86,137,498.16,5
02-01-2024 12:13,5,62,337,82.82,32.11,103.77,580.51,2
02-01-2024 12:14,9,195,169,72.81,65.7,65.02,734.9,4
02-01-2024 12:15,3,527,429,23.14,29.79,191.85,76.28,3
02-01-2024 12:16,7,680,206,61.66,65.91,103.44,218.67,2
02-01-2024 12:17,1,764,357,63.43,88.27,244.81,625.81,3
02-01-2024 12:18,4,702,9,17.7,77.35,290.7,624.62,4
02-01-2024 12:19,4,164,346,49.59,27,72,185.39,3
02-01-2024 12:20,7,558,304,32.16,54.04,42.96,164.08,5
02-01-2024 12:21,8,201,115,49.71,46.67,98.08,306.37,3
02-01-2024 12:22,1,106,152,76.05,89.38,142.8,69.07,2
02-01-2024 12:23,5,431,87,23.45,87.33,93.79,589.68,4
02-01-2024 12:24,7,206,95,20.48,24.53,291.29,542.45,3
02-01-2024 12:25,4,871,231,32.89,83.15,234.86,689.81,3
02-01-2024 12:26,4,182,428,90.94,29.51,290.01,355.44,3
02-01-2024 12:27,4,212,186,73.57,38.96,115.11,516.65,3
02-01-2024 12:28,6,324,450,11.65,41.51,94.88,764.08,2
02-01-2024 12:29,7,744,114,44.09,36.51,125.17,767.87,1
02-01-2024 12:30,2,126,274,31.88,78.99,159.24,75.44,5
02-01-2024 12:31,5,886,464,64.24,39.74,223.76,21.47,4
02-01-2024 12:32,4,93,29,49.04,76.26,264.93,768.79,1
02-01-2024 12:33,3,767,203,91.98,89.58,141.64,437.55,5
02-01-2024 12:34,7,599,2,28.61,78.06,90.31,566.31,3
02-01-2024 12:35,6,367,78,59.97,40.96,99.06,731.83,1
02-01-2024 12:36,7,583,324,69.52,68.34,210.6,357.86,5
02-01-2024 12:37,5,634,231,80.17,55.04,172.43,363.71,5
02-01-2024 12:38,6,802,98,44.59,73.99,148.52,150.25,1
02-01-2024 12:39,5,985,117,68.39,26.48,64.82,726.55,3
02-01-2024 12:40,7,203,110,35.77,62.86,263.26,525.19,3
02-01-2024 12:41,2,286,167,47.02,73.03,235.4,160.61,4
02-01-2024 12:42,5,942,457,86.13,72.09,46.49,456.64,5
02-01-2024 12:43,6,566,488,90.74,87.27,113.38,275.97,4
02-01-2024 12:44,6,270,297,71.1,19.38,164.93,134.8,3
02-01-2024 12:45,5,359,455,41.82,40.93,139.03,161.86,5
02-01-2024 12:46,10,647,371,79.7,50.74,122.35,456.22,4
02-01-2024 12:47,7,226,337,12.2,38.23,217.06,460.22,4
02-01-2024 12:48,10,820,378,18.73,38.23,21.08,636.15,4
02-01-2024 12:49,8,269,87,66.22,28.21,144.07,213.43,5
02-01-2024 12:50,7,87,493,34.76,75.97,82.34,734.35,2
02-01-2024 12:51,5,703,459,90.87,83.11,29.96,424.52,2
02-01-2024 12:52,1,480,22,47.07,21.17,142.14,179.25,3
02-01-2024 12:53,5,959,210,46.5,26.62,55.55,342.36,5
02-01-2024 12:54,10,796,305,67.64,32.13,81.18,740.22,5
02-01-2024 12:55,2,252,412,75.24,53.17,154.57,392.96,1
02-01-2024 12:56,5,890,272,50.42,74.34,292.24,702.28,4
02-01-2024 12:57,5,855,490,28.19,20.36,206.86,144.67,3
02-01-2024 12:58,2,497,324,75.73,62.76,87.49,732.89,5
02-01-2024 12:59,5,544,446,37.23,26.2,117.81,355.88,1
02-01-2024 13:00,4,733,420,24.88,87.86,124.81,750.18,1
02-01-2024 13:01,1,174,278,63.69,82.41,50.32,695.54,5
02-01-2024 13:02,3,887,139,17.69,86.22,52.39,534.77,3
02-01-2024 13:03,1,114,341,92.56,22.96,48.78,544.82,3
02-01-2024 13:04,5,842,377,63.75,51.6,158.89,184.98,2
02-01-2024 13:05,4,833,232,93.8,27.39,203.88,490.21,2
02-01-2024 13:06,7,293,233,38.81,60.03,179.26,448.61,3
02-01-2024 13:07,5,576,80,92.55,32.46,293.44,280.63,1
02-01-2024 13:08,10,275,426,22.37,72.8,42.13,414.38,2
02-01-2024 13:09,4,514,55,13.46,63.3,296.01,744.73,1
02-01-2024 13:10,2,692,457,12.8,57.87,142.67,24.14,2
02-01-2024 13:11,4,756,291,49.51,76.89,69.5,345.36,1
02-01-2024 13:12,2,342,441,17.06,52.52,283.27,280.24,4
02-01-2024 13:13,8,770,34,53.53,35.24,143.24,769.76,5
02-01-2024 13:14,3,430,329,37.84,61.55,107.47,779.64,3
02-01-2024 13:15,9,674,333,38.53,86.78,68.07,476.82,4
02-01-2024 13:16,4,805,454,64.03,60.09,84.02,449.01,3
02-01-2024 13:17,6,215,388,23.86,62.22,293.87,724.51,1
02-01-2024 13:18,10,752,252,75.16,85.11,94.67,25.1,2
02-01-2024 13:19,5,818,430,59.47,53.65,293.45,458.58,2
02-01-2024 13:20,10,888,476,87.77,89.73,102.41,39.21,2
02-01-2024 13:21,1,267,125,41.01,26.97,73.27,775.17,5
02-01-2024 13:22,9,920,11,93.53,55.28,59.09,269.72,5
02-01-2024 13:23,1,324,482,58.95,30.97,126.5,426.23,3
02-01-2024 13:24,8,101,317,92.74,49,74.86,345.7,2
02-01-2024 13:25,9,423,122,12.3,27.79,210.6,717.03,4
02-01-2024 13:26,9,719,35,71.88,31.69,75.73,799.86,3
02-01-2024 13:27,1,412,69,79.41,30.81,251.44,73.34,5
02-01-2024 13:28,2,616,313,14.52,39,251.03,590.98,5
02-01-2024 13:29,1,63,487,59.21,25.1,89.23,307.04,2
02-01-2024 13:30,10,830,139,78.17,75.7,227.29,128.48,5
02-01-2024 13:31,2,389,12,57.69,31.55,257.98,336.24,1
02-01-2024 13:32,10,651,125,15.42,46.24,179.09,798.55,5
02-01-2024 13:33,8,588,299,68.94,16.2,113.07,298.9,2
02-01-2024 13:34,5,138,147,15.15,22.87,135.09,236.37,3
02-01-2024 13:35,7,954,77,79.48,82.22,236.94,680.01,5
02-01-2024 13:36,2,90,68,13.66,77.79,91.53,696.99,4
02-01-2024 13:37,8,353,206,21.68,78.07,103.67,284.32,4
02-01-2024 13:38,6,317,236,33.38,45.85,52.43,252.97,1
02-01-2024 13:39,8,187,59,63.84,25.61,122.72,524.88,3
02-01-2024 13:40,1,55,258,92.99,23.09,30.52,180.04,1
02-01-2024 13:41,1,291,254,20.01,60.42,99.71,397.27,1
02-01-2024 13:42,7,211,392,22.13,77.11,115.18,130.25,2
02-01-2024 13:43,8,741,406,41.35,82.51,80.37,257.71,2
02-01-2024 13:44,3,858,243,81.08,36.65,34.9,252.04,2
02-01-2024 13:45,5,567,461,49.71,39.08,158.89,562.02,4
02-01-2024 13:46,1,947,277,37.34,22.57,260.2,240.17,5
02-01-2024 13:47,7,832,469,57.7,73.08,104.02,720.83,3
02-01-2024 13:48,5,450,220,32.14,35.68,74.86,786.78,2
02-01-2024 13:49,8,833,225,44.1,51.07,89.09,83.23,3
02-01-2024 13:50,8,205,413,38.27,84.67,259.26,330.17,1
02-01-2024 13:51,9,134,101,78.35,71.42,160.7,255.44,5
02-01-2024 13:52,7,761,342,88.56,18.96,43.58,294.55,4
02-01-2024 13:53,1,59,122,74.56,15.61,214.22,226.98,3
02-01-2024 13:54,3,187,218,47.32,74.06,50.54,318.48,5
02-01-2024 13:55,8,803,75,52.87,56.44,22.77,130.3,3
02-01-2024 13:56,3,955,331,20.63,69.03,80.43,238.26,1
02-01-2024 13:57,8,762,237,73.48,26.76,54.59,603.3,2
02-01-2024 13:58,1,205,482,60.7,80.4,183.47,288.36,1
02-01-2024 13:59,5,457,339,86.71,73,147.95,182.11,3
02-01-2024 14:00,4,836,240,27.05,81.81,218.6,104.59,4
02-01-2024 14:01,5,274,165,74.58,40.58,155.91,291.44,3
02-01-2024 14:02,8,629,334,68.2,35.68,128.61,521.86,4
02-01-2024 14:03,10,233,157,32.6,26.38,160.23,217.58,4
02-01-2024 14:04,4,244,211,66.73,84.76,133.17,349.51,3
02-01-2024 14:05,4,603,421,88.57,28.26,15.94,762.87,3
02-01-2024 14:06,3,445,277,88.07,23.95,205.81,450.84,4
02-01-2024 14:07,7,963,216,71.17,29.45,288.83,434.91,3
02-01-2024 14:08,3,712,218,14.09,72.85,129.5,339.76,5
02-01-2024 14:09,3,645,233,84.14,81.71,130,454.34,4
02-01-2024 14:10,10,183,376,65.91,75.82,18.5,787.96,4
02-01-2024 14:11,5,358,12,36.39,57.24,267.66,217.97,3
02-01-2024 14:12,5,915,432,25.92,89.54,279.09,754.7,1
02-01-2024 14:13,6,859,83,19.88,20.16,244.88,136.28,5
02-01-2024 14:14,8,591,431,14.27,80.04,36.37,106.66,3
02-01-2024 14:15,10,58,113,74.1,47.08,270.57,530.64,2
02-01-2024 14:16,6,219,478,30.05,49.13,12.07,215.92,5
02-01-2024 14:17,1,339,271,12.06,24.57,136.15,366.63,2
02-01-2024 14:18,8,217,195,43.77,17.51,152.68,589.13,5
02-01-2024 14:19,8,393,369,51.02,38.75,251.03,437.18,4
02-01-2024 14:20,9,546,141,24.38,28.11,226.5,30.72,5
02-01-2024 14:21,9,194,443,13.74,51.25,240.14,258.56,3
02-01-2024 14:22,2,462,457,26.08,26.05,261.03,70.46,2
02-01-2024 14:23,2,789,124,67.72,25.34,145.44,742.37,1
02-01-2024 14:24,3,867,141,16.99,80.77,235.17,639.83,2
02-01-2024 14:25,1,637,208,57.18,84.1,25.07,787.4,4
02-01-2024 14:26,4,784,115,22.45,87.32,136.14,710.39,4
02-01-2024 14:27,4,738,206,26.63,66.04,13.89,390.76,1
02-01-2024 14:28,9,506,456,43.41,72.83,275.02,708.43,5
02-01-2024 14:29,9,750,403,18.57,77.68,287.73,544.5,5
02-01-2024 14:30,9,351,441,24.72,64.42,29.76,429.19,4
02-01-2024 14:31,10,95,288,39.66,39.77,162.12,309.1,1
02-01-2024 14:32,7,943,355,38.02,26.73,100.92,551.15,4
02-01-2024 14:33,2,66,343,73.69,32.8,106.05,480.3,2
02-01-2024 14:34,10,627,149,16.36,78.03,137.96,499.06,5
02-01-2024 14:35,5,409,210,83.14,67.21,41.89,331.87,2
02-01-2024 14:36,4,310,112,79.38,49.18,58.33,596.67,2
02-01-2024 14:37,8,172,142,75.11,17.21,175.32,83.45,3
02-01-2024 14:38,2,280,464,36.3,34.97,10.53,586.4,5
02-01-2024 14:39,6,999,24,79.94,69.67,181.94,589.99,4
02-01-2024 14:40,5,686,49,25.54,53.43,99.08,422.44,4
02-01-2024 14:41,2,161,288,20.57,47.66,250.5,225.36,2
02-01-2024 14:42,10,833,331,13.82,38.53,182,425.04,1
02-01-2024 14:43,1,642,365,89.84,60.52,213.89,116.01,3
02-01-2024 14:44,8,295,11,36.18,87.48,38.76,242.41,3
02-01-2024 14:45,2,908,188,88,82.58,83.43,348.61,2
02-01-2024 14:46,7,440,68,33.17,17.29,299.02,545.12,3
02-01-2024 14:47,9,441,445,87.14,51.07,132.93,166.03,3
02-01-2024 14:48,9,377,90,86.83,39.71,110.87,143.37,2
02-01-2024 14:49,8,264,110,88.51,53.3,262.79,494.08,4
02-01-2024 14:50,10,913,389,52.17,60.47,14.76,550.05,2
02-01-2024 14:51,9,796,164,83.61,30,162.76,85.25,2
02-01-2024 14:52,2,416,481,90.82,73.62,67.03,45.87,5
02-01-2024 14:53,6,131,448,37.59,50.63,113.61,134.78,4
02-01-2024 14:54,4,855,206,45.6,89.4,63.93,722.8,2
02-01-2024 14:55,4,871,32,71.14,16.88,16.16,544.66,5
02-01-2024 14:56,5,125,327,35.53,29.23,127.87,738.4,3
02-01-2024 14:57,3,576,74,74.07,66.72,237.81,538.48,1
02-01-2024 14:58,1,781,251,16.28,67.14,285.83,772.89,4
02-01-2024 14:59,8,552,450,54.5,58.66,189.04,362.35,5
02-01-2024 15:00,5,791,394,20.4,87.9,119.71,487.3,4
02-01-2024 15:01,3,995,355,34.93,46.15,232.11,488.92,5
02-01-2024 15:02,10,528,21,31.98,46.28,154.04,22.45,3
02-01-2024 15:03,7,421,296,81.31,83.29,113.45,41.41,3
02-01-2024 15:04,7,314,298,26.45,55.38,57.83,133.31,1
02-01-2024 15:05,1,313,328,78.72,41.53,239.86,418.68,3
02-01-2024 15:06,9,159,302,77.49,68.92,152.63,355.81,3
02-01-2024 15:07,2,964,338,52.41,61.48,289.32,441,1
02-01-2024 15:08,5,356,73,29.88,37.98,241.56,644.38,4
02-01-2024 15:09,5,249,374,29.29,37.34,128.9,661.35,3
02-01-2024 15:10,8,275,41,49.52,44.67,223.55,782.07,4
02-01-2024 15:11,8,234,94,10.75,20.37,138.75,454.89,1
02-01-2024 15:12,7,80,132,55.16,85.7,28.56,290.83,2
02-01-2024 15:13,7,663,99,90.99,28.73,157.42,260.26,3
02-01-2024 15:14,6,820,398,23.15,29.54,260.39,285.78,4
02-01-2024 15:15,6,148,398,58.73,63.53,257.36,272.59,5
02-01-2024 15:16,9,388,53,91.75,69.32,174.62,326.48,5
02-01-2024 15:17,6,860,496,83.14,70.26,117.11,78.41,2
02-01-2024 15:18,2,846,229,82.28,43.13,7.98,514.08,3
02-01-2024 15:19,2,315,128,79.86,80.5,96.87,463.07,3
02-01-2024 15:20,5,701,212,36.27,55.8,296.99,380.33,3
02-01-2024 15:21,4,863,285,85.7,47.89,219.31,83.26,5
02-01-2024 15:22,2,847,279,90.01,75.78,216.69,92.7,2
02-01-2024 15:23,3,399,495,52.14,33.27,229.52,445.18,5
02-01-2024 15:24,7,777,341,40.14,79.51,187.93,48.53,3
02-01-2024 15:25,8,593,159,45.21,55.41,177.83,585.34,2
02-01-2024 15:26,6,506,352,38.41,82.5,138.82,795.15,5
02-01-2024 15:27,5,864,233,28.06,30.12,135.96,485.98,3
02-01-2024 15:28,1,137,71,62.57,85.2,261.9,584.28,2
02-01-2024 15:29,8,112,205,57.82,66.59,121.07,362.37,2
02-01-2024 15:30,3,971,189,49.32,61.37,252.89,540.58,1
02-01-2024 15:31,6,436,151,18.15,46.66,252.13,528.39,2
02-01-2024 15:32,3,840,8,77.74,86.72,232.41,662.79,1
02-01-2024 15:33,7,508,332,24.87,48.29,16.1,574.84,3
02-01-2024 15:34,7,635,100,19.74,52.39,48.65,604.26,1
02-01-2024 15:35,9,867,16,62.96,73.61,97.84,454.18,3
02-01-2024 15:36,5,981,154,43.88,36.36,255.02,397.92,3
02-01-2024 15:37,8,685,157,15.08,36.86,262.61,377.8,4
02-01-2024 15:38,10,318,93,40.22,73.15,17.26,325.77,1
02-01-2024 15:39,10,943,262,75.6,24.64,100.79,227.5,2
02-01-2024 15:40,8,846,37,62.3,76.72,255.86,45.98,2
02-01-2024 15:41,1,983,161,40.84,61.89,78.66,543.45,3
02-01-2024 15:42,5,682,351,26.3,55.43,292.92,722.75,1
02-01-2024 15:43,3,395,174,63.7,32.18,149.34,745.78,5
02-01-2024 15:44,1,773,317,85.44,73.98,281.51,472.84,2
02-01-2024 15:45,4,950,425,64.93,75.37,131.5,93.43,5
02-01-2024 15:46,8,709,18,79.1,51.22,100.52,705.36,1
02-01-2024 15:47,3,127,486,54.33,44.19,111.91,603.24,2
02-01-2024 15:48,10,414,367,71.03,33.46,265.87,216.1,5
02-01-2024 15:49,2,63,351,86.18,71.57,102.55,646.77,2
02-01-2024 15:50,9,185,16,75.72,62.96,202.46,388.17,4
02-01-2024 15:51,10,353,360,87.34,30.5,143.6,712.32,4
02-01-2024 15:52,5,446,435,46.65,74.59,282.79,213.14,3
02-01-2024 15:53,7,841,421,86.86,81.17,52.01,644.71,1
02-01-2024 15:54,2,128,270,62.83,19.44,131.45,575.29,2
02-01-2024 15:55,9,804,359,83.95,72.93,41.77,31.26,5
02-01-2024 15:56,9,754,68,13.35,78.96,175.55,459.4,2
02-01-2024 15:57,4,467,30,65.92,89.36,123.86,578.12,2
02-01-2024 15:58,4,291,316,82.08,32.82,22.98,142,5
02-01-2024 15:59,6,100,309,24.81,42.83,255.7,434.88,5
02-01-2024 16:00,10,793,225,66.25,87.46,115.78,257.18,4
02-01-2024 16:01,10,820,164,80.12,22.05,150.62,563.08,3
02-01-2024 16:02,10,433,414,34.48,54.28,125.22,441.31,5
02-01-2024 16:03,6,424,320,44.45,53.01,149.15,504.74,2
02-01-2024 16:04,1,779,14,58.41,60.49,9.82,76.58,4
02-01-2024 16:05,9,255,279,54.13,39.81,245.56,127.48,1
02-01-2024 16:06,2,875,432,13.33,84.44,103.03,450.63,4
02-01-2024 16:07,5,538,156,18.39,35.25,218.72,161.31,4
02-01-2024 16:08,9,430,122,18.54,63.73,24.14,408.98,4
02-01-2024 16:09,4,930,263,32.29,52.19,159.53,558.22,2
02-01-2024 16:10,3,360,170,30.9,35,273.09,651.62,5
02-01-2024 16:11,7,424,10,73.09,29.16,122.48,131.55,3
02-01-2024 16:12,6,681,452,58.68,86.74,63.19,598.67,1
02-01-2024 16:13,8,641,172,74.94,57.1,34.23,303.29,3
02-01-2024 16:14,3,91,358,15.94,60.31,258.43,549.57,2
02-01-2024 16:15,5,582,13,51.24,73.72,75.45,133.32,3
02-01-2024 16:16,10,571,213,37.52,21.09,292.65,421.84,3
02-01-2024 16:17,4,874,161,82.24,68.53,78.11,673.3,1
02-01-2024 16:18,4,202,232,70.16,27.39,146.89,103.02,4
02-01-2024 16:19,4,361,476,83.89,70.54,140.11,665.59,5
02-01-2024 16:20,10,343,471,13.95,25.6,23.29,373.16,5
02-01-2024 16:21,8,647,160,71.27,77.44,161.89,662.15,3
02-01-2024 16:22,6,162,127,55.9,66.08,203.43,767.54,1
02-01-2024 16:23,3,750,48,80.13,43.94,223.93,144.53,5
02-01-2024 16:24,10,161,261,53.11,41.91,159.16,546.16,5
02-01-2024 16:25,5,224,61,55.92,26.17,244.71,203.38,5
02-01-2024 16:26,6,871,122,14.4,82.8,226.87,125.73,3
02-01-2024 16:27,5,351,90,66.82,23.89,62.22,509.9,2
02-01-2024 16:28,6,565,359,33.22,50.41,123.47,104.23,3
02-01-2024 16:29,8,783,255,11.67,32.74,47.06,382.83,3
02-01-2024 16:30,7,270,90,15.65,89.72,44.36,516.04,2
02-01-2024 16:31,5,220,3,91.37,58.94,215.08,409.71,5
02-01-2024 16:32,10,367,280,39.42,26.22,161.49,563.71,3
02-01-2024 16:33,6,262,117,83.79,65.07,182.28,645.1,4
02-01-2024 16:34,4,302,98,91.57,89.37,220.99,700.35,5
02-01-2024 16:35,9,173,162,90.18,60.38,86.78,456.7,5
02-01-2024 16:36,4,689,340,84.95,49.3,123.4,235.77,5
02-01-2024 16:37,1,262,375,86.06,37,184.01,417.54,3
02-01-2024 16:38,7,673,478,34.57,21.91,33.51,322.4,1
02-01-2024 16:39,7,134,298,22.87,32.12,250.75,196.22,1
02-01-2024 16:40,4,565,404,64.34,56.52,106.32,432.67,2
02-01-2024 16:41,3,114,297,51.49,71.53,199.33,37.67,1
02-01-2024 16:42,8,367,82,18.39,80.84,298.69,492.34,5
02-01-2024 16:43,5,395,358,67.59,74.53,145.23,660.85,4
02-01-2024 16:44,10,681,148,57.84,24.41,68.44,799.56,4
02-01-2024 16:45,7,292,6,83.36,73.01,68.85,738.91,5
02-01-2024 16:46,4,947,378,61.78,58.62,22.81,90.06,3
02-01-2024 16:47,4,186,185,58.79,50.18,231.29,146.69,3
02-01-2024 16:48,8,296,426,47.46,57.96,91.56,128.14,5
02-01-2024 16:49,8,490,252,49.34,15.61,55.95,455.51,5
02-01-2024 16:50,2,94,25,91.12,20.08,215.54,55.83,2
02-01-2024 16:51,2,707,41,21.77,54.44,96.2,750.85,3
02-01-2024 16:52,3,929,169,47.93,28.02,182.14,68.23,1
02-01-2024 16:53,3,737,3,65.75,55.92,128.26,325.18,1
02-01-2024 16:54,1,603,364,46.81,41.57,103.58,717.3,3
02-01-2024 16:55,3,858,171,34.07,83.06,149.38,759.74,4
02-01-2024 16:56,6,138,430,34.43,86.23,97.57,382.93,5
02-01-2024 16:57,8,779,57,29.86,88.48,261.82,400.98,2
02-01-2024 16:58,10,277,83,39.23,82.42,26.55,516.22,2
02-01-2024 16:59,6,859,330,84.09,88.94,13.9,337.96,2
02-01-2024 17:00,5,340,179,52.94,67.96,124.89,273.24,1
02-01-2024 17:01,4,471,133,30.42,87.04,55.99,596.75,4
02-01-2024 17:02,3,116,86,42.68,63.13,224.4,484.38,4
02-01-2024 17:03,4,300,457,19,75.69,109.26,395.7,2
02-01-2024 17:04,7,90,353,86.84,24.89,82.12,98.61,5
02-01-2024 17:05,1,148,271,44.7,66.19,111.02,73.71,5
02-01-2024 17:06,7,355,344,93.33,84.83,69.75,418.44,5
02-01-2024 17:07,1,921,94,39.54,55.5,93.4,503.16,2
02-01-2024 17:08,2,903,382,81.09,29.01,172.56,532.86,5
02-01-2024 17:09,4,505,356,31.79,54.52,259.89,718.01,3
02-01-2024 17:10,1,640,250,16.47,68.02,114.41,656.66,2
02-01-2024 17:11,9,350,295,12.7,72.73,99.6,129.79,4
02-01-2024 17:12,6,248,198,61.52,54.28,235.63,639.66,1
02-01-2024 17:13,1,708,79,36.48,31.3,11.62,547.52,3
02-01-2024 17:14,1,537,166,47.7,84.5,94.11,665.86,1
02-01-2024 17:15,6,155,39,79.58,73.02,138.39,677.82,3
02-01-2024 17:16,4,450,308,31.09,35.3,182.2,289.52,2
02-01-2024 17:17,4,754,214,36.24,75.89,51.04,225.35,4
02-01-2024 17:18,6,526,131,81.85,41.09,132.69,451.05,3
02-01-2024 17:19,7,171,157,51.88,38.43,172.06,252.91,2
02-01-2024 17:20,9,126,477,80.35,79.73,155.52,292.75,4
02-01-2024 17:21,10,361,382,41.83,80.49,174.49,73.94,1
02-01-2024 17:22,5,161,159,43.86,44.89,200.41,793.26,3
02-01-2024 17:23,9,910,493,24.21,15.67,116.91,261.25,2
02-01-2024 17:24,4,858,322,87.89,28.99,23.77,628.46,3
02-01-2024 17:25,10,731,227,86.23,83.2,21.39,794.66,5
02-01-2024 17:26,2,567,45,93.66,82.41,258.32,775.92,3
02-01-2024 17:27,3,246,201,44.21,49,204.84,514.43,4
02-01-2024 17:28,1,147,22,79.58,37.81,230.43,440.16,5
02-01-2024 17:29,6,508,339,45.27,37.71,279,261.24,4
02-01-2024 17:30,6,890,242,48.62,82.29,226.41,691.98,1
02-01-2024 17:31,1,279,229,80.55,39.35,209.23,283.64,5
02-01-2024 17:32,3,217,394,25.08,53.37,198.45,103.24,5
02-01-2024 17:33,5,858,238,28.73,69.83,81.28,249.4,4
02-01-2024 17:34,3,826,149,36.75,30.71,287.4,265.78,2
02-01-2024 17:35,10,57,273,77,34.04,164.9,580.42,3
02-01-2024 17:36,3,221,67,41.68,41.85,70.51,152.24,1
02-01-2024 17:37,10,409,7,40.44,64.07,66.9,267.15,1
02-01-2024 17:38,3,244,233,94.9,76.31,245.5,79.74,2
02-01-2024 17:39,5,318,357,42.62,56,78.81,681.75,4
02-01-2024 17:40,5,68,292,31.06,24.97,17.22,585.32,1
02-01-2024 17:41,4,403,256,62.97,48.47,131.38,361.24,3
02-01-2024 17:42,1,913,67,78.16,24.58,246.12,355.41,2
02-01-2024 17:43,5,98,250,15.92,21.62,127.26,149.77,5
02-01-2024 17:44,10,513,77,62.61,59.22,242.05,319.89,3
02-01-2024 17:45,5,405,489,13.04,86.72,249.03,727.32,4
02-01-2024 17:46,4,899,414,54.74,77.82,258.02,128.15,4
02-01-2024 17:47,6,207,87,31.84,73.09,178.73,616.72,2
02-01-2024 17:48,10,115,252,36.06,69.53,211.34,56.8,5
02-01-2024 17:49,4,908,455,49.7,82.28,82.25,263.11,5
02-01-2024 17:50,7,620,222,88.8,71.46,34.41,680.61,2
02-01-2024 17:51,7,870,413,70.41,62.02,162.17,367.09,2
02-01-2024 17:52,2,357,72,89.63,42.35,8.12,568.1,2
02-01-2024 17:53,3,386,202,66.1,22.57,142.39,100.76,5
02-01-2024 17:54,1,720,417,10.6,49.58,35.12,553.07,4
02-01-2024 17:55,8,832,59,32.57,84.36,36.98,658.84,4
02-01-2024 17:56,9,170,276,86.99,58.73,261.88,648.09,3
02-01-2024 17:57,4,815,221,64.69,28.84,193.95,362.32,4
02-01-2024 17:58,6,453,157,93.44,63.68,195.34,725.23,2
02-01-2024 17:59,9,822,181,23.26,49.91,124.32,468.48,3
02-01-2024 18:00,6,696,213,35.22,84.85,126.91,657.94,1
02-01-2024 18:01,9,835,129,40.8,27.07,94.42,186.5,5
02-01-2024 18:02,4,617,243,37.76,68.4,133.14,183.99,3
02-01-2024 18:03,8,892,418,31.42,66.12,178.2,608.4,1
02-01-2024 18:04,9,145,172,47.69,88.77,60.04,524.38,2
02-01-2024 18:05,4,163,480,64.6,57.37,82.2,547.52,4
02-01-2024 18:06,5,918,365,36.46,80.37,150.95,204.52,4
02-01-2024 18:07,8,478,270,16.77,16.85,118.51,331.71,3
02-01-2024 18:08,10,589,421,70.23,24.22,246.75,221.54,1
02-01-2024 18:09,6,867,163,49.02,40.95,247.4,73.14,4
02-01-2024 18:10,7,51,443,57.3,61.45,104.12,179.07,2
02-01-2024 18:11,3,261,24,48.71,48.68,137.98,796.23,1
02-01-2024 18:12,7,629,497,85.68,30.2,293.09,202.55,1
02-01-2024 18:13,8,689,193,57.49,59.19,249.11,144.25,4
02-01-2024 18:14,10,382,366,88.48,57.5,68.62,563.56,3
02-01-2024 18:15,6,73,390,53.4,54.33,87.67,489.67,3
02-01-2024 18:16,10,814,497,34.87,21.79,29.63,601.89,3
02-01-2024 18:17,9,417,452,40.21,84.53,204.96,529.87,4
02-01-2024 18:18,6,791,294,54.38,59.42,98.48,193.93,5
02-01-2024 18:19,9,555,129,55.05,34.8,163.3,410.71,2
02-01-2024 18:20,4,225,41,68.42,66.56,231.6,157.78,2
02-01-2024 18:21,8,478,31,29.08,38.84,251.63,217.76,3
02-01-2024 18:22,4,936,36,66,52.94,100.98,789.8,3
02-01-2024 18:23,2,782,457,76.18,40.58,74.99,588.37,2
02-01-2024 18:24,10,491,361,67.51,81.03,255.32,630.62,4
02-01-2024 18:25,9,597,253,50.96,89.55,117.47,43.45,1
02-01-2024 18:26,5,563,438,94.29,27.09,247.49,318.06,2
02-01-2024 18:27,4,944,365,44.41,16.77,49.18,453.09,2
02-01-2024 18:28,2,410,215,19.06,31.45,274.01,136.75,1
02-01-2024 18:29,1,323,287,79.83,59.25,147.52,681.87,1
02-01-2024 18:30,7,226,256,28.04,28.05,55.19,128.89,5
02-01-2024 18:31,6,313,413,70.63,75.86,162.85,516.47,2
02-01-2024 18:32,2,235,369,25.21,45.65,261.65,451.49,1
02-01-2024 18:33,8,576,469,11.43,60.79,119.85,682.46,2
02-01-2024 18:34,4,962,387,23.58,49.17,57.53,263.21,1
02-01-2024 18:35,8,328,186,42.04,82.75,175.08,241.59,3
02-01-2024 18:36,7,755,474,19.06,17.64,251.17,680.2,3
02-01-2024 18:37,5,247,61,26.8,69.7,40.8,192.7,3
02-01-2024 18:38,10,398,262,74.99,63.91,17.22,601.91,2
02-01-2024 18:39,10,972,276,75.44,63.71,21.61,169.09,2
02-01-2024 18:40,8,470,111,79.49,46.05,72.99,703.04,2
02-01-2024 18:41,9,354,317,81.5,16.18,7.15,674.47,4
02-01-2024 18:42,5,113,430,45.74,66.69,131.46,634.22,3
02-01-2024 18:43,10,339,141,83.74,77.21,210.84,403.35,1
02-01-2024 18:44,5,67,233,54.7,21.39,214.59,46.39,5
02-01-2024 18:45,2,113,23,50,48.12,192.83,123.32,4
02-01-2024 18:46,5,923,79,71.08,27.19,92.38,376.15,2
02-01-2024 18:47,3,379,494,28.17,60.82,222.1,54.05,3
02-01-2024 18:48,7,919,31,77.11,73.92,175.06,69.51,4
02-01-2024 18:49,10,812,4,46.5,65,259.05,117.89,3
02-01-2024 18:50,5,989,459,20.82,38.85,146.01,223.46,1
02-01-2024 18:51,8,66,118,20.14,25.48,58.14,604.47,5
02-01-2024 18:52,1,492,66,24.02,74.57,192.22,57.43,4
02-01-2024 18:53,3,190,400,85.7,39.29,49.48,787.24,5
02-01-2024 18:54,3,357,371,94.23,16.66,289.13,233.59,4
02-01-2024 18:55,9,493,287,40.34,57.86,212.47,269.75,3
02-01-2024 18:56,5,545,176,34.83,33.5,228.11,213.35,2
02-01-2024 18:57,9,475,123,28.6,78.09,205.38,489.86,3
02-01-2024 18:58,9,524,231,80.02,25.74,33.78,35.15,2
02-01-2024 18:59,1,881,43,27.78,47.61,142.26,92.98,2
02-01-2024 19:00,2,294,492,88.55,33.98,197.17,97.05,2
02-01-2024 19:01,5,499,4,66.72,66.72,72.66,538.34,3
02-01-2024 19:02,4,851,190,86.26,56.14,205.45,277.03,3
02-01-2024 19:03,10,400,304,57.09,74.32,246.87,361.25,5
02-01-2024 19:04,9,648,412,68.71,49.4,86.1,760.98,4
02-01-2024 19:05,7,760,250,62.65,15.36,63.88,176.03,2
02-01-2024 19:06,6,919,144,80.65,31.14,265.53,74.75,1
02-01-2024 19:07,7,210,487,81.05,89.94,6.53,364.31,1
02-01-2024 19:08,1,189,345,60.13,45.4,80.45,147.98,2
02-01-2024 19:09,1,542,382,63.76,61.52,124.99,132.83,4
02-01-2024 19:10,8,637,333,88.36,82.87,203.32,339.9,3
02-01-2024 19:11,2,580,453,89.04,16.54,299.13,542.33,5
02-01-2024 19:12,10,442,158,66.46,64.47,114.39,209.42,1
02-01-2024 19:13,9,891,65,10.66,36.63,284.9,703.25,4
02-01-2024 19:14,7,450,325,18.87,35.94,113.2,302.71,3
02-01-2024 19:15,6,99,270,82.93,31.86,210.18,748.56,2
02-01-2024 19:16,1,793,75,17.2,76.7,53.78,404.07,3
02-01-2024 19:17,1,344,418,28.15,42.97,140.82,586.86,3
02-01-2024 19:18,2,474,440,29.6,20.03,262.03,682.23,3
02-01-2024 19:19,6,955,29,61.02,22.26,99.4,433.18,5
02-01-2024 19:20,6,61,466,59.01,26.15,36.03,683.25,1
02-01-2024 19:21,2,384,335,34.6,82.42,159.2,314.83,1
02-01-2024 19:22,1,64,238,27.65,47.06,134.66,303.46,5
02-01-2024 19:23,10,77,153,74.99,83.7,72.71,639.37,4
02-01-2024 19:24,5,437,94,89.51,76.31,272.16,208.19,3
02-01-2024 19:25,5,341,237,14.49,77.84,182.5,579.29,2
02-01-2024 19:26,2,936,322,21.32,36.51,107.42,80.13,5
02-01-2024 19:27,6,882,115,64.58,35.35,298.86,515.79,3
02-01-2024 19:28,9,299,296,78.38,57.01,45.58,754.69,3
02-01-2024 19:29,2,554,219,77.25,46.34,255.15,376.04,1
02-01-2024 19:30,10,147,246,71.17,53.18,73.03,344.45,5
02-01-2024 19:31,2,864,497,85.43,18.99,75.65,441.62,2
02-01-2024 19:32,3,386,399,28.47,87.87,151.96,581.26,5
02-01-2024 19:33,7,88,32,19.12,19.36,200.27,299.89,2
02-01-2024 19:34,6,87,20,62.31,28.41,208.69,20.1,3
02-01-2024 19:35,8,349,53,79.89,65.87,11.53,411.63,2
02-01-2024 19:36,8,228,206,59.47,26.66,89.62,347.04,3
02-01-2024 19:37,6,658,219,91.85,23.02,199.88,435.51,2
02-01-2024 19:38,10,941,195,77.62,26.52,267.47,577.94,1
02-01-2024 19:39,3,518,305,69.57,19.64,202.62,241.05,5
02-01-2024 19:40,3,331,195,15.12,33.85,83.43,414.1,1
02-01-2024 19:41,1,799,461,19.16,35.33,154.79,217.64,4
02-01-2024 19:42,7,213,345,76.71,52.4,196.04,378.29,5
02-01-2024 19:43,5,502,82,26.85,47.9,44.93,288.74,5
02-01-2024 19:44,4,146,1,12.45,50.53,165.75,307.85,2
02-01-2024 19:45,10,818,167,87.41,61.2,144.14,471.9,3
02-01-2024 19:46,4,358,317,85.72,32.32,104.31,557.9,2
02-01-2024 19:47,4,311,183,28.57,25.1,188.94,29.87,5
02-01-2024 19:48,6,342,453,76.32,80.92,192.68,703.78,1
02-01-2024 19:49,8,819,386,14.08,62.55,291.58,304.18,3
02-01-2024 19:50,8,298,350,34.23,19.55,131.35,522.02,2
02-01-2024 19:51,5,294,273,63.01,87.08,161.72,115.47,1
02-01-2024 19:52,6,300,157,74.87,66.98,51.46,465.74,2
02-01-2024 19:53,4,172,373,10.88,26.38,166.77,549.2,5
02-01-2024 19:54,9,374,362,37.73,87.69,15.65,142.8,2
02-01-2024 19:55,8,730,388,28.22,42.41,49.21,731.48,1
02-01-2024 19:56,10,996,201,94.9,88.84,55.52,610.82,1
02-01-2024 19:57,10,550,192,67.03,22.75,191.63,436.46,1
02-01-2024 19:58,1,736,341,44.48,27,172.35,149.53,2
02-01-2024 19:59,2,830,299,16.43,64.31,240.42,695.13,5
02-01-2024 20:00,9,765,76,60.89,16.66,142,73.53,4
02-01-2024 20:01,8,886,140,64.54,16.4,145.08,109.83,4
02-01-2024 20:02,3,115,306,79.39,74.4,52.66,564.58,4
02-01-2024 20:03,8,876,196,34.53,27.58,224.1,218.01,3
02-01-2024 20:04,1,885,61,93.42,83.91,6.08,378.27,5
02-01-2024 20:05,10,108,476,47.35,46.94,130.34,440.35,5
02-01-2024 20:06,4,780,457,35.16,80.52,60.56,377.42,3
02-01-2024 20:07,3,547,360,39.62,46.33,232.45,85.44,4
02-01-2024 20:08,6,422,307,54.16,54.77,203.65,595.23,4
02-01-2024 20:09,7,315,480,89.62,38.74,213.5,207.19,3
02-01-2024 20:10,4,702,333,72.49,64.36,48.83,596.05,1
02-01-2024 20:11,7,285,354,59.05,38.87,202.3,694.93,5
02-01-2024 20:12,9,947,83,23.84,31.74,208.81,438.37,4
02-01-2024 20:13,2,267,334,22.7,21.08,5.78,570.97,4
02-01-2024 20:14,3,576,5,52.69,19.33,98.69,48.81,3
02-01-2024 20:15,5,863,219,71.94,37.95,30.75,48.66,2
02-01-2024 20:16,3,490,412,73.84,70.24,206.01,173.79,5
02-01-2024 20:17,8,699,254,29.2,30.42,67.57,299.54,5
02-01-2024 20:18,10,455,474,18.51,37.44,83.07,162.57,5
02-01-2024 20:19,8,793,394,42.68,82.89,28.11,515.27,1
02-01-2024 20:20,8,650,88,88.04,62.94,147.72,235.97,2
02-01-2024 20:21,9,638,209,56.36,83.98,14.74,679.69,5
02-01-2024 20:22,4,697,180,37.21,83.34,254.45,457.27,1
02-01-2024 20:23,5,966,208,37.51,19.76,12.78,314.9,1
02-01-2024 20:24,5,518,273,21.23,86.63,23.18,716.6,1
02-01-2024 20:25,8,967,65,50.22,18.84,193.92,666.12,5
02-01-2024 20:26,7,159,380,77.27,84.42,275.5,659.63,5
02-01-2024 20:27,9,402,21,92.33,56.01,268.18,588.11,3
02-01-2024 20:28,8,862,438,52.64,54.99,29.67,499.09,3
02-01-2024 20:29,2,140,367,24.21,68.49,90.09,306.12,2
02-01-2024 20:30,10,985,177,68.05,80.94,158.71,349.63,3
02-01-2024 20:31,4,931,363,74.33,61.28,12.85,524.76,5
02-01-2024 20:32,6,967,22,16.09,46.9,160.95,154.84,3
02-01-2024 20:33,2,463,325,82.26,23.39,137.09,665.7,2
02-01-2024 20:34,7,751,448,80.49,74.19,178.58,752.16,5
02-01-2024 20:35,3,122,36,50.17,24.62,276.49,96.43,4
02-01-2024 20:36,3,734,250,57.64,69.48,86.01,37.52,4
02-01-2024 20:37,2,596,149,70.64,54.59,193.53,131.31,4
02-01-2024 20:38,8,771,440,67.52,43.94,131.8,612.72,2
02-01-2024 20:39,6,347,73,11.41,60.97,133.36,104.1,2
02-01-2024 20:40,1,694,91,20.41,72.93,195.95,310.35,5
02-01-2024 20:41,1,332,176,23.82,85.59,285.64,69.24,4
02-01-2024 20:42,7,554,126,74.23,34.85,259.59,357.39,1
02-01-2024 20:43,8,247,204,47.41,86.03,193.66,491.01,3
02-01-2024 20:44,5,81,402,56.37,87.07,141.15,510.24,4
02-01-2024 20:45,5,697,246,75.68,76.02,130.08,424.75,4
02-01-2024 20:46,4,809,99,38.98,81.11,237.2,751.72,4
02-01-2024 20:47,6,920,271,73.66,66.93,69.38,434.29,4
02-01-2024 20:48,6,390,498,47.6,17.93,178.36,690.21,5
02-01-2024 20:49,3,707,44,42.06,58.13,153.96,794.56,3
02-01-2024 20:50,9,383,222,38.31,71.04,196.56,199.2,4
02-01-2024 20:51,7,192,429,92.02,85.63,60.29,227.12,5
02-01-2024 20:52,1,795,97,75.62,57.78,210.25,427.06,4
02-01-2024 20:53,7,459,36,11.72,74.57,189.96,162.26,1
02-01-2024 20:54,5,998,168,91.38,67.88,58.14,460.02,5
02-01-2024 20:55,5,93,435,75.91,36.06,137.64,553.82,1
02-01-2024 20:56,2,81,30,22.68,26.6,205.19,67.11,4
02-01-2024 20:57,4,792,282,16.49,71.32,270.97,551.49,3
02-01-2024 20:58,6,77,85,36.2,32.53,41.02,144.38,5
02-01-2024 20:59,10,472,357,63.06,33.35,7.58,253.47,1
02-01-2024 21:00,7,540,491,62.41,63.3,53.72,596.27,1
02-01-2024 21:01,5,209,121,33.45,74.18,296.84,147.6,3
02-01-2024 21:02,9,894,287,47.88,58.67,231.67,434.71,5
02-01-2024 21:03,3,256,248,28.01,81.37,186.24,479.56,2
02-01-2024 21:04,1,67,184,14.3,30.86,44.24,148.2,1
02-01-2024 21:05,4,152,253,53.94,33.93,127.73,234.33,5
02-01-2024 21:06,9,631,445,39.49,62.77,216,493.04,2
02-01-2024 21:07,4,680,273,56.15,77.2,269.29,379.73,5
02-01-2024 21:08,2,700,209,90.45,55.45,117.64,534.79,4
02-01-2024 21:09,10,721,354,22.19,15.78,299.91,686.68,1
02-01-2024 21:10,5,281,382,10.17,65.77,46.22,125.33,2
02-01-2024 21:11,3,709,24,16.53,76.02,119.15,75.09,3
02-01-2024 21:12,9,914,122,49.33,35.74,263.24,540.05,3
02-01-2024 21:13,4,473,225,70.09,19.06,196.73,621.1,4
02-01-2024 21:14,6,953,388,59.36,53.85,244.22,370.46,4
02-01-2024 21:15,2,804,393,52.07,18.16,272.8,327.25,2
02-01-2024 21:16,6,596,386,40.09,46.2,154.66,485.48,1
02-01-2024 21:17,3,886,419,36.35,16.34,74.25,450.13,1
02-01-2024 21:18,9,943,123,41.98,31.87,209.64,402.33,3
02-01-2024 21:19,2,916,294,61.99,44.16,171.23,658.59,4
02-01-2024 21:20,9,288,173,24.26,23.38,232.93,155.33,3
02-01-2024 21:21,5,383,143,75.57,23.56,155.96,551.34,2
02-01-2024 21:22,8,198,491,58.9,77.03,244.28,598.24,3
02-01-2024 21:23,2,672,426,32.88,18.11,271.1,723.02,3
02-01-2024 21:24,6,457,387,52.6,66.67,226.13,757.18,4
02-01-2024 21:25,3,66,415,91.84,76.09,224.38,416.14,4
02-01-2024 21:26,10,963,436,11.74,24.8,178.22,358.24,1
02-01-2024 21:27,5,275,169,26.96,29.65,144.13,413.05,1
02-01-2024 21:28,8,701,57,48.11,63.11,291.91,591.41,1
02-01-2024 21:29,10,705,42,64.27,38.67,195.31,33.39,3
02-01-2024 21:30,1,309,309,28.04,50.73,252.91,155.83,3
02-01-2024 21:31,5,778,119,89.17,77.7,154.1,727.98,5
02-01-2024 21:32,3,723,121,64.62,25.35,168.68,172.44,2
02-01-2024 21:33,4,653,312,84.58,61.47,200.55,198.22,5
02-01-2024 21:34,2,223,251,37.99,85.68,219.92,752.78,2
02-01-2024 21:35,9,892,343,80.46,19.31,137.26,249.54,4
02-01-2024 21:36,3,254,332,42.15,19.5,110.11,246.55,3
02-01-2024 21:37,2,464,456,31.48,56.61,75.63,740.49,5
02-01-2024 21:38,10,557,437,87.49,87.01,129.98,312.56,3
02-01-2024 21:39,9,202,341,17.84,31.54,67.32,405.27,5
02-01-2024 21:40,7,152,341,90.15,39.81,127.94,457.12,1
02-01-2024 21:41,6,763,416,48.97,22.4,263.02,697.26,2
02-01-2024 21:42,1,841,337,94.37,42.17,293.24,80.51,1
02-01-2024 21:43,5,114,182,55.87,18.32,175.25,223.47,3
02-01-2024 21:44,3,166,165,74.39,44.18,48.07,477.87,4
02-01-2024 21:45,1,714,472,10.6,56.66,131.13,359,4
02-01-2024 21:46,4,205,264,52.22,88.13,182.61,237.06,1
02-01-2024 21:47,2,725,210,72.68,76.38,114.38,339.52,5
02-01-2024 21:48,2,131,11,76.54,76.65,65.52,773.67,1
02-01-2024 21:49,3,567,182,23.43,32.11,71.91,36.41,4
02-01-2024 21:50,8,883,444,45.61,21.54,144.81,134.64,1
02-01-2024 21:51,8,116,251,45.62,60.23,68.85,34.55,2
02-01-2024 21:52,7,287,138,18.81,54.09,78.61,482.85,1
02-01-2024 21:53,6,633,218,47.66,53.74,262.56,30.09,5
02-01-2024 21:54,9,656,239,78.6,23.18,234.82,374.13,3
02-01-2024 21:55,4,865,454,35.52,52.04,21.32,690.17,1
02-01-2024 21:56,1,375,371,46.77,26.28,99.45,95.82,2
02-01-2024 21:57,8,639,337,91.68,46.66,161.92,304.84,5
02-01-2024 21:58,7,116,87,12.7,19.66,22.88,314.84,2
02-01-2024 21:59,7,225,298,60.28,79.27,206.54,302.56,5
02-01-2024 22:00,3,882,293,73.19,15.99,118.41,587.42,4
02-01-2024 22:01,4,733,92,74.68,85.45,122.17,23.44,4
02-01-2024 22:02,10,527,208,70.85,79.72,83.27,628.37,3
02-01-2024 22:03,9,304,204,71.75,71.45,103.51,674.45,3
02-01-2024 22:04,6,112,186,15.02,88.69,259.2,356.54,5
02-01-2024 22:05,5,863,85,55.4,19.04,237.64,711.98,2
02-01-2024 22:06,3,452,315,76.55,63.12,281.05,317.21,2
02-01-2024 22:07,9,807,152,18,78.7,211.2,561.88,1
02-01-2024 22:08,5,241,156,11.02,24.5,175.47,323.28,4
02-01-2024 22:09,5,378,293,79.24,58.86,81.48,49.52,1
02-01-2024 22:10,4,120,21,70.55,44.54,201.72,85.07,3
02-01-2024 22:11,4,927,161,45.04,47.69,272.32,364.8,4
02-01-2024 22:12,1,790,386,89.93,83.44,25.4,792.27,2
02-01-2024 22:13,7,995,485,75.16,55.4,135.71,158.49,4
02-01-2024 22:14,9,112,339,92.27,21.99,49.06,718.55,3
02-01-2024 22:15,3,346,156,88.99,85.29,244.13,737.13,4
02-01-2024 22:16,2,294,143,50.91,28.89,186.16,339.53,3
02-01-2024 22:17,3,568,257,74.15,81.95,264.5,380.22,2
02-01-2024 22:18,1,442,107,66.88,87.82,23.61,412.2,5
02-01-2024 22:19,6,821,284,78.97,80.84,272.19,620.92,4
02-01-2024 22:20,7,650,50,76.95,65.79,24.82,116.51,5
02-01-2024 22:21,2,226,35,23.02,70.77,89.84,276.34,3
02-01-2024 22:22,8,253,224,29.87,67.49,51.07,153.15,4
02-01-2024 22:23,6,695,156,32.59,49.54,47.89,705.16,2
02-01-2024 22:24,4,643,393,79.57,35.58,55.64,75,4
02-01-2024 22:25,5,582,408,78.91,36.38,146.66,603.21,2
02-01-2024 22:26,8,960,191,52.1,69.84,236.39,363,3
02-01-2024 22:27,3,177,388,59.37,61.95,269.99,577.39,5
02-01-2024 22:28,3,244,184,80.29,58.87,172.23,714.12,1
02-01-2024 22:29,4,243,237,36.57,63.95,51.54,284.94,1
02-01-2024 22:30,1,233,297,14.27,73.11,28.36,197.06,4
02-01-2024 22:31,9,296,323,51.02,71.13,150.77,527.17,5
02-01-2024 22:32,8,922,304,87.67,22.9,230.79,798.07,2
02-01-2024 22:33,8,921,342,77.19,42.23,187.95,589.02,1
02-01-2024 22:34,10,373,488,41.16,34.8,176.92,640.59,5
02-01-2024 22:35,6,209,58,15.51,55.37,19.21,511.29,5
02-01-2024 22:36,7,755,39,64.14,19.61,126.41,307.18,3
02-01-2024 22:37,6,671,241,80.93,72.18,167.36,530.62,1
02-01-2024 22:38,9,974,25,66.52,22.99,181.5,120.27,3
02-01-2024 22:39,3,115,316,46.13,35.36,6.42,401.28,5
02-01-2024 22:40,3,979,496,20.49,73.71,63.87,466.99,1
02-01-2024 22:41,3,303,117,87.42,18.87,285.19,727.26,2
02-01-2024 22:42,10,332,342,33.46,64.52,155.05,737.38,4
02-01-2024 22:43,3,109,370,29.06,84.34,212.57,66.9,5
02-01-2024 22:44,9,167,240,79.36,61.32,95.92,512.87,2
02-01-2024 22:45,4,472,175,93.4,68.45,177.68,641.18,4
02-01-2024 22:46,7,605,482,66.11,74.42,110.16,438.43,1
02-01-2024 22:47,9,771,445,63.11,31.67,92.6,94.62,2
02-01-2024 22:48,7,85,340,37.15,58.57,126.36,201.53,2
02-01-2024 22:49,9,580,228,11.74,38.18,140.65,264.64,4
02-01-2024 22:50,3,140,485,26.3,33.71,102.69,536.98,2
02-01-2024 22:51,4,350,487,59.68,29.43,81.11,71.15,1
02-01-2024 22:52,8,773,253,22.86,58.91,189.03,448.7,1
02-01-2024 22:53,6,966,411,85.13,74.59,117.32,104.97,5
02-01-2024 22:54,5,968,380,25.99,80.69,64.54,328.19,4
02-01-2024 22:55,4,783,111,54.38,47.14,228.72,351.93,3
02-01-2024 22:56,8,266,241,53.52,42.97,218.5,372.43,1
02-01-2024 22:57,1,784,224,61.34,66.55,266.61,574.48,3
02-01-2024 22:58,9,972,298,37.83,73.53,168.73,83.33,2
02-01-2024 22:59,1,147,52,84.25,34,87.43,229.23,4
02-01-2024 23:00,8,505,221,47.77,37.3,259.79,520.08,4
02-01-2024 23:01,4,580,489,69.51,55,87.69,755.98,1
02-01-2024 23:02,9,858,304,64.05,48.33,198.4,504.22,1
02-01-2024 23:03,5,587,288,19.96,67.93,61.17,709.03,4
02-01-2024 23:04,3,77,152,62.92,52.84,190.61,775.36,3
02-01-2024 23:05,9,625,387,56.81,23.37,253.05,709.45,4
02-01-2024 23:06,9,373,118,86.38,27.45,164.28,778.32,5
02-01-2024 23:07,4,272,411,84.87,82.64,143.91,626.09,4
02-01-2024 23:08,4,129,457,22.83,32.05,298.07,711.98,3
02-01-2024 23:09,8,612,424,16.94,18.76,11.62,403.33,2
02-01-2024 23:10,2,507,279,35.04,69.86,102.86,289.44,3
02-01-2024 23:11,9,663,135,93.86,66.3,275.99,799.77,4
02-01-2024 23:12,6,225,209,11.83,60.01,194.58,96.25,4
02-01-2024 23:13,9,571,127,67.2,52.67,164.92,767.39,2
02-01-2024 23:14,8,798,293,61.72,87.72,193.12,356.08,5
02-01-2024 23:15,7,506,7,64.96,23.99,99.97,37.46,1
02-01-2024 23:16,1,472,222,28.55,53.26,25.99,646.35,3
02-01-2024 23:17,3,149,77,29.27,57.3,86.17,366.49,3
02-01-2024 23:18,2,939,338,46.6,16.69,104.27,642.98,4
02-01-2024 23:19,5,789,351,18.15,45.9,146.56,54.96,3
02-01-2024 23:20,5,452,278,16.34,73.71,121.2,779.83,2
02-01-2024 23:21,5,625,334,17.51,50.33,158.7,543.41,5
02-01-2024 23:22,4,429,338,58.7,80.65,62.84,57.44,4
02-01-2024 23:23,5,580,227,43.81,63.36,59.29,23.62,1
02-01-2024 23:24,3,381,401,34.96,72.46,108.76,483.32,2
02-01-2024 23:25,1,367,275,36.84,75.34,144.75,781.67,1
02-01-2024 23:26,5,702,351,27.62,66.71,105.81,428.72,3
02-01-2024 23:27,9,586,295,44.98,71.2,175.09,296.04,3
02-01-2024 23:28,9,789,117,27.26,67.15,96.45,752.36,5
02-01-2024 23:29,4,138,292,69.33,56.28,57.26,787.48,1
02-01-2024 23:30,3,653,271,20.53,57.49,259.53,631.9,2
02-01-2024 23:31,1,560,447,90.6,29.24,64.18,579.97,1
02-01-2024 23:32,2,91,157,17.63,77.06,290.16,21.61,1
02-01-2024 23:33,8,934,60,90.19,38.41,296.28,264.67,1
02-01-2024 23:34,1,856,184,80.83,55.18,210.56,741.64,1
02-01-2024 23:35,8,975,424,67.86,33.72,153.09,307.15,3
02-01-2024 23:36,7,438,144,87.55,67.19,239.65,280.97,5
02-01-2024 23:37,8,130,161,21.83,88.14,262.59,439,2
02-01-2024 23:38,6,451,89,24.99,75.15,214.33,369.27,4
02-01-2024 23:39,9,156,16,31.43,61.43,35.1,689.86,3
02-01-2024 23:40,3,160,414,30.81,57.56,5.88,83.72,3
02-01-2024 23:41,10,326,249,36.42,51.73,61.61,533.82,2
02-01-2024 23:42,4,263,98,58.93,30.37,60.62,563.81,2
02-01-2024 23:43,6,792,450,12.39,41.1,58.84,706.49,5
02-01-2024 23:44,8,867,104,42.49,45.48,155.38,344.31,4
02-01-2024 23:45,5,555,300,30.94,85.84,158.42,250.1,3
02-01-2024 23:46,3,170,235,61.56,46.92,218.29,508.72,5
02-01-2024 23:47,6,183,422,93.74,58.96,64.43,585.44,3
02-01-2024 23:48,4,867,307,54,84.18,32.33,153.36,5
02-01-2024 23:49,9,769,444,46.18,53.88,201.5,143.37,5
02-01-2024 23:50,3,420,274,41.3,33.86,147.78,225.61,4
02-01-2024 23:51,4,306,261,76.72,43.58,201.56,213.38,1
02-01-2024 23:52,7,746,239,16.12,43.17,117.32,605.51,3
02-01-2024 23:53,7,847,424,91.58,68.6,226.48,433.95,5
02-01-2024 23:54,4,924,262,45.52,37.21,206.37,447.28,5
02-01-2024 23:55,6,229,332,36.66,69.77,196.85,31.47,2
02-01-2024 23:56,3,982,115,92.8,81.69,13.13,795.52,1
02-01-2024 23:57,6,97,268,89.55,40.21,258.15,667.24,2
02-01-2024 23:58,2,648,12,64.56,25.15,116.1,366.06,1
02-01-2024 23:59,8,946,73,11.57,62.89,45.01,72.17,4
03-01-2024 00:00,2,68,362,73.63,42.06,227.9,561.54,4
03-01-2024 00:01,7,95,406,38.52,55.05,148.51,437.34,2
03-01-2024 00:02,9,500,305,43,62.56,14.44,548.48,2
03-01-2024 00:03,1,947,178,23.49,45.58,235.65,548.51,1
03-01-2024 00:04,8,105,464,54.49,84.35,133.34,140.69,1
03-01-2024 00:05,7,790,260,73.29,44.97,227.7,276.47,2
03-01-2024 00:06,6,706,434,33.21,38.05,227.9,33.85,2
03-01-2024 00:07,6,141,259,89.79,81.43,34.48,786.17,5
03-01-2024 00:08,6,131,400,26.55,25.22,185.9,649.04,3
03-01-2024 00:09,9,786,270,15.63,24.32,111.24,744.47,2
03-01-2024 00:10,2,128,320,64.77,85.18,166.19,54.42,1
03-01-2024 00:11,1,711,120,82.19,30.67,31.12,410.27,5
03-01-2024 00:12,6,922,169,91.02,26.13,178.51,603,4
03-01-2024 00:13,10,332,486,75.21,55.14,234.37,100.89,4
03-01-2024 00:14,8,360,68,26.97,18.51,296.11,626.13,4
03-01-2024 00:15,3,209,59,93.1,61.5,99.48,525.05,5
03-01-2024 00:16,10,365,130,88.15,48.97,50.76,788.27,2
03-01-2024 00:17,1,926,375,23.87,63.03,112.94,129.88,3
03-01-2024 00:18,9,717,266,57.5,36.3,10.69,510.84,4
03-01-2024 00:19,1,205,75,57.22,82.91,125.59,758.76,2
03-01-2024 00:20,3,937,487,47.62,35.29,274.8,600.06,4
03-01-2024 00:21,8,763,90,93.66,62.82,62.33,282.2,4
03-01-2024 00:22,3,517,357,15.07,85.88,145.93,113.02,4
03-01-2024 00:23,4,970,154,63.31,45.06,173.92,771.74,1
03-01-2024 00:24,8,902,388,27.45,27.11,58.07,76.08,5
03-01-2024 00:25,1,511,218,54.82,20.13,102.38,780.63,5
03-01-2024 00:26,6,903,486,76.28,87.23,273.85,256.74,1
03-01-2024 00:27,1,166,28,30.97,72.28,92.24,691.04,4
03-01-2024 00:28,1,715,130,43.44,83.92,192.43,452.36,5
03-01-2024 00:29,8,413,66,90.82,67.41,45.4,731.82,5
03-01-2024 00:30,4,892,144,74.73,40.68,202.61,352.76,5
03-01-2024 00:31,1,680,380,58.68,24.23,87.35,682.85,4
03-01-2024 00:32,10,760,313,28.87,84.7,73.22,205.94,4
03-01-2024 00:33,7,962,407,46.15,51.72,41.63,384.06,5
03-01-2024 00:34,5,515,407,75.8,44.74,18.81,680.12,3
03-01-2024 00:35,5,824,461,79.75,58.33,290.52,112.32,2
03-01-2024 00:36,1,233,277,30.79,22.99,127.1,588.33,2
03-01-2024 00:37,10,709,103,66.28,38.19,234.4,360.76,4
03-01-2024 00:38,6,215,409,18.08,62.84,276.43,420.31,3
03-01-2024 00:39,9,124,314,11.97,22.51,65.19,471.64,3
03-01-2024 00:40,9,797,37,56.64,25.14,261.61,235.01,3
03-01-2024 00:41,8,875,249,29.07,53.29,213.87,95.17,1
03-01-2024 00:42,5,321,433,16.71,61.76,175.5,34.55,1
03-01-2024 00:43,1,740,461,72.04,29.03,243.68,356.12,5
03-01-2024 00:44,9,552,399,52.33,17.48,37.65,229.72,3
03-01-2024 00:45,1,844,156,77.68,86.88,82.76,513.69,2
03-01-2024 00:46,8,612,451,66.44,17.06,43.66,578.43,1
03-01-2024 00:47,5,636,471,72.03,15.15,269.31,412.92,4
03-01-2024 00:48,3,705,132,36.13,39.25,34.15,502.79,4
03-01-2024 00:49,7,392,47,32.38,31.68,294.09,457.38,3
03-01-2024 00:50,7,749,434,61.07,58.02,37.42,23.57,5
03-01-2024 00:51,9,684,444,27.01,82.07,200.24,676.53,3
03-01-2024 00:52,7,893,446,79.31,51.08,199.85,66.46,4
03-01-2024 00:53,3,300,195,54.45,73,279.72,340.07,4
03-01-2024 00:54,1,857,103,29.29,83.19,100.32,106.59,5
03-01-2024 00:55,8,884,328,63.14,29.2,102.94,536.6,1
03-01-2024 00:56,3,179,171,90.33,51.62,254.66,273.96,5
03-01-2024 00:57,8,813,89,16.98,63.16,293.68,75.5,2
03-01-2024 00:58,8,407,246,19.29,39.89,13.89,55.38,4
03-01-2024 00:59,5,993,58,81.73,70.48,192.42,204.97,2
03-01-2024 01:00,1,741,105,19.32,67.9,76.87,540.47,4
03-01-2024 01:01,10,457,180,13.35,46.58,219.75,580.21,4
03-01-2024 01:02,7,910,460,39.57,21.6,232.95,120.18,3
03-01-2024 01:03,10,544,69,49.67,15.87,229.95,128.51,4
03-01-2024 01:04,5,671,481,58.4,42.7,133.48,482.72,4
03-01-2024 01:05,8,531,302,53.12,21.16,51.55,766.67,4
03-01-2024 01:06,9,899,153,87.62,73.62,177.51,451.27,4
03-01-2024 01:07,7,127,25,75.34,40.07,237.77,575.16,3
03-01-2024 01:08,7,563,377,93.62,64.96,274.1,468.82,3
03-01-2024 01:09,1,370,35,50.5,40.98,138.53,101.77,2
03-01-2024 01:10,4,837,445,17.17,74.7,77.47,758.24,2
03-01-2024 01:11,2,339,15,91.22,81.63,40.05,76.15,2
03-01-2024 01:12,2,346,106,10.35,77.81,240.29,612.7,5
03-01-2024 01:13,2,730,218,75.97,51.34,162.91,783.89,3
03-01-2024 01:14,4,801,384,12.66,21.3,203.88,268.82,3
03-01-2024 01:15,1,524,74,74.7,42.88,51.98,153.87,1
03-01-2024 01:16,4,72,344,89.72,46.83,6.94,461.62,1
03-01-2024 01:17,2,855,419,43.09,87.02,290.44,640.15,1
03-01-2024 01:18,5,221,285,30.48,57.41,244.21,760.59,2
03-01-2024 01:19,3,884,38,29.23,63.06,123.01,561.07,4
03-01-2024 01:20,8,367,197,51.8,73.65,139.86,281.98,5
03-01-2024 01:21,4,957,280,24.53,57.62,279.07,405.59,3
03-01-2024 01:22,1,847,275,67.2,59.89,66.26,613.74,2
03-01-2024 01:23,1,904,174,41.31,33.4,241.83,634.59,5
03-01-2024 01:24,10,242,305,37.46,19.41,10.29,78.06,3
03-01-2024 01:25,3,730,44,49.21,69.1,263.34,498.72,5
03-01-2024 01:26,9,965,457,56.12,78.65,178.84,774.55,5
03-01-2024 01:27,7,167,154,22.06,45.9,145.89,632.5,3
03-01-2024 01:28,2,55,153,70.16,56.17,213.41,25.71,5
03-01-2024 01:29,9,892,291,85.05,38.05,24.96,195.45,1
03-01-2024 01:30,10,532,498,33.63,48.77,62.69,367.11,1
03-01-2024 01:31,2,181,420,25.33,30.67,125.06,570.89,5
03-01-2024 01:32,3,142,142,74.64,71.99,187.27,453.09,2
03-01-2024 01:33,10,812,256,25.6,51.89,47.64,80.32,4
03-01-2024 01:34,2,571,312,13.51,56.04,116.95,595.85,3
03-01-2024 01:35,3,612,134,62.64,17.78,81.96,674.2,2
03-01-2024 01:36,6,910,32,30.38,61.68,195.44,180.49,4
03-01-2024 01:37,9,343,26,24.6,30.2,276.19,72.59,3
03-01-2024 01:38,9,690,399,93.44,43.75,53.96,636.95,4
03-01-2024 01:39,7,441,255,34.81,45.95,60.83,519.55,3
03-01-2024 01:40,3,298,433,86.79,48.65,182.16,646.73,1
03-01-2024 01:41,4,663,223,25.15,32.06,138.8,461.95,2
03-01-2024 01:42,6,898,56,79.61,78.76,216.84,354.26,4
03-01-2024 01:43,5,644,293,52.67,47.09,89.93,771.2,1
03-01-2024 01:44,2,752,125,16.68,60.91,165.72,628.37,2
03-01-2024 01:45,6,466,230,72.36,61.05,119.11,341.29,5
03-01-2024 01:46,3,192,53,85.83,60.52,87.97,727.86,2
03-01-2024 01:47,8,286,442,23.86,56.95,220.14,794.93,2
03-01-2024 01:48,2,336,101,71.68,76.7,239.79,260.42,1
03-01-2024 01:49,1,326,467,47.83,75.95,102.04,716.13,1
03-01-2024 01:50,9,436,334,74.08,46.29,188.78,55.41,4
03-01-2024 01:51,3,431,292,70.68,62.69,57.68,187.19,4
03-01-2024 01:52,1,499,357,12.26,22.71,238.34,145.51,5
03-01-2024 01:53,7,340,267,25.19,21.81,87.97,298.14,1
03-01-2024 01:54,10,218,283,50.04,50.99,55.43,458.85,1
03-01-2024 01:55,5,492,2,89.36,82.52,282.29,581.58,2
03-01-2024 01:56,5,705,22,39.08,63.75,129.63,724.19,2
03-01-2024 01:57,1,233,66,63.45,65.19,194.83,143.67,5
03-01-2024 01:58,9,94,212,11.03,26.83,243.72,471.06,2
03-01-2024 01:59,7,804,236,70.45,49,207.41,452.66,2
03-01-2024 02:00,8,876,368,61.26,45.06,171.57,377.61,4
03-01-2024 02:01,9,995,17,70.81,73.72,114.63,561.77,5
03-01-2024 02:02,6,317,388,86.9,25.34,275.96,420.42,4
03-01-2024 02:03,5,525,14,22.45,55.44,44.39,449.15,5
03-01-2024 02:04,6,302,7,32.24,83.35,265.76,724.6,4
03-01-2024 02:05,2,445,335,94.64,81.93,214.41,691.01,4
03-01-2024 02:06,4,338,222,23.28,78.93,173.57,470.32,5
03-01-2024 02:07,3,261,400,71.25,43.12,100.8,141.84,2
03-01-2024 02:08,7,738,104,71.63,85.58,48.08,767.79,3
03-01-2024 02:09,9,70,450,68.05,75.4,135.73,505.71,1
03-01-2024 02:10,5,365,403,29.33,78.84,236.21,649.83,5
03-01-2024 02:11,6,613,1,28.29,84.93,224.87,62.92,3
03-01-2024 02:12,10,487,287,66.64,85.28,195.41,719.52,4
03-01-2024 02:13,2,472,384,25.83,33,297.79,560.93,2
03-01-2024 02:14,3,282,247,66.23,24.58,291.93,554.63,4
03-01-2024 02:15,3,994,388,51.86,66.82,123,105.89,5
03-01-2024 02:16,9,172,91,42.86,57.24,61.8,576.03,3
03-01-2024 02:17,7,923,314,35.52,39.56,141.83,79.78,4
03-01-2024 02:18,8,661,312,90.54,66.33,254.15,63.54,2
03-01-2024 02:19,10,263,437,53.19,19.65,140.28,273.77,5
03-01-2024 02:20,9,971,473,57.71,18.54,104.11,38.07,5
03-01-2024 02:21,6,888,214,90.69,41.57,223.66,144.51,4
03-01-2024 02:22,4,696,43,65.58,29.54,196.79,586.38,2
03-01-2024 02:23,1,879,74,91.42,68.89,290.77,671.24,5
03-01-2024 02:24,8,779,242,19.04,86.1,167.03,160.03,5
03-01-2024 02:25,7,649,481,81.96,64.62,290.4,662.17,4
03-01-2024 02:26,2,841,49,38.51,64.11,90.83,394.81,3
03-01-2024 02:27,8,89,368,78.89,15.49,260.12,767.16,1
03-01-2024 02:28,5,801,364,82.73,53.42,108.52,128.66,2
03-01-2024 02:29,7,381,316,33.08,76.28,243.85,61.78,5
03-01-2024 02:30,4,992,222,44.75,64.06,278.17,679.16,5
03-01-2024 02:31,5,697,350,71.71,32.08,188.84,302.35,5
03-01-2024 02:32,8,231,144,18.42,78.64,219.92,376.59,3
03-01-2024 02:33,1,314,329,74.22,87.33,287.8,419.2,1
03-01-2024 02:34,1,820,209,19.39,35.92,115.67,663.63,4
03-01-2024 02:35,4,743,99,87.73,30.53,155.92,79.28,2
03-01-2024 02:36,3,582,188,33.49,40.39,270,449.88,3
03-01-2024 02:37,10,912,114,58.93,19.74,203.48,355.84,5
03-01-2024 02:38,2,481,175,19.96,80.51,262.71,285.42,1
03-01-2024 02:39,3,992,271,32.91,84.7,187.39,291.54,1
03-01-2024 02:40,1,245,63,44.34,62.5,223.22,745.67,1
03-01-2024 02:41,1,773,496,51.4,72.33,8.85,229.13,4
03-01-2024 02:42,6,558,284,10.01,65.15,105.2,374.6,2
03-01-2024 02:43,5,496,404,85.54,43.3,232.27,404.39,5
03-01-2024 02:44,8,577,225,10.65,62.4,124.18,581.49,3
03-01-2024 02:45,2,251,447,75.76,77.72,112.04,424.81,3
03-01-2024 02:46,4,924,161,50,75.74,285.71,504.56,3
03-01-2024 02:47,8,779,36,54.53,21.08,168,331.09,3
03-01-2024 02:48,6,654,381,27.7,49.7,61.79,580.52,5
03-01-2024 02:49,1,182,141,61.63,44.8,144.31,383.36,2
03-01-2024 02:50,4,188,318,55.66,71.4,158.01,193.72,5
03-01-2024 02:51,1,718,196,23.96,52.6,296.68,657.21,3
03-01-2024 02:52,2,542,151,30.24,41.23,216.87,617.05,2
03-01-2024 02:53,5,896,456,15.69,67.98,158.22,509.44,4
03-01-2024 02:54,8,119,269,15.63,50.52,132.44,427.12,2
03-01-2024 02:55,8,865,344,11.17,34.25,275.07,182.63,4
03-01-2024 02:56,3,64,40,28.74,81.78,195.55,697.32,5
03-01-2024 02:57,4,796,238,67.77,23.48,110.05,95.81,4
03-01-2024 02:58,10,261,414,36.88,16.36,142.07,318.88,4
03-01-2024 02:59,6,851,380,39.13,25.79,87.05,685,2
03-01-2024 03:00,10,109,222,21.21,27.27,288.33,484.54,5
03-01-2024 03:01,3,301,281,58.92,55.35,212.07,362.12,2
03-01-2024 03:02,2,495,225,39.08,61.86,120.73,637.26,1
03-01-2024 03:03,6,51,457,67.49,48.65,59.05,791.82,4
03-01-2024 03:04,5,797,154,73.02,30.31,57.22,167.27,2
03-01-2024 03:05,10,385,280,59.7,24.91,145.93,59.57,5
03-01-2024 03:06,5,68,353,33.47,51.91,142.93,381.13,2
03-01-2024 03:07,10,610,39,53.23,57.41,128.25,244.17,1
03-01-2024 03:08,5,127,217,31.41,37.8,256.28,540.07,4
03-01-2024 03:09,10,521,244,86.75,31.53,293.86,405.52,1
03-01-2024 03:10,5,77,109,75.14,21.04,109.67,409.22,1
03-01-2024 03:11,3,609,463,51.91,16.97,91.91,296.89,4
03-01-2024 03:12,7,657,61,92.06,22.93,232.18,184.32,1
03-01-2024 03:13,6,214,489,56.47,70.66,137.69,186.49,4
03-01-2024 03:14,4,507,496,37.93,40.8,69.18,321.84,4
03-01-2024 03:15,2,994,433,18.11,17.06,58.38,551.83,3
03-01-2024 03:16,9,926,425,56.22,53.11,87.77,282.98,5
03-01-2024 03:17,1,225,198,83.14,55.21,5.39,274.29,2
03-01-2024 03:18,4,634,276,83.67,47.15,282.72,351.5,2
03-01-2024 03:19,1,917,172,61.39,23.3,131.92,792.87,5
03-01-2024 03:20,6,78,272,43.44,71.62,29.44,91.16,1
03-01-2024 03:21,4,718,405,65.28,66.68,53.66,249.83,5
03-01-2024 03:22,5,875,271,74.78,44.6,100.38,247.76,4
03-01-2024 03:23,5,865,423,44.99,43.56,167.75,780.11,4
03-01-2024 03:24,9,328,42,50.48,26.7,212.6,337.6,2
03-01-2024 03:25,1,332,189,67.85,71.52,95.82,462.24,3
03-01-2024 03:26,2,528,260,84.52,59.97,287.5,174.54,1
03-01-2024 03:27,6,568,152,77.24,21.43,229.29,29.91,5
03-01-2024 03:28,5,354,131,11.9,43.35,248.61,284.63,4
03-01-2024 03:29,7,743,114,20.57,82.77,100.48,518.45,4
03-01-2024 03:30,3,158,385,82.49,48.93,117.38,559.4,3
03-01-2024 03:31,3,373,222,80.87,39.37,163.73,608.02,4
03-01-2024 03:32,10,255,397,43.05,63.28,138.25,691.32,5
03-01-2024 03:33,2,283,54,59.66,30.22,81.67,110.19,2
03-01-2024 03:34,3,987,338,87,54.29,299.19,84.58,2
03-01-2024 03:35,10,507,296,87.48,65.21,255.27,634.39,1
03-01-2024 03:36,1,236,383,76.56,79.12,75.21,359.89,5
03-01-2024 03:37,5,989,395,27.82,66.94,268.26,758.75,4
03-01-2024 03:38,5,531,42,72.07,43.83,178.13,755.92,4
03-01-2024 03:39,7,971,93,18.59,72.59,8.71,130.49,5
03-01-2024 03:40,4,456,260,85.98,82.38,107.11,559.16,2
03-01-2024 03:41,3,890,281,22.68,50.83,12.59,72.34,4
03-01-2024 03:42,1,558,356,66.3,15.34,30.89,334.66,4
03-01-2024 03:43,8,918,420,61.87,81.07,57.8,676.53,5
03-01-2024 03:44,3,569,192,76.04,27.41,147.9,379.55,1
03-01-2024 03:45,2,102,125,56.88,24.47,117.48,46.22,5
03-01-2024 03:46,4,447,428,15.06,38.08,48.95,207.46,4
03-01-2024 03:47,3,248,296,70,43.5,121.39,87.37,5
03-01-2024 03:48,1,440,348,42.57,74.95,94.78,338.42,5
03-01-2024 03:49,3,698,429,37.22,44.19,126,563.43,1
03-01-2024 03:50,2,820,392,94.29,18.66,55.83,535.08,2
03-01-2024 03:51,8,895,341,60.18,62.7,184.86,580.77,5
03-01-2024 03:52,6,962,35,70.41,65.34,18.14,319.38,5
03-01-2024 03:53,9,547,428,54.74,76.07,119.42,226.92,1
03-01-2024 03:54,8,221,402,75.45,44.91,268.99,64.41,4
03-01-2024 03:55,10,135,47,73.93,21.46,128.8,754.43,3
03-01-2024 03:56,3,607,153,65.86,56.48,135.12,112.26,3
03-01-2024 03:57,5,907,238,94.81,24.07,25.06,159.03,4
03-01-2024 03:58,7,235,425,49.08,16.28,183.58,39.5,4
03-01-2024 03:59,5,205,5,70.03,73.39,281.24,267.39,4
03-01-2024 04:00,8,542,448,77.81,45.26,91.03,658.7,2
03-01-2024 04:01,5,959,446,41.96,54.38,121.01,279.15,2
03-01-2024 04:02,1,570,125,48.86,64.71,178.51,539.47,1
03-01-2024 04:03,5,676,367,92.38,45.08,32.5,773.12,4
03-01-2024 04:04,4,715,328,12.74,18.83,285.33,716.17,5
03-01-2024 04:05,6,179,87,38.5,33.96,142.94,160.38,4
03-01-2024 04:06,3,892,3,51.33,29.58,38.95,300.18,4
03-01-2024 04:07,5,130,492,10.12,88.3,103.89,605.89,5
03-01-2024 04:08,2,433,165,86.43,70.46,115.28,782.57,1
03-01-2024 04:09,6,851,223,34.33,48.87,106.89,578.43,4
03-01-2024 04:10,6,708,349,31.9,19.75,209.5,216.73,5
03-01-2024 04:11,5,344,297,79.73,23.69,106.93,123.6,3
03-01-2024 04:12,6,318,404,33.63,75.97,100.54,406.22,3
03-01-2024 04:13,7,694,451,65.9,85.91,100.02,170.5,5
03-01-2024 04:14,5,611,343,79.83,17.35,234.47,197.54,4
03-01-2024 04:15,1,584,424,77.36,83.28,95.97,514.86,2
03-01-2024 04:16,8,427,341,76.47,43.54,9.13,421.57,2
03-01-2024 04:17,4,425,461,17.53,31.02,112.83,114.14,4
03-01-2024 04:18,9,137,392,16.79,22.67,87.08,139.87,5
03-01-2024 04:19,10,974,389,36.08,72.88,273.16,35.16,1
03-01-2024 04:20,6,673,25,13.06,50.17,145.98,191.33,2
03-01-2024 04:21,1,160,39,52.54,77.43,74.2,712.1,3
03-01-2024 04:22,3,633,421,43.56,31.96,294.57,638.57,1
03-01-2024 04:23,3,203,381,57.35,65.89,77.79,343.53,3
03-01-2024 04:24,10,512,105,35.4,23.86,230.09,598.71,4
03-01-2024 04:25,4,618,5,51.29,21.73,196.62,337.44,1
03-01-2024 04:26,6,818,136,38.45,25,141.36,637.84,4
03-01-2024 04:27,7,205,492,26.59,75.67,124.72,161.92,2
03-01-2024 04:28,10,674,4,65.2,64.17,262.35,138.96,4
03-01-2024 04:29,4,367,169,67.24,27.45,145.15,80.79,2
03-01-2024 04:30,6,608,316,80.48,43.86,115.73,208.61,2
03-01-2024 04:31,1,287,310,84.35,72.28,109.5,134.13,5
03-01-2024 04:32,8,383,406,69.88,36.43,86.38,642.94,4
03-01-2024 04:33,7,155,78,68.44,84.09,125.64,207.18,1
03-01-2024 04:34,9,531,19,14.82,83.6,40.38,422.64,1
03-01-2024 04:35,3,748,205,19.33,56.47,24.21,609.83,5
03-01-2024 04:36,2,720,355,79.07,62.4,164.73,548.12,4
03-01-2024 04:37,1,759,324,29.8,63.99,139.01,179.58,5
03-01-2024 04:38,3,431,33,40.22,34.39,56.15,80.12,2
03-01-2024 04:39,5,738,150,22.35,42.4,36.51,731.17,4
03-01-2024 04:40,2,310,193,26.59,25.2,47.26,505.16,1
03-01-2024 04:41,3,848,139,75.91,84.37,98,571.12,2
03-01-2024 04:42,4,342,272,32.26,69.29,138.19,321.09,5
03-01-2024 04:43,7,384,196,48.17,18.48,62.04,208.45,5
03-01-2024 04:44,3,704,127,22.89,56.2,227.91,433.88,5
03-01-2024 04:45,9,869,349,67.62,40.73,62.03,80.75,4
03-01-2024 04:46,8,758,231,71.9,76.15,41.62,643.98,5
03-01-2024 04:47,4,525,44,40.74,40.79,298.39,530.51,2
03-01-2024 04:48,1,274,230,76.7,63.31,137.07,614.07,4
03-01-2024 04:49,1,956,216,30.39,27.43,55.15,464.02,4
03-01-2024 04:50,1,604,244,68.81,56.91,268.89,470.77,2
03-01-2024 04:51,1,503,9,72.05,37.04,73.17,488.29,1
03-01-2024 04:52,8,712,250,92.34,27.37,278.05,631.64,4
03-01-2024 04:53,3,345,200,29.75,61.44,40.09,195.8,2
03-01-2024 04:54,6,624,334,17.97,62.9,253.34,551.6,4
03-01-2024 04:55,3,691,79,32.36,88.75,59.36,451.11,1
03-01-2024 04:56,5,816,245,20.44,65.18,281.81,406.18,1
03-01-2024 04:57,7,512,190,24.42,53.68,174.4,441.91,3
03-01-2024 04:58,2,904,86,38.4,83.45,61.02,232.32,4
03-01-2024 04:59,6,263,485,45.19,77.12,254.22,48.92,4
03-01-2024 05:00,6,634,271,86.82,56.16,120.22,612.15,2
03-01-2024 05:01,3,992,262,26.63,53.35,221.18,734.62,2
03-01-2024 05:02,6,665,1,92.6,85.65,194.82,394.99,3
03-01-2024 05:03,10,207,20,78.86,61.28,215.72,673.56,2
03-01-2024 05:04,10,321,489,84.93,68.53,106.4,453.1,1
03-01-2024 05:05,5,876,420,89,21.5,281.95,745.64,5
03-01-2024 05:06,2,287,130,74.03,68.87,170.14,416.57,4
03-01-2024 05:07,9,352,326,77.05,34.85,27.88,179.79,3
03-01-2024 05:08,8,933,258,47.21,23.67,24.69,698.69,4
03-01-2024 05:09,3,719,131,53.39,78.72,222.78,644.21,3
03-01-2024 05:10,8,670,7,89.26,66.84,255.74,330.45,5
03-01-2024 05:11,9,570,340,42.15,45.57,210.11,676.69,3
03-01-2024 05:12,3,370,241,13.57,47.36,86.86,27.06,3
03-01-2024 05:13,3,108,192,74.83,29.78,71.64,643.8,5
03-01-2024 05:14,2,407,425,58.72,15.72,171.8,556.67,2
03-01-2024 05:15,8,753,310,79.26,41.2,63.05,316.15,1
03-01-2024 05:16,10,697,297,16.42,26.13,116.83,637.44,3
03-01-2024 05:17,1,300,115,62.8,46.63,190.46,118.8,1
03-01-2024 05:18,8,940,389,31.06,77.54,89.05,178.59,3
03-01-2024 05:19,7,485,473,86.78,23.61,115.75,436.19,5
03-01-2024 05:20,7,195,102,19.34,21.88,111.35,707.2,1
03-01-2024 05:21,3,908,338,81.66,82.66,140.85,121.48,4
03-01-2024 05:22,1,401,319,17.53,70.89,203.94,460.13,1
03-01-2024 05:23,4,619,1,12.13,18.98,235.79,607.44,5
03-01-2024 05:24,9,738,25,29.98,20.97,201.2,599.82,2
03-01-2024 05:25,5,849,209,38.31,66.37,12.72,509.81,2
03-01-2024 05:26,1,294,430,63.25,42.78,269.57,753.92,1
03-01-2024 05:27,5,609,143,21.2,69.31,176.45,396.07,5
03-01-2024 05:28,8,350,197,47.17,45.33,276.47,706.59,2
03-01-2024 05:29,8,487,145,27.36,87.58,289.34,503.28,2
03-01-2024 05:30,5,917,149,82.7,67.08,143.01,595.22,2
03-01-2024 05:31,9,149,181,13.82,18.5,275.33,382.57,1
03-01-2024 05:32,1,774,55,40.25,39.79,112.79,150.74,2
03-01-2024 05:33,4,863,471,63.67,57.27,81.81,105.09,5
03-01-2024 05:34,3,529,363,87.61,25.64,26.72,552.22,5
03-01-2024 05:35,2,464,138,83.78,15.19,138.29,313.65,4
03-01-2024 05:36,8,214,209,86.09,20.95,208.16,462.64,2
03-01-2024 05:37,7,961,185,15.34,54.32,293.17,601.92,4
03-01-2024 05:38,9,991,65,81.48,62.42,158.79,633.46,4
03-01-2024 05:39,2,687,37,76.29,21.97,221.67,417.54,2
03-01-2024 05:40,4,351,112,86.71,64.89,269.36,265.31,4
03-01-2024 05:41,6,170,263,36.48,61.28,165.24,625.19,2
03-01-2024 05:42,3,137,76,87.5,85.49,54.2,343.97,3
03-01-2024 05:43,8,266,296,44.22,78.05,255.22,750.65,5
03-01-2024 05:44,3,622,178,63.9,85.74,174.38,663.17,3
03-01-2024 05:45,2,863,254,46.06,87.46,228.76,602.6,1
03-01-2024 05:46,3,228,1,46.35,48.06,199.25,208.17,1
03-01-2024 05:47,6,751,148,56.46,51.59,23.01,302.95,4
03-01-2024 05:48,2,212,364,40.25,36.12,54.89,682.2,3
03-01-2024 05:49,8,642,159,77.38,53.13,89.44,38.05,3
03-01-2024 05:50,1,219,324,63.86,26.3,88.99,629.55,2
03-01-2024 05:51,7,350,474,68.63,65.36,252.56,335.24,4
03-01-2024 05:52,2,423,268,29.64,16.87,181.48,643.49,5
03-01-2024 05:53,10,757,150,92.41,32.67,29.6,450.87,3
03-01-2024 05:54,6,252,129,66.11,30.61,119.22,430.91,3
03-01-2024 05:55,2,96,126,26.76,85.34,169.12,567.24,2
03-01-2024 05:56,2,512,1,73.79,25.87,79.19,648.94,2
03-01-2024 05:57,10,719,387,24.77,81.81,16.75,560.89,5
03-01-2024 05:58,8,457,117,15.39,24.33,117.18,371.56,4
03-01-2024 05:59,2,243,460,54.84,63.8,141.05,270.25,2
03-01-2024 06:00,7,476,149,57.05,38.99,271.91,679.59,1
03-01-2024 06:01,3,979,269,26.06,38.7,272.97,426.21,3
03-01-2024 06:02,8,840,189,39.61,89.87,152.62,631.1,1
03-01-2024 06:03,7,366,141,90.39,31.95,144.09,796.66,1
03-01-2024 06:04,8,528,105,34.23,30.19,193.95,522.23,3
03-01-2024 06:05,7,470,466,23.22,59.2,81.15,237.11,3
03-01-2024 06:06,6,318,252,94.37,70.56,89.29,695.13,2
03-01-2024 06:07,7,530,417,35.7,88.69,5.75,233.46,4
03-01-2024 06:08,5,760,390,67.82,67.61,28.07,223.11,3
03-01-2024 06:09,7,785,281,29.68,57.14,57.66,77.67,4
03-01-2024 06:10,1,312,407,56.76,45.68,193.97,81.28,3
03-01-2024 06:11,1,475,344,42.83,59.63,67.73,692.61,1
03-01-2024 06:12,9,215,101,91.73,60.06,41.6,199.97,1
03-01-2024 06:13,5,741,282,46.79,31.33,186.81,104.78,5
03-01-2024 06:14,5,477,388,59.65,65.34,197.27,295.02,2
03-01-2024 06:15,3,753,358,90.31,30.33,22.6,576.56,2
03-01-2024 06:16,5,446,163,94.08,51.75,233,284.91,3
03-01-2024 06:17,3,265,497,18.64,34.49,183.82,261.24,3
03-01-2024 06:18,9,845,203,80.92,38.46,122.13,400.69,2
03-01-2024 06:19,9,913,100,42.48,61.04,295.04,36.54,5
03-01-2024 06:20,6,156,281,60.56,19.84,8.01,403.04,3
03-01-2024 06:21,1,147,404,41.88,15.9,165.73,792.21,4
03-01-2024 06:22,7,929,257,44.09,24.8,52.11,643.49,3
03-01-2024 06:23,7,531,94,23.5,27.65,102.15,74.98,4
03-01-2024 06:24,10,548,324,58.69,29.84,44.29,530.76,4
03-01-2024 06:25,10,279,279,56.47,73.04,202.12,379.67,1
03-01-2024 06:26,4,306,227,26.1,48.51,123.46,664.47,1
03-01-2024 06:27,8,92,362,56.05,50.25,295.96,96.85,5
03-01-2024 06:28,6,291,150,92.71,63.33,197.88,201.53,1
03-01-2024 06:29,4,603,351,70.72,69.68,275.61,637.09,4
03-01-2024 06:30,4,144,62,50.88,15.26,76.04,682.38,5
03-01-2024 06:31,2,995,129,87.87,79.25,99.04,432.87,1
03-01-2024 06:32,2,815,187,58.9,89.13,111.99,35.36,1
03-01-2024 06:33,4,237,68,21.48,24.14,252.36,717.1,4
03-01-2024 06:34,5,434,403,56.54,63.83,67.44,318.56,3
03-01-2024 06:35,8,868,30,25.38,15.18,284.28,50.95,5
03-01-2024 06:36,6,449,385,75.24,18.68,17.86,658.67,1
03-01-2024 06:37,4,555,304,92.21,36.38,267.51,346.09,4
03-01-2024 06:38,7,216,275,40.67,78.48,138.17,168.19,1
03-01-2024 06:39,8,832,127,46.97,63.94,160.14,645.23,3
03-01-2024 06:40,2,174,436,45.83,48.44,299.23,377.02,2
03-01-2024 06:41,7,722,213,34.25,47.89,261.66,494.09,5
03-01-2024 06:42,2,136,406,77.51,49.95,271.69,662.03,5
03-01-2024 06:43,2,870,306,62.51,38.33,177.73,427.49,4
03-01-2024 06:44,8,538,450,15.44,80.83,287.12,106.17,4
03-01-2024 06:45,2,275,134,81.3,57.59,207.9,771.73,1
03-01-2024 06:46,9,706,448,25.9,51.3,246.7,243.5,5
03-01-2024 06:47,1,394,405,93.23,49.88,217.68,795.51,1
03-01-2024 06:48,9,809,481,42.02,85.19,235.37,24.7,2
03-01-2024 06:49,1,923,403,62.4,69.27,193.2,397.35,5
03-01-2024 06:50,10,567,219,16.62,25.86,219.29,569.85,2
03-01-2024 06:51,10,80,421,39.3,47.77,133.6,726.92,1
03-01-2024 06:52,2,758,319,78.2,36.63,213.53,628.66,3
03-01-2024 06:53,6,793,157,50.56,89.02,86.66,219.39,2
03-01-2024 06:54,6,345,188,86.89,46.15,192.31,209.78,3
03-01-2024 06:55,1,463,476,58.89,20.09,159.51,298.14,5
03-01-2024 06:56,7,886,162,88.93,45.84,270.07,106.22,3
03-01-2024 06:57,8,184,129,93.52,39.1,203.6,542.27,3
03-01-2024 06:58,2,574,304,48.58,59.97,181,754.18,1
03-01-2024 06:59,8,53,89,58.04,31.96,97.36,520.84,1
03-01-2024 07:00,9,227,383,80.97,17.7,259.53,436.03,1
03-01-2024 07:01,6,795,405,28.83,22.19,20.98,412.61,1
03-01-2024 07:02,5,308,162,83.24,36.24,270.43,482.24,5
03-01-2024 07:03,9,701,410,60.31,41.12,197.63,574.28,1
03-01-2024 07:04,9,114,36,71.67,77.58,60.9,640.1,5
03-01-2024 07:05,1,844,227,16.79,35.26,271.38,564.69,5
03-01-2024 07:06,3,412,151,75.13,17.36,101.27,569.92,3
03-01-2024 07:07,9,867,81,36.42,73.56,54.64,762.35,5
03-01-2024 07:08,2,766,47,78.44,80.17,99.15,721.49,1
03-01-2024 07:09,4,66,490,53.28,51.92,288.52,662.66,4
03-01-2024 07:10,4,249,204,33.34,36.37,227.06,53.82,3
03-01-2024 07:11,2,593,428,90.98,72.91,275.45,541.72,5
03-01-2024 07:12,3,261,148,75.03,15.67,93.17,374.89,3
03-01-2024 07:13,3,484,231,93.78,84.3,29.32,501.73,5
03-01-2024 07:14,1,322,27,40.98,79.91,171.01,555.3,5
03-01-2024 07:15,6,339,490,65.18,55.86,147.49,577.43,3
03-01-2024 07:16,8,852,189,61.99,35.82,217.58,698.15,3
03-01-2024 07:17,3,532,165,68.44,17.46,165.09,729.79,2
03-01-2024 07:18,5,283,212,13.26,89.99,121.96,493.33,2
03-01-2024 07:19,1,457,308,34.8,72.16,6.38,717.45,1
03-01-2024 07:20,10,743,75,87.29,40.4,142.99,616.4,5
03-01-2024 07:21,7,195,92,46.02,16.45,40.59,178.13,3
03-01-2024 07:22,10,611,62,91.65,62.95,276.99,47.54,4
03-01-2024 07:23,1,479,66,28.15,89.02,276.9,27.71,3
03-01-2024 07:24,9,481,408,94.78,68.03,242.08,477.57,2
03-01-2024 07:25,8,664,80,69.29,21.28,51.57,426.84,3
03-01-2024 07:26,7,594,140,75.99,45.17,48.49,563.17,4
03-01-2024 07:27,10,546,400,43.73,23.19,171.18,677.41,3
03-01-2024 07:28,7,138,420,87.1,83.41,219.6,148.27,3
03-01-2024 07:29,5,460,130,56.36,39.78,271.84,688.02,4
03-01-2024 07:30,5,946,473,67.88,70,268.74,96.5,2
03-01-2024 07:31,5,902,254,18.06,21.35,50.82,708.93,3
03-01-2024 07:32,1,876,446,63.69,24.63,298.66,683.38,2
03-01-2024 07:33,8,290,320,84.72,65.96,51.26,563.63,4
03-01-2024 07:34,1,827,29,25.15,78.26,252.83,254.02,3
03-01-2024 07:35,4,272,476,72.71,30.11,178.15,92.86,3
03-01-2024 07:36,9,797,202,12.16,46.38,205.09,626.91,5
03-01-2024 07:37,9,714,237,88.73,61.46,183.17,189.95,1
03-01-2024 07:38,5,517,87,93.55,74.72,261.56,363.93,4
03-01-2024 07:39,4,618,96,40.11,62.11,192.94,434.07,2
03-01-2024 07:40,3,371,287,19.1,22.16,255.36,554.65,4
03-01-2024 07:41,3,424,339,65.98,55.71,50.54,400.2,5
03-01-2024 07:42,5,161,399,12.54,81.35,260.68,561.74,4
03-01-2024 07:43,10,576,439,51.01,80.1,297.92,654.95,1
03-01-2024 07:44,1,461,289,33.1,58.88,200.14,576.19,4
03-01-2024 07:45,5,318,252,50.23,89.68,293.03,253.61,2
03-01-2024 07:46,6,675,465,11.55,22.88,69.87,717.54,2
03-01-2024 07:47,7,301,180,14.39,50.89,249.64,449.45,1
03-01-2024 07:48,9,423,100,11.36,73.13,54.87,382.99,5
03-01-2024 07:49,3,703,404,62.63,25.58,157.2,468.54,3
03-01-2024 07:50,2,675,73,57.61,87.96,200.89,396.91,3
03-01-2024 07:51,3,499,422,29.82,41.55,199.78,608.99,1
03-01-2024 07:52,9,851,131,64.96,41.26,202.9,348.12,1
03-01-2024 07:53,7,918,182,85.16,30.99,99.67,625.84,2
03-01-2024 07:54,9,586,194,33.57,36.6,292.25,612.92,1
03-01-2024 07:55,2,417,18,80.72,58.32,6.93,235.96,2
03-01-2024 07:56,5,871,471,66.31,47.2,188.19,94.83,4
03-01-2024 07:57,4,304,126,12.87,29.5,260.5,683.75,2
03-01-2024 07:58,2,512,211,41.89,75.69,267.88,151.76,2
03-01-2024 07:59,9,317,7,53.16,19.67,217.46,44.32,4
03-01-2024 08:00,9,175,419,72.19,77.6,174.57,333.81,2
03-01-2024 08:01,6,442,380,34.41,35.62,139.91,218.24,3
03-01-2024 08:02,6,811,114,93.53,52.19,137.61,191.88,2
03-01-2024 08:03,8,848,340,68.19,43.58,130.4,154.4,1
03-01-2024 08:04,6,383,84,41.69,57.8,211.47,604.37,2
03-01-2024 08:05,1,614,339,18.25,74.7,220.71,631.07,4
03-01-2024 08:06,4,417,361,25.42,89.2,156.85,56.18,1
03-01-2024 08:07,7,604,464,51.45,37.95,223.54,446.51,4
03-01-2024 08:08,2,727,102,52.05,56.54,160.89,125.41,4
03-01-2024 08:09,9,603,469,75.26,49.95,33.72,409.65,3
03-01-2024 08:10,8,941,93,71.73,89.92,256.23,291.39,5
03-01-2024 08:11,8,505,492,27.11,75.67,261.79,177.42,3
03-01-2024 08:12,7,737,316,60.57,44.78,83.61,759.49,4
03-01-2024 08:13,4,116,102,11.75,50.77,237,766.26,4
03-01-2024 08:14,2,115,493,43.88,33.45,155.8,459.9,4
03-01-2024 08:15,3,961,251,74.95,71.64,41.59,166.68,4
03-01-2024 08:16,6,644,24,43.96,78.39,122.41,474.95,4
03-01-2024 08:17,5,911,485,81.03,87.37,27.58,744.23,3
03-01-2024 08:18,8,666,477,92.97,57.44,237.01,314.65,5
03-01-2024 08:19,6,449,479,61.61,65.3,62.89,127.43,4
03-01-2024 08:20,6,336,365,22.33,48.45,53.5,561.08,5
03-01-2024 08:21,1,935,167,42.27,60.68,66.52,531.89,1
03-01-2024 08:22,4,235,140,10.81,41.16,71.71,21.08,2
03-01-2024 08:23,5,333,94,61.23,70.33,203.82,685.81,4
03-01-2024 08:24,3,565,181,79.83,16.7,193.39,535.38,4
03-01-2024 08:25,9,699,64,63.54,17.13,43.15,172.64,4
03-01-2024 08:26,1,740,4,76.82,68.71,218.7,22.53,2
03-01-2024 08:27,6,286,94,77.99,84.8,107.97,778.39,5
03-01-2024 08:28,6,67,389,82.34,62.42,139.95,608.65,3
03-01-2024 08:29,10,864,272,32.67,69.49,41.83,304.74,4
03-01-2024 08:30,5,977,283,84.06,76.8,214.04,357.57,2
03-01-2024 08:31,5,463,132,65.6,42.13,115.99,440.31,1
03-01-2024 08:32,10,981,72,34.63,23.11,191.48,580.53,2
03-01-2024 08:33,5,58,304,93.92,84.98,131.03,154.89,4
03-01-2024 08:34,6,469,392,90.77,85.39,19.42,172.67,5
03-01-2024 08:35,8,78,81,58.83,48.14,212.53,57.65,5
03-01-2024 08:36,2,705,174,81.67,31.29,167.99,788.92,1
03-01-2024 08:37,6,397,300,32.23,81.93,133.1,702.95,4
03-01-2024 08:38,1,710,451,45.36,68.13,64.46,451.31,1
03-01-2024 08:39,4,625,475,25.64,15.62,189.18,355.61,1
03-01-2024 08:40,10,928,52,54.21,23.08,86.18,205.2,4
03-01-2024 08:41,3,499,290,52.16,88.74,131.61,484.09,5
03-01-2024 08:42,9,429,446,28.09,17.86,21.66,558.6,5
03-01-2024 08:43,3,748,237,67.19,36.19,234.14,557.56,5
03-01-2024 08:44,6,415,277,20.01,56.14,31.56,25.02,5
03-01-2024 08:45,1,276,491,15.24,28.83,267.8,567.59,5
03-01-2024 08:46,6,167,280,42.72,32.4,260.93,695.77,1
03-01-2024 08:47,4,461,44,44.84,41.47,291.47,109.64,3
03-01-2024 08:48,8,405,370,37.18,35.22,272.99,609.19,4
03-01-2024 08:49,9,303,254,31.93,75.25,291.57,662.13,3
03-01-2024 08:50,4,592,425,38.8,52.52,266.75,235.41,1
03-01-2024 08:51,10,722,413,23.89,35.9,38.19,575.44,4
03-01-2024 08:52,10,776,359,44.29,38.48,134.12,95.47,1
03-01-2024 08:53,6,493,134,86.89,17.99,27.47,526.39,4
03-01-2024 08:54,1,730,56,29.08,18.7,165.86,418.06,2
03-01-2024 08:55,4,130,14,68.18,68.84,161.28,682.88,1
03-01-2024 08:56,7,95,178,22.05,23.47,277.04,372.53,1
03-01-2024 08:57,1,98,462,40.08,50.68,291.06,353.91,2
03-01-2024 08:58,8,498,101,37.3,78.18,81.59,748.35,5
03-01-2024 08:59,10,859,180,89.65,42.63,176.78,748.73,2
03-01-2024 09:00,6,456,472,46.38,40.93,142.01,47.86,2
03-01-2024 09:01,5,929,461,68.69,80.48,166.29,398.74,3
03-01-2024 09:02,10,332,257,61.21,79.86,161.86,145.55,3
03-01-2024 09:03,9,522,268,21.99,81.01,274.67,233.49,5
03-01-2024 09:04,2,465,371,89.86,57.89,269.36,539.59,3
03-01-2024 09:05,5,649,362,39.4,86.42,41.21,120.84,5
03-01-2024 09:06,6,170,408,13.8,76.42,106.81,28.79,2
03-01-2024 09:07,7,52,37,35.54,46.17,227.07,587.16,3
03-01-2024 09:08,5,365,468,38.53,62.22,206.78,520.25,5
03-01-2024 09:09,9,509,454,17.88,24.13,191.2,724.08,5
03-01-2024 09:10,1,276,204,62.7,56.35,298.17,443,3
03-01-2024 09:11,7,128,469,39.47,34.74,104.4,757.36,4
03-01-2024 09:12,10,706,259,63.48,36.27,157,495.26,3
03-01-2024 09:13,7,803,155,10.57,24.43,293.85,321.98,5
03-01-2024 09:14,4,593,238,93.47,41.86,210.19,494.6,4
03-01-2024 09:15,9,824,309,24.49,51.1,196.36,604.36,3
03-01-2024 09:16,5,772,100,66.04,60.03,50.65,291.08,2
03-01-2024 09:17,4,120,273,70.84,37.87,77.76,310.57,1
03-01-2024 09:18,7,945,113,24.59,74.42,116.35,511.35,3
03-01-2024 09:19,4,246,110,19.5,54.07,142.13,375.36,3
03-01-2024 09:20,3,107,143,22.97,62.85,151.68,431.04,1
03-01-2024 09:21,9,473,167,30.98,35.86,271.13,786.02,4
03-01-2024 09:22,8,518,260,24.3,76.06,36.63,54.14,1
03-01-2024 09:23,1,673,145,67.29,61.82,78.26,525.36,4
03-01-2024 09:24,7,97,230,45.77,79.68,47.37,739.85,5
03-01-2024 09:25,9,484,395,55.71,27,221.92,204.24,4
03-01-2024 09:26,8,234,268,14.02,43.55,291.32,185.38,2
03-01-2024 09:27,8,928,495,83.21,23.48,268.72,303.14,1
03-01-2024 09:28,6,888,32,24.5,31.16,218.37,77.78,2
03-01-2024 09:29,4,214,411,40.61,44.59,11.35,457.02,2
03-01-2024 09:30,8,776,428,16.11,82.09,107.37,523.46,1
03-01-2024 09:31,3,380,299,21.63,56.78,259.77,659.51,4
03-01-2024 09:32,9,379,219,66.59,39.78,197.66,71.62,2
03-01-2024 09:33,2,170,177,68.87,71.02,66.83,360.22,2
03-01-2024 09:34,2,262,104,67.54,16.48,142.61,631.68,4
03-01-2024 09:35,7,872,236,56.93,42.76,30.94,619.28,2
03-01-2024 09:36,10,556,93,90.96,60.06,158.64,77.44,3
03-01-2024 09:37,4,602,201,53.11,58.74,270.8,28.89,1
03-01-2024 09:38,10,914,299,48.2,60.57,16.42,631,4
03-01-2024 09:39,8,965,387,31.04,30.86,186.1,127.62,3
03-01-2024 09:40,9,850,231,18.4,40.28,73.77,470.68,3
03-01-2024 09:41,7,217,413,56.59,84.87,297.16,93.51,4
03-01-2024 09:42,5,595,255,36.77,88.05,24.21,250.5,5
03-01-2024 09:43,8,879,85,54.54,38.4,187.1,143.27,2
03-01-2024 09:44,4,836,35,27.52,63.34,80.63,594.39,2
03-01-2024 09:45,2,476,117,81.24,33.1,265.33,544.73,5
03-01-2024 09:46,6,758,176,94.97,42.64,40.97,125.54,5
03-01-2024 09:47,9,752,458,37.4,74.43,131.63,66.28,5
03-01-2024 09:48,1,270,471,81.6,52.59,59.68,383.74,2
03-01-2024 09:49,10,59,423,84.2,78.72,240.84,172.53,1
03-01-2024 09:50,7,169,473,94.67,62.16,108.68,26.35,2
03-01-2024 09:51,10,684,408,39.13,62.17,60.08,226.13,1
03-01-2024 09:52,9,296,276,74.26,17.54,219.14,187.89,2
03-01-2024 09:53,10,409,399,29.45,71.23,246.08,554.27,1
03-01-2024 09:54,9,958,85,63.11,88.34,141.41,691.47,1
03-01-2024 09:55,10,270,117,69.91,50.48,116.76,205.36,3
03-01-2024 09:56,3,822,362,73,26.89,191.48,193.98,2
03-01-2024 09:57,5,555,204,27.61,88.27,197.16,322.46,1
03-01-2024 09:58,8,107,146,82.14,36.76,199.92,154.59,3
03-01-2024 09:59,8,876,444,45.78,45.69,86.35,758.52,2
03-01-2024 10:00,4,509,215,28.39,20.8,282.68,209.95,1
03-01-2024 10:01,1,177,105,56.12,23.31,67.97,92.8,3
03-01-2024 10:02,1,748,349,83.39,31.24,115.38,454.37,5
03-01-2024 10:03,4,766,297,92.2,56.13,88.69,439.34,1
03-01-2024 10:04,6,135,356,73.6,56.83,279.68,512.89,3
03-01-2024 10:05,8,153,69,10.48,60.47,249.37,774.03,1
03-01-2024 10:06,6,192,487,21.45,58.79,244.33,272.32,2
03-01-2024 10:07,9,254,474,16.48,52.14,6.39,300.47,3
03-01-2024 10:08,9,690,255,18.6,75.16,207.34,282.89,2
03-01-2024 10:09,2,807,231,42.56,85.04,72.93,510.33,3
03-01-2024 10:10,10,87,203,38.77,35.23,290.48,491.17,1
03-01-2024 10:11,1,412,362,19.66,24.76,161.57,432.47,2
03-01-2024 10:12,2,670,395,84.99,46.88,171.59,304.17,4
03-01-2024 10:13,5,358,248,62.31,16.98,110.16,353.57,4
03-01-2024 10:14,4,101,440,77.7,81.25,163.34,638.16,4
03-01-2024 10:15,4,50,402,41.58,32.98,226.17,495.21,4
03-01-2024 10:16,9,60,396,44.87,56.2,170.77,578.72,3
03-01-2024 10:17,8,875,249,37,23.63,194.17,235.85,2
03-01-2024 10:18,6,796,144,47.27,56.49,144.38,730.96,3
03-01-2024 10:19,1,689,283,61.88,17.92,216.34,47.43,2
03-01-2024 10:20,2,985,356,51.9,72.66,270.37,484.64,4
03-01-2024 10:21,6,263,401,81.22,86.66,20.06,653.63,5
03-01-2024 10:22,2,804,241,86.51,38.02,36.65,695.7,1
03-01-2024 10:23,10,605,341,49.92,34.37,207.25,269.25,4
03-01-2024 10:24,5,567,375,30.38,48.6,116.42,378.61,4
03-01-2024 10:25,5,717,229,90.34,61.5,88.08,47.21,5
03-01-2024 10:26,6,464,31,72.48,29.17,57.69,636.02,3
03-01-2024 10:27,6,57,109,64.41,75.25,173.93,117.17,3
03-01-2024 10:28,6,54,419,73.36,29.89,107.52,353.9,2
03-01-2024 10:29,2,411,27,16.46,15.41,154.85,792.83,1
03-01-2024 10:30,10,743,343,15.75,54.32,287.78,735.84,2
03-01-2024 10:31,3,161,160,23.02,23.64,228.69,277.42,4
03-01-2024 10:32,6,322,17,22.53,67.37,239.81,194.63,3
03-01-2024 10:33,8,471,267,45.76,27.56,41.64,216.32,4
03-01-2024 10:34,1,314,129,23.38,76.3,100.87,554.13,4
03-01-2024 10:35,1,507,220,82.63,50.28,36.34,586.12,3
03-01-2024 10:36,2,261,82,59.14,57.47,290.71,188.86,4
03-01-2024 10:37,6,127,49,41.3,28.99,206.25,207.19,4
03-01-2024 10:38,9,831,41,15.92,26,10.67,272.24,1
03-01-2024 10:39,4,715,20,60.24,62.35,145.27,357.88,2
03-01-2024 10:40,3,270,327,19.91,34.16,82.74,735.63,1
03-01-2024 10:41,8,418,37,73.17,43.94,164.29,40.68,5
03-01-2024 10:42,10,396,382,78.23,50.96,57.7,517.79,1
03-01-2024 10:43,9,74,400,56.24,32.22,21.77,692.12,2
03-01-2024 10:44,5,469,39,22.72,74.66,100.34,584.22,1
03-01-2024 10:45,9,403,109,76.88,85.46,92.17,189.06,5
03-01-2024 10:46,2,769,429,36.17,47.39,216.5,391.86,4
03-01-2024 10:47,3,466,64,28.93,83.82,144.99,730.02,4
03-01-2024 10:48,7,564,175,50,81.2,90.94,110.26,1
03-01-2024 10:49,7,264,279,88.42,27.45,173.28,790.26,5
03-01-2024 10:50,6,956,32,35.28,28,26.04,132.03,2
03-01-2024 10:51,6,161,433,86.97,50.81,200.39,131.09,5
03-01-2024 10:52,2,753,209,14.56,54.44,48.45,654.03,1
03-01-2024 10:53,10,963,379,17.1,40.58,87.51,666.11,3
03-01-2024 10:54,6,608,19,69.38,38.47,88.23,49.58,3
03-01-2024 10:55,4,477,106,26.2,47.35,142.43,151.28,5
03-01-2024 10:56,3,782,482,36.91,66.79,286.18,759.85,1
03-01-2024 10:57,2,748,206,21.59,21.33,100.77,237.89,5
03-01-2024 10:58,1,611,247,38.24,68.29,87.99,29.55,1
03-01-2024 10:59,5,758,323,33.84,84.47,54.8,218.15,2
03-01-2024 11:00,2,265,167,72.59,72.26,120.63,593.64,3
03-01-2024 11:01,2,462,89,69.67,29.38,58.7,734.83,4
03-01-2024 11:02,7,782,316,91.17,21.56,45.64,141.02,3
03-01-2024 11:03,8,429,11,71.58,51.78,257.92,195.04,4
03-01-2024 11:04,10,651,49,69.06,86.73,20.53,364.39,1
03-01-2024 11:05,8,281,399,69.01,76.43,214.69,603.68,4
03-01-2024 11:06,4,884,384,85.05,57.21,64.76,533.78,2
03-01-2024 11:07,1,307,467,35.18,25.72,8.46,275.48,1
03-01-2024 11:08,7,714,61,35.51,68.54,239.57,71.75,3
03-01-2024 11:09,1,305,171,73,75.97,212.17,217.31,3
03-01-2024 11:10,4,452,143,29.44,85.13,103.62,191.26,5
03-01-2024 11:11,8,473,207,87.52,60.91,28.4,36.42,4
03-01-2024 11:12,2,819,486,55.46,53.58,111.4,780.53,1
03-01-2024 11:13,6,114,463,35.51,61.44,58.49,219.19,4
03-01-2024 11:14,6,239,201,75.97,85.74,280.09,672.5,2
03-01-2024 11:15,9,652,5,36.55,62.11,161.24,398.19,2
03-01-2024 11:16,5,999,211,91.88,34.32,289.33,778.39,5
03-01-2024 11:17,10,222,472,93.55,62.71,108.64,136.65,1
03-01-2024 11:18,4,808,29,66.68,80.98,169.16,106.33,1
03-01-2024 11:19,5,817,190,19.66,57.53,61.09,21.92,4
03-01-2024 11:20,10,677,188,32.37,52.7,243.49,580.39,5
03-01-2024 11:21,5,610,325,53.81,70,17.12,258.97,3
03-01-2024 11:22,8,276,255,82.37,64.57,210.21,698.88,1
03-01-2024 11:23,10,630,150,25.72,19.25,120.54,514.37,1
03-01-2024 11:24,8,983,13,18.87,69.4,175.63,470.4,1
03-01-2024 11:25,2,437,434,16.33,45.57,179.72,399.78,5
03-01-2024 11:26,7,450,372,53.09,85.57,214.68,221.38,2
03-01-2024 11:27,8,687,497,85.2,87.81,65.26,70.46,3
03-01-2024 11:28,6,998,431,13.6,48.66,161.76,365.98,2
03-01-2024 11:29,5,262,366,28.05,87.66,130.94,97.31,4
03-01-2024 11:30,9,102,157,68.93,38.31,88.24,726.47,1
03-01-2024 11:31,3,673,80,80.2,66.2,151.24,666.88,4
03-01-2024 11:32,10,720,356,78.63,20.63,285.84,503.41,4
03-01-2024 11:33,4,801,273,76.73,25.87,284.92,372.9,1
03-01-2024 11:34,9,711,148,21.03,79.84,87.25,374.27,5
03-01-2024 11:35,6,188,206,43.77,82.03,265.84,382.32,4
03-01-2024 11:36,8,467,114,93.7,54.95,263.64,601.46,5
03-01-2024 11:37,7,674,6,94.06,40.48,78.63,118.44,2
03-01-2024 11:38,2,192,278,61.21,48.83,181.69,434.41,3
03-01-2024 11:39,3,931,232,70.29,80.22,261.63,653.88,3
03-01-2024 11:40,1,558,137,90.86,30.82,156.92,417.9,3
03-01-2024 11:41,9,699,160,48.24,37.12,114.08,30.72,3
03-01-2024 11:42,7,535,344,21.63,73.91,196.98,210.86,5
03-01-2024 11:43,1,486,289,66.86,85.15,55.87,541.5,2
03-01-2024 11:44,3,865,205,91.61,21.97,52.71,748.68,5
03-01-2024 11:45,4,592,483,69.26,75.28,250.63,717.12,4
03-01-2024 11:46,4,342,326,78.28,63.38,17.35,661.71,1
03-01-2024 11:47,5,669,305,45.93,32.31,242.07,761.13,4
03-01-2024 11:48,3,333,360,18.2,71.69,90.7,238.34,5
03-01-2024 11:49,3,720,158,24.35,69.59,147.52,29.67,4
03-01-2024 11:50,1,887,358,93.53,25.65,165.34,296.41,4
03-01-2024 11:51,7,63,400,51.92,52.67,231.29,470.07,4
03-01-2024 11:52,10,683,449,11.02,71.87,265.74,266.84,2
03-01-2024 11:53,1,776,106,91.21,29.37,242.25,54.48,2
03-01-2024 11:54,2,321,82,52.31,49.71,173.84,415.61,1
03-01-2024 11:55,4,74,342,81.08,24.06,107.66,175.76,3
03-01-2024 11:56,4,984,474,56.62,38.01,160.33,587.51,5
03-01-2024 11:57,5,371,270,18.64,31.35,13.86,89.58,5
03-01-2024 11:58,2,855,440,62.32,52.88,77.27,767.34,2
03-01-2024 11:59,4,730,421,94.78,25.59,113.02,703.81,2
03-01-2024 12:00,1,152,49,12.95,43.74,99.33,701.61,1
03-01-2024 12:01,2,915,206,81.55,35.64,33.07,636.11,5
03-01-2024 12:02,1,932,218,30.02,70.95,19.97,514.2,5
03-01-2024 12:03,10,89,306,43.48,67.48,129.11,61.67,1
03-01-2024 12:04,10,284,164,41.68,22.12,27.07,536.69,1
03-01-2024 12:05,4,881,436,86.4,86.51,89.43,602.6,4
03-01-2024 12:06,4,138,279,52.88,70.85,145.07,122.04,1
03-01-2024 12:07,7,149,322,48.01,61.2,66.94,500.29,4
03-01-2024 12:08,10,193,231,79.53,50.83,28.46,393.52,5
03-01-2024 12:09,9,131,199,14.16,28.34,132.48,388.5,4
03-01-2024 12:10,9,638,487,17.35,87.15,137.3,175.58,3
03-01-2024 12:11,5,620,429,11.84,15.59,275.11,596.76,2
03-01-2024 12:12,10,278,371,68.48,66.94,42.71,741.6,4
03-01-2024 12:13,1,652,214,54.68,53.06,186.42,634.49,3
03-01-2024 12:14,1,915,284,84.46,82.69,99.31,307.85,1
03-01-2024 12:15,6,444,486,52.38,43.55,41.46,787.66,1
03-01-2024 12:16,2,562,276,28.85,53.9,120.98,304.05,1
03-01-2024 12:17,8,830,433,78.44,70.68,131.24,202.85,1
03-01-2024 12:18,9,847,185,35.02,18.57,112.25,775.11,3
03-01-2024 12:19,4,246,210,89.53,19.09,230.89,636.06,2
03-01-2024 12:20,5,323,121,31.29,30.88,252.57,613.77,4
03-01-2024 12:21,8,639,216,24.26,25.98,48.88,80.4,2
03-01-2024 12:22,3,702,97,51.93,15.48,54.53,169.78,4
03-01-2024 12:23,5,849,443,14.29,61.72,129.26,34.44,2
03-01-2024 12:24,3,632,119,13.09,74.7,99.46,625.79,3
03-01-2024 12:25,10,611,365,52.16,86.78,246.77,237.03,3
03-01-2024 12:26,3,421,282,28.28,48.07,299.06,123.13,1
03-01-2024 12:27,3,930,403,10.79,35.98,58.43,161.88,5
03-01-2024 12:28,7,129,496,35.16,79.79,229.95,520.08,3
03-01-2024 12:29,7,284,106,50.58,78.33,184.14,357.78,3
03-01-2024 12:30,7,336,397,43.51,61.86,195.11,754.29,1
03-01-2024 12:31,10,868,458,21.51,35.49,83.01,305.4,5
03-01-2024 12:32,8,716,318,59.27,83.14,33.67,670.42,3
03-01-2024 12:33,5,621,382,70.38,28.38,165.26,446.24,3
03-01-2024 12:34,5,594,142,67.42,18.27,185.98,570.17,2
03-01-2024 12:35,4,486,457,43.47,74.75,289.1,151.56,4
03-01-2024 12:36,7,176,395,21.7,57.27,204.19,604.21,4
03-01-2024 12:37,10,782,323,52.46,33.49,135.89,86.81,2
03-01-2024 12:38,4,761,488,85.69,65.32,298.23,559.07,4
03-01-2024 12:39,2,466,268,49.84,72.5,115.11,383.1,1
03-01-2024 12:40,4,687,291,26.63,78.34,52.95,198.25,5
03-01-2024 12:41,8,90,487,17.91,36.16,187.3,394.7,3
03-01-2024 12:42,9,836,366,90.23,16.92,83.54,687.43,4
03-01-2024 12:43,3,518,167,73.16,53.25,277.05,140.68,3
03-01-2024 12:44,7,346,160,36.6,79.21,131.22,152.31,2
03-01-2024 12:45,9,646,231,35.1,30.59,49.14,436.52,2
03-01-2024 12:46,4,650,14,86.09,46.58,46.78,507.7,4
03-01-2024 12:47,10,91,492,25.09,34.23,196.64,347.76,2
03-01-2024 12:48,3,681,193,55.48,16,112.94,227.79,4
03-01-2024 12:49,5,328,155,70.65,82.39,112.3,72.41,1
03-01-2024 12:50,1,508,101,43.69,25.13,185.64,58.84,4
03-01-2024 12:51,3,82,60,13.39,72.51,70.35,51.84,2
03-01-2024 12:52,8,325,43,29.36,41,47.9,723,1
03-01-2024 12:53,8,714,193,86.65,35.83,198.89,122.46,1
03-01-2024 12:54,4,139,311,54.47,85.58,6.54,250.2,4
03-01-2024 12:55,2,665,109,79.31,64.29,272.67,789,3
03-01-2024 12:56,8,997,93,57.23,66.52,58.98,743.43,3
03-01-2024 12:57,8,573,216,90.21,71.97,137.12,53.43,2
03-01-2024 12:58,10,209,465,87.28,40.57,67.39,449.99,4
03-01-2024 12:59,4,978,163,51.05,57.27,69.37,514.13,3
03-01-2024 13:00,3,507,351,37.05,35.27,251.33,62.21,4
03-01-2024 13:01,2,757,234,61.14,77.59,177.58,587.94,3
03-01-2024 13:02,9,448,416,67.37,59.95,96.88,790.54,1
03-01-2024 13:03,1,868,403,52.36,33.26,79.07,354.92,4
03-01-2024 13:04,7,823,351,79.89,82.48,67.79,370.55,3
03-01-2024 13:05,5,140,167,25.58,58.56,168.56,534.29,5
03-01-2024 13:06,8,758,148,38.43,52.13,220.58,594.5,2
03-01-2024 13:07,4,630,28,68.34,17.59,79.79,636.02,2
03-01-2024 13:08,7,515,259,30.97,83.24,103.03,80.51,4
03-01-2024 13:09,5,269,416,47.39,86.42,217.51,644.54,5
03-01-2024 13:10,5,468,86,91.92,57.19,222.5,693.98,1
03-01-2024 13:11,9,428,108,63.2,48.19,66.16,55.28,2
03-01-2024 13:12,9,775,442,90.67,41.97,117.75,50.53,4
03-01-2024 13:13,9,979,438,71.41,35.1,261.64,449.69,2
03-01-2024 13:14,6,496,426,71.6,58.09,223.36,407.51,4
03-01-2024 13:15,6,195,117,60.31,24.61,52.94,784.48,5
03-01-2024 13:16,5,282,364,22.09,83.94,118.86,249.63,3
03-01-2024 13:17,9,420,15,54.18,28.2,292.12,480.36,3
03-01-2024 13:18,10,971,486,31.48,70.91,159.99,415.21,3
03-01-2024 13:19,8,283,211,94.89,38.02,217.21,437.87,3
03-01-2024 13:20,7,775,318,32.69,31.96,32.15,534.54,1
03-01-2024 13:21,7,416,31,29.61,56.84,250.59,439.32,4
03-01-2024 13:22,6,530,445,63.03,72.38,183.41,25.42,1
03-01-2024 13:23,5,622,282,53.43,69.51,56.8,678.09,3
03-01-2024 13:24,4,412,453,11.81,32.53,117.16,176.9,3
03-01-2024 13:25,3,639,185,21.01,39.79,29.49,200.3,5
03-01-2024 13:26,3,560,404,78.94,80.16,234.22,525.42,2
03-01-2024 13:27,6,144,66,51.11,69.24,224.74,392.65,3
03-01-2024 13:28,4,891,405,22.41,68.45,149.62,468.09,1
03-01-2024 13:29,6,265,371,49.55,35.17,138.34,408.05,1
03-01-2024 13:30,3,774,316,31.52,74.4,141.71,345.93,1
03-01-2024 13:31,4,865,63,29.01,41.88,16.05,396.98,5
03-01-2024 13:32,9,761,435,91.41,45.1,113.63,130.05,1
03-01-2024 13:33,5,913,228,40.77,36.57,42.91,776.06,4
03-01-2024 13:34,7,592,476,13.95,24.1,59.51,468.31,4
03-01-2024 13:35,10,851,468,92.48,46.53,288.82,243.72,5
03-01-2024 13:36,2,904,101,77.56,16.27,82.23,576.02,4
03-01-2024 13:37,5,184,423,31.63,49.19,147.67,706.48,5
03-01-2024 13:38,9,132,356,44.76,69.38,266.9,251.24,5
03-01-2024 13:39,3,440,139,83.29,87.06,126.98,273.12,5
03-01-2024 13:40,9,96,119,40.38,20.9,160.94,362.07,4
03-01-2024 13:41,6,441,57,58.23,36.1,54.79,189.49,3
03-01-2024 13:42,4,767,131,55.46,52.06,89.1,651.63,4
03-01-2024 13:43,7,434,37,44.11,27.78,154.3,475.66,5
03-01-2024 13:44,8,430,468,64.36,23.76,112.65,64.49,2
03-01-2024 13:45,6,126,480,50.23,48.92,16.29,797.43,4
03-01-2024 13:46,5,308,111,11.8,58.55,123.24,468.48,2
03-01-2024 13:47,6,998,153,79.22,76.52,245.46,714.15,4
03-01-2024 13:48,5,653,405,19.62,89.84,39.24,411.26,5
03-01-2024 13:49,8,983,250,49.45,73.07,10.53,474.31,4
03-01-2024 13:50,1,996,242,59.29,31.6,40.02,374.49,1
03-01-2024 13:51,7,448,208,69.97,71.1,207.63,349.75,1
03-01-2024 13:52,10,149,368,44.92,55.29,239.42,190.28,5
03-01-2024 13:53,10,550,170,72.52,48.81,19.37,770.46,3
03-01-2024 13:54,2,432,257,21.16,85.18,266.83,161.78,2
03-01-2024 13:55,9,756,279,65.54,67.66,190.06,430.6,4
03-01-2024 13:56,1,241,363,80.24,66.13,157.85,87.94,5
03-01-2024 13:57,10,629,113,85.6,15.88,79.81,794.83,2
03-01-2024 13:58,6,950,408,59.26,79.88,114.65,453.43,4
03-01-2024 13:59,9,803,175,36.6,74.5,284.36,655.37,4
03-01-2024 14:00,1,651,89,23.89,37.42,273.91,459.08,3
03-01-2024 14:01,4,394,135,39.37,36.91,189.51,647.89,2
03-01-2024 14:02,4,59,294,55.9,19.01,175.78,436.84,4
03-01-2024 14:03,9,313,495,26.69,18.81,67.11,367.08,3
03-01-2024 14:04,5,317,303,90.96,65.14,286.22,375.61,1
03-01-2024 14:05,5,881,359,86.26,28.97,227.84,21.83,3
03-01-2024 14:06,6,679,419,12.8,84.27,117.77,309.11,2
03-01-2024 14:07,1,811,206,57.77,78.18,245.67,762.52,3
03-01-2024 14:08,1,620,318,77.09,41.17,67.5,546.95,1
03-01-2024 14:09,9,244,73,30.86,43.51,67.9,737.07,1
03-01-2024 14:10,3,611,259,54.53,39.55,238.33,176.2,2
03-01-2024 14:11,4,456,358,44.51,21.93,170,403.1,5
03-01-2024 14:12,1,345,148,26.71,17.36,168.97,46.9,3
03-01-2024 14:13,9,939,489,62.25,48.91,174.23,548.1,2
03-01-2024 14:14,8,146,225,94.46,85.73,42.11,631.53,4
03-01-2024 14:15,2,511,105,41.05,83.79,108.12,603.29,3
03-01-2024 14:16,8,688,44,56.95,75.74,174.06,87.68,1
03-01-2024 14:17,7,807,416,37.87,62.14,78.04,213.07,3
03-01-2024 14:18,6,136,356,84.54,79.22,153.68,531.55,2
03-01-2024 14:19,1,126,26,83.49,53.63,169.33,612.01,5
03-01-2024 14:20,7,938,304,25.2,28.51,283.13,233.88,5
03-01-2024 14:21,10,765,261,86.5,66.31,77.5,336.87,4
03-01-2024 14:22,7,532,59,22.88,84.05,134.61,293.99,2
03-01-2024 14:23,9,195,61,18.11,16.47,294.55,23.56,3
03-01-2024 14:24,1,710,305,65.5,33.86,60.1,469.68,1
03-01-2024 14:25,2,160,414,42.8,34.91,235.11,541.91,3
03-01-2024 14:26,9,690,401,55.11,22.43,57.26,235.62,3
03-01-2024 14:27,9,814,70,65.47,31.91,255.76,556.47,1
03-01-2024 14:28,6,727,442,14.49,43.8,148.95,209.34,4
03-01-2024 14:29,6,346,447,34.9,85.49,291.79,578.11,5
03-01-2024 14:30,4,475,445,49.18,79.52,55.17,376.61,5
03-01-2024 14:31,4,698,447,32.66,85.95,207.94,700.11,3
03-01-2024 14:32,5,840,271,14.16,24.04,210.11,444.89,2
03-01-2024 14:33,3,383,257,17.37,17.1,217.07,164.03,5
03-01-2024 14:34,1,572,397,78.15,23.24,34.79,661.17,4
03-01-2024 14:35,1,632,432,87.47,83.57,90.13,626.59,4
03-01-2024 14:36,7,720,384,22.94,26.81,104.71,85.7,1
03-01-2024 14:37,1,777,418,31.19,57.95,100.66,57.47,2
03-01-2024 14:38,1,587,125,65.44,32.07,204.13,126.31,5
03-01-2024 14:39,3,847,414,91.11,16.55,21.17,679.35,2
03-01-2024 14:40,10,211,19,35.47,21.35,220.37,269.9,5
03-01-2024 14:41,4,479,119,82.69,68.23,160.34,413.71,1
03-01-2024 14:42,4,663,320,53.01,28.68,56.03,490.31,2
03-01-2024 14:43,2,118,66,91.31,32.19,71.71,599.92,2
03-01-2024 14:44,1,182,245,21.58,43.29,33.79,667.37,5
03-01-2024 14:45,3,238,57,92.76,64.29,140.42,422.38,3
03-01-2024 14:46,4,772,44,47.48,50.2,180.5,344.29,5
03-01-2024 14:47,3,804,12,91,85.85,176.39,172.83,2
03-01-2024 14:48,8,727,378,48.99,47.56,288.9,493.87,1
03-01-2024 14:49,10,973,424,55.06,29.93,92.31,448.9,1
03-01-2024 14:50,1,971,236,78.41,55.21,229.81,247.11,3
03-01-2024 14:51,2,622,24,71.42,48.82,218.31,368.04,3
03-01-2024 14:52,7,923,395,62.67,74.04,23.09,596.93,2
03-01-2024 14:53,4,328,450,45.44,85.13,279.35,509.12,3
03-01-2024 14:54,8,479,257,77.36,77.72,279.73,395.76,1
03-01-2024 14:55,3,674,442,90.6,44.18,121.92,232.41,2
03-01-2024 14:56,6,591,284,10.83,31.21,128.21,541.04,3
03-01-2024 14:57,9,884,324,59.97,83.59,246.78,509.57,1
03-01-2024 14:58,1,210,361,83.61,43.95,151.03,377.42,3
03-01-2024 14:59,1,795,251,65.51,72.77,240.76,206.05,1
03-01-2024 15:00,8,948,94,78.07,89.21,15.66,156.4,2
03-01-2024 15:01,3,502,380,86.08,58.31,78.83,284.73,1
03-01-2024 15:02,5,938,443,73.83,50.99,31.86,728.8,4
03-01-2024 15:03,1,900,455,70.95,67.49,138.99,608.03,5
03-01-2024 15:04,5,219,380,92,29.54,256.98,715.03,1
03-01-2024 15:05,6,879,22,83.41,51.62,173.09,677.23,4
03-01-2024 15:06,8,747,474,79.31,38.42,158.5,377.93,3
03-01-2024 15:07,3,106,157,17.34,27.32,113,433.75,5
03-01-2024 15:08,3,289,89,30.32,60.76,23.76,152.28,1
03-01-2024 15:09,10,818,202,57.32,58.18,231.09,582.28,1
03-01-2024 15:10,9,407,468,70.31,72.09,173.38,349.12,2
03-01-2024 15:11,4,250,462,35.77,80.47,279.63,145.79,1
03-01-2024 15:12,4,493,481,17.93,31.53,132.43,94.38,5
03-01-2024 15:13,7,886,197,36.44,73.48,123.44,562.99,3
03-01-2024 15:14,2,876,45,75.54,42.55,292.43,396.12,2
03-01-2024 15:15,8,351,454,84.58,62.16,46.64,27.02,5
03-01-2024 15:16,6,155,470,87.6,78.77,79.45,663.12,1
03-01-2024 15:17,3,851,380,42.2,34.21,149.01,503.18,5
03-01-2024 15:18,9,150,401,41.67,60.07,159.45,49.93,5
03-01-2024 15:19,5,146,79,44.57,51.02,166.87,257.65,3
03-01-2024 15:20,8,714,39,41.94,74.29,67.57,583.48,1
03-01-2024 15:21,7,987,424,66.63,67.29,278.42,66.04,4
03-01-2024 15:22,8,78,284,40.46,72.72,212.53,594.28,2
03-01-2024 15:23,7,555,386,11.73,36.6,81.24,413.82,3
03-01-2024 15:24,3,714,466,47.32,67.83,91.79,630.63,2
03-01-2024 15:25,2,487,155,29.05,60.44,264.71,687.08,1
03-01-2024 15:26,7,428,149,12.45,49.25,117.2,618.85,2
03-01-2024 15:27,3,122,343,50.02,43.38,169.13,80.9,5
03-01-2024 15:28,3,303,391,27.51,39.87,40.53,379.09,5
03-01-2024 15:29,2,960,445,48.48,15.73,79.26,268.61,5
03-01-2024 15:30,4,565,52,33.61,27.72,127.89,416.62,4
03-01-2024 15:31,8,798,251,61.32,19.42,198.56,773.33,5
03-01-2024 15:32,1,599,432,94.22,78.63,87.67,117.03,5
03-01-2024 15:33,1,69,382,56.51,79.51,285.47,695.17,1
03-01-2024 15:34,5,674,147,64.99,78.46,69.96,792.87,5
03-01-2024 15:35,5,584,329,88.14,76.34,234.78,792.22,4
03-01-2024 15:36,1,470,396,41.79,31.6,112.56,641.42,4
03-01-2024 15:37,6,495,494,24.16,51.88,250.85,383.15,3
03-01-2024 15:38,1,928,350,34.04,83.09,277.32,158.84,4
03-01-2024 15:39,5,185,455,44.24,71.98,60.17,494.41,5
03-01-2024 15:40,9,554,258,64.83,15.14,149.99,496.09,2
03-01-2024 15:41,5,982,273,10.39,49.46,50.54,266.82,3
03-01-2024 15:42,6,809,459,82.54,15.8,213.22,501.12,4
03-01-2024 15:43,8,350,498,16.47,36.05,250.51,110.91,3
03-01-2024 15:44,1,658,125,86.56,47.68,119.89,514.53,1
03-01-2024 15:45,2,82,204,90.7,81.97,122.04,719.44,5
03-01-2024 15:46,9,696,256,94.16,64.08,65.13,388.21,5
03-01-2024 15:47,3,816,131,78.81,42.19,95.43,616.36,3
03-01-2024 15:48,6,327,21,22.06,51.8,100.55,515.8,4
03-01-2024 15:49,5,182,78,70.02,76.3,50.89,22.39,2
03-01-2024 15:50,2,799,335,27.28,37.47,96.44,115.16,4
03-01-2024 15:51,7,576,51,86.26,61.13,272.64,624.37,3
03-01-2024 15:52,4,838,362,36.91,34.67,100.99,51.55,4
03-01-2024 15:53,1,175,361,37.78,51,85.96,765.87,3
03-01-2024 15:54,4,394,266,88,16.85,118.47,717.38,5
03-01-2024 15:55,6,66,116,11.12,78.92,288.28,302.65,5
03-01-2024 15:56,7,873,55,26.49,18.63,230.55,262.1,5
03-01-2024 15:57,7,611,292,45.86,31.83,64.51,498.09,3
03-01-2024 15:58,7,696,51,69.56,40.01,227,497.2,5
03-01-2024 15:59,3,679,330,65.04,61.89,231.04,89.45,1
03-01-2024 16:00,6,427,273,66.9,69,285.29,188,2
03-01-2024 16:01,8,867,254,84.8,21.03,267.87,516.44,3
03-01-2024 16:02,4,109,492,20.29,18.26,33.08,644.6,5
03-01-2024 16:03,8,686,473,54.38,74.92,139.1,169.76,1
03-01-2024 16:04,2,516,61,71.67,68.41,212.38,567.51,4
03-01-2024 16:05,10,677,347,64.07,77.37,292.14,698.97,2
03-01-2024 16:06,9,440,481,48.11,65.74,30.12,111.89,2
03-01-2024 16:07,9,985,459,11.45,71.33,113.63,362.5,5
03-01-2024 16:08,8,734,397,15.14,43.43,150.21,683.43,3
03-01-2024 16:09,10,236,449,20.11,59.26,126.91,309.09,3
03-01-2024 16:10,10,547,351,39.17,75.4,139.45,230.18,1
03-01-2024 16:11,1,649,225,20,27.91,113.89,601.58,3
03-01-2024 16:12,2,764,469,46.22,46.71,291.33,332.61,5
03-01-2024 16:13,6,410,336,25.18,70.54,241.96,570.92,2
03-01-2024 16:14,10,872,103,76.23,54.95,222.31,118.59,2
03-01-2024 16:15,5,881,471,84.08,66.12,126.16,451.74,2
03-01-2024 16:16,9,498,458,43.12,36.97,265.05,315.98,5
03-01-2024 16:17,5,743,48,53.46,17.43,32.54,797.9,4
03-01-2024 16:18,2,913,225,91.05,17.19,47.31,481.29,5
03-01-2024 16:19,10,729,342,55.52,85.71,286.45,552.09,2
03-01-2024 16:20,4,230,233,94.58,85.84,172.26,122.21,2
03-01-2024 16:21,9,861,70,22.08,30.85,52.04,793.74,3
03-01-2024 16:22,1,179,47,83.29,26.06,285,60.1,2
03-01-2024 16:23,1,198,228,52.26,16.36,292.58,75.25,1
03-01-2024 16:24,7,521,495,11.93,32.34,265.04,79.07,5
03-01-2024 16:25,3,867,10,92.64,40.08,75.37,699.07,3
03-01-2024 16:26,10,770,185,92.03,33.09,87.16,588.3,3
03-01-2024 16:27,2,672,80,42.58,74.8,125.06,778.98,4
03-01-2024 16:28,9,997,13,91.1,71.21,175.9,71.92,4
03-01-2024 16:29,3,549,499,21.99,21.08,297.69,559.51,2
03-01-2024 16:30,2,698,445,67.81,67.3,287.06,435.95,1
03-01-2024 16:31,8,404,314,26.31,54.04,276.74,518.53,1
03-01-2024 16:32,10,965,340,30.97,24.91,31.34,420.07,3
03-01-2024 16:33,6,260,324,76.24,70.47,228.36,546.77,5
03-01-2024 16:34,6,707,84,42.08,21.45,263.67,727.51,4
03-01-2024 16:35,10,645,86,10.61,28.29,103.32,478.23,3
03-01-2024 16:36,7,79,157,45.21,26.19,69.77,719.2,4
03-01-2024 16:37,7,626,144,29.39,85.43,225.79,630.09,4
03-01-2024 16:38,6,73,491,68.08,67.36,31.8,694.64,1
03-01-2024 16:39,4,992,63,26.53,45.85,282.55,534.22,3
03-01-2024 16:40,9,772,431,81.59,76.67,51.04,424.51,1
03-01-2024 16:41,6,271,43,32.7,31.2,139.97,74.25,1
03-01-2024 16:42,4,651,407,43.41,84.83,294.93,671.22,3
03-01-2024 16:43,3,667,158,35.33,67.27,296.52,208.77,5
03-01-2024 16:44,4,733,185,64.73,56.97,233.92,48.6,4
03-01-2024 16:45,3,791,286,18.6,74.6,252.56,424.88,1
03-01-2024 16:46,2,974,491,50.64,63.36,290.32,513.36,5
03-01-2024 16:47,5,638,323,38.43,81.53,278.59,536.23,2
03-01-2024 16:48,2,629,440,85.15,77.19,188.52,542.38,3
03-01-2024 16:49,6,926,24,16.24,29.84,221.71,529.9,2
03-01-2024 16:50,3,450,497,80.52,32.97,180.16,650.39,2
03-01-2024 16:51,6,914,357,24.25,19.88,154.42,620.1,3
03-01-2024 16:52,10,950,205,17.53,31.51,264.84,654.01,4
03-01-2024 16:53,9,653,362,27.2,40.76,222.72,379,5
03-01-2024 16:54,1,561,224,18.73,17.16,258.65,69,2
03-01-2024 16:55,6,137,101,54.28,38.62,33.29,518.87,2
03-01-2024 16:56,9,514,204,94,72.87,175.06,183.97,5
03-01-2024 16:57,4,99,8,12.92,78.02,102.21,690.43,2
03-01-2024 16:58,2,152,472,49.2,15.67,156.45,582.9,3
03-01-2024 16:59,4,417,172,42.82,15.54,185.82,617.38,5
03-01-2024 17:00,1,985,208,38.87,25.97,254.5,243.41,1
03-01-2024 17:01,3,541,96,38.21,80.44,14.4,513.78,1
03-01-2024 17:02,10,607,162,86.08,50.2,53.38,431.91,4
03-01-2024 17:03,9,740,291,11.61,88.72,276.83,229.39,2
03-01-2024 17:04,10,828,96,75.87,81.55,290.34,653.54,3
03-01-2024 17:05,5,317,306,31.5,81.76,21.35,448.97,5
03-01-2024 17:06,6,446,145,42.58,24.64,102.88,168.81,2
03-01-2024 17:07,3,369,258,45.71,50.64,7.87,258.09,3
03-01-2024 17:08,5,569,474,35.9,89.52,228.45,197.14,3
03-01-2024 17:09,8,498,438,17.95,26.18,206.17,263.67,1
03-01-2024 17:10,6,826,300,19.72,58.07,171.62,166.77,1
03-01-2024 17:11,4,525,465,35.34,40.82,209.04,309.49,3
03-01-2024 17:12,2,947,102,79.85,44.09,163.65,561.31,2
03-01-2024 17:13,9,639,177,21.44,81.81,75.46,768.25,5
03-01-2024 17:14,1,958,386,73.12,59.09,227.53,184.22,4
03-01-2024 17:15,1,289,328,34.55,71.91,236.07,253.87,2
03-01-2024 17:16,4,307,110,85.09,65.49,256.99,21.68,3
03-01-2024 17:17,7,757,198,46.41,54.68,286.45,195.74,5
03-01-2024 17:18,1,993,393,24.6,74.38,225.52,346.39,4
03-01-2024 17:19,9,891,129,93.8,87.8,21.09,380.16,3
03-01-2024 17:20,4,692,453,25.01,87.51,11.15,227.74,5
03-01-2024 17:21,3,439,359,58.25,74.21,223.26,137.25,5
03-01-2024 17:22,1,392,137,58.39,51.55,21.54,459.19,4
03-01-2024 17:23,10,822,398,41.69,27.24,98.2,339.17,3
03-01-2024 17:24,4,803,27,90.88,18.34,45.17,352.49,1
03-01-2024 17:25,9,436,137,81.73,32.36,290.83,718.08,2
03-01-2024 17:26,10,443,164,80.53,40.52,98.34,457.93,4
03-01-2024 17:27,6,732,349,92.8,24.74,21.27,322.9,2
03-01-2024 17:28,6,708,468,48.85,31.86,285.13,217.96,4
03-01-2024 17:29,1,319,463,18.26,21.27,184.58,354.31,1
03-01-2024 17:30,10,198,356,75.06,54.28,15.65,692.26,2
03-01-2024 17:31,2,429,131,42.37,24.47,250.84,772.78,5
03-01-2024 17:32,6,860,373,26.18,70.71,50,314.24,5
03-01-2024 17:33,2,77,151,51.08,39.95,241.72,183.01,2
03-01-2024 17:34,3,198,378,88.69,65.4,182.81,733.33,3
03-01-2024 17:35,4,469,246,24.57,81.19,57.25,132.66,5
03-01-2024 17:36,5,329,110,82.14,21.45,227.02,251.96,4
03-01-2024 17:37,9,231,73,45.55,89.18,139.08,179.23,3
03-01-2024 17:38,4,215,286,21.63,63.39,193.24,461.35,4
03-01-2024 17:39,9,66,275,82.11,19,261.51,338.74,1
03-01-2024 17:40,10,199,358,92.42,38.55,81.79,243.99,5
03-01-2024 17:41,3,388,67,34.76,81.47,112.96,618.98,1
03-01-2024 17:42,8,94,50,35.8,59.72,299.2,538.01,3
03-01-2024 17:43,1,551,304,43.2,36.54,154.89,796.5,4
03-01-2024 17:44,9,891,3,79.2,85.54,169.76,263.35,5
03-01-2024 17:45,9,238,226,10.89,74.04,89.2,679.32,2
03-01-2024 17:46,10,700,66,29.04,70.17,127.73,255.96,1
03-01-2024 17:47,2,110,155,70,81.63,152.96,27.05,5
03-01-2024 17:48,4,343,471,44.48,72.73,81.24,137.7,2
03-01-2024 17:49,8,883,362,38.08,36.51,75.25,416.61,3
03-01-2024 17:50,7,82,480,84.14,58.79,182.14,651.81,2
03-01-2024 17:51,1,348,111,87.97,78.17,59.18,64.78,3
03-01-2024 17:52,5,464,483,90.58,28.56,168.27,668.97,1
03-01-2024 17:53,7,673,296,33.17,27.23,213.33,578.54,2
03-01-2024 17:54,4,852,381,87.56,26.92,63.49,46.92,4
03-01-2024 17:55,1,598,256,72.64,29.57,225.03,102.91,4
03-01-2024 17:56,9,480,274,23.11,22.74,111.11,78.99,4
03-01-2024 17:57,5,544,155,61.87,77.82,297.79,549.61,3
03-01-2024 17:58,2,149,139,12.24,76.37,293.83,457.6,2
03-01-2024 17:59,8,72,167,70.21,26.35,240.59,299.91,5
03-01-2024 18:00,2,469,19,72.35,67.92,106.1,88.88,2
03-01-2024 18:01,3,473,345,77.09,62.02,281.48,326.53,2
03-01-2024 18:02,10,536,391,24.66,35.71,299.64,552.09,1
03-01-2024 18:03,1,779,223,63.4,32.05,141.37,92.86,5
03-01-2024 18:04,2,138,57,25.2,33.79,186.3,688.14,4
03-01-2024 18:05,7,258,386,90.47,69.8,6.77,69.07,3
03-01-2024 18:06,10,320,294,67.38,38.95,17.84,494.39,5
03-01-2024 18:07,2,982,133,18.1,35.85,152.68,167.54,4
03-01-2024 18:08,6,798,462,25.9,16.69,184.75,91.48,3
03-01-2024 18:09,3,949,338,66.39,83.12,97.16,296.88,5
03-01-2024 18:10,4,455,292,50.52,71.45,34.24,540.2,3
03-01-2024 18:11,8,770,452,72.59,50.46,235.77,114.42,3
03-01-2024 18:12,3,327,344,33.87,85.72,128.53,391.04,4
03-01-2024 18:13,10,255,205,65.92,37.01,196.41,336.76,1
03-01-2024 18:14,6,639,119,25.04,65.6,196.81,353.41,4
03-01-2024 18:15,1,962,253,56.22,37.89,166.32,755.87,5
03-01-2024 18:16,7,377,85,91.41,38.59,57.65,292.24,4
03-01-2024 18:17,8,659,185,63.4,78.35,186.74,793.47,4
03-01-2024 18:18,8,907,225,14.25,74.03,100.01,439.95,4
03-01-2024 18:19,3,926,148,94.04,37.06,246.64,677.14,5
03-01-2024 18:20,10,911,389,23.33,21.1,61.99,292.11,5
03-01-2024 18:21,1,385,280,71.04,41.82,90.89,86.12,3
03-01-2024 18:22,9,655,227,55.27,72,134.89,85.83,3
03-01-2024 18:23,6,641,286,35.02,22.54,223.3,467.84,5
03-01-2024 18:24,9,87,284,25.07,65.41,217.62,745.33,3
03-01-2024 18:25,7,969,181,25.1,81.73,104.45,75.55,4
03-01-2024 18:26,1,277,435,82.96,28.44,155.67,557.51,2
03-01-2024 18:27,1,532,109,84.2,79.67,74.1,459.34,2
03-01-2024 18:28,6,183,135,49.54,18.85,232.26,528.76,3
03-01-2024 18:29,5,757,426,18.81,65.02,63.03,188.12,3
03-01-2024 18:30,9,439,291,85.15,74.33,246.71,75,1
03-01-2024 18:31,2,843,375,51.4,48.36,281.37,78.29,4
03-01-2024 18:32,8,662,478,47.29,30.28,297.53,212.45,4
03-01-2024 18:33,5,474,290,44.63,84.35,257.8,186.64,1
03-01-2024 18:34,2,636,103,41.03,16.5,70.4,118.56,1
03-01-2024 18:35,10,855,201,54.71,56.63,127.87,226.45,2
03-01-2024 18:36,6,559,117,61.39,42.96,31.21,436.5,4
03-01-2024 18:37,10,769,332,49.65,49.58,53.54,760.62,4
03-01-2024 18:38,8,644,310,86.22,55.24,19.66,739.37,5
03-01-2024 18:39,4,476,29,37,55.11,194.12,231.94,4
03-01-2024 18:40,2,998,394,59.16,30.27,162.29,71.64,2
03-01-2024 18:41,5,704,27,35.5,65.98,275.52,796.59,2
03-01-2024 18:42,2,523,467,74.03,16.44,141.59,391.6,1
03-01-2024 18:43,2,617,13,18.68,16.59,194.48,783.07,2
03-01-2024 18:44,6,410,42,26.04,50.89,123.47,439.36,2
03-01-2024 18:45,10,848,421,78.1,55.64,249.69,711.36,5
03-01-2024 18:46,9,260,445,25.57,35.62,278.28,368.83,2
03-01-2024 18:47,4,228,224,63.19,56.38,132.36,505.18,3
03-01-2024 18:48,6,969,463,92.47,53.71,29.4,437.88,3
03-01-2024 18:49,7,107,21,54.45,41.19,53.24,191.5,1
03-01-2024 18:50,6,122,387,25.93,63.88,217.56,615.76,4
03-01-2024 18:51,8,264,136,37.26,86.85,100.95,62.75,4
03-01-2024 18:52,4,949,326,79.99,51.81,236.69,302.68,5
03-01-2024 18:53,1,827,221,39.89,73.95,226.18,698.52,2
03-01-2024 18:54,7,122,467,71.5,33.57,209.82,412.09,2
03-01-2024 18:55,3,516,145,76.07,72.15,245.19,80.56,2
03-01-2024 18:56,6,320,10,52.6,63.67,228.18,181.87,2
03-01-2024 18:57,2,548,225,76.57,62.98,191.61,105.52,2
03-01-2024 18:58,9,403,141,36.94,81.98,6.25,236.55,3
03-01-2024 18:59,1,283,475,53.87,32.5,157.12,148.94,5
03-01-2024 19:00,6,368,106,68.36,42.63,180.6,575.32,1
03-01-2024 19:01,6,68,268,24.29,21.23,288.39,534.35,1
03-01-2024 19:02,5,674,194,33.26,69.46,196.89,125.36,3
03-01-2024 19:03,5,624,458,65.42,78.29,174.76,367.09,2
03-01-2024 19:04,1,421,128,65.71,45.44,164.65,250.76,2
03-01-2024 19:05,10,233,213,51.93,41.76,35.47,283.03,4
03-01-2024 19:06,5,326,151,77.62,64.4,131.15,469.26,1
03-01-2024 19:07,2,723,449,50.97,20.67,44.63,720.98,4
03-01-2024 19:08,7,804,481,84.91,37.04,20.55,719.91,1
03-01-2024 19:09,3,194,384,72.55,42.47,102.19,342.16,4
03-01-2024 19:10,4,707,180,36.75,53.89,195.41,326.69,2
03-01-2024 19:11,3,130,317,43.6,50.74,260.71,424.02,2
03-01-2024 19:12,3,371,26,66.75,30.65,244.06,389.81,2
03-01-2024 19:13,4,484,15,86.03,55.56,91.93,68.19,5
03-01-2024 19:14,5,882,22,25.19,84.44,18.57,471.42,4
03-01-2024 19:15,1,92,345,53.75,17.03,123.79,476.09,5
03-01-2024 19:16,4,362,65,20.1,66.02,97.86,371.26,5
03-01-2024 19:17,8,955,251,33.75,61.85,114.52,342.89,4
03-01-2024 19:18,10,342,410,68.31,84.33,169.93,752.38,2
03-01-2024 19:19,7,737,21,16.61,63.4,13.97,488.64,3
03-01-2024 19:20,9,937,233,66.3,61.86,114.39,656.7,1
03-01-2024 19:21,5,118,408,86.57,72.74,169.8,764,4
03-01-2024 19:22,10,105,487,92.4,35.09,132.14,651.88,2
03-01-2024 19:23,4,680,16,28.41,59.68,201.83,755.52,5
03-01-2024 19:24,8,253,416,73.66,53.96,59.91,612.25,2
03-01-2024 19:25,9,469,272,88.74,47.89,50.38,152.69,4
03-01-2024 19:26,7,976,205,17.77,20.96,95.82,197.01,4
03-01-2024 19:27,7,616,298,45.19,36.95,35.01,171.24,1
03-01-2024 19:28,5,599,160,88.15,36,74.7,271.26,1
03-01-2024 19:29,4,292,434,27.24,69.32,30.64,296.89,4
03-01-2024 19:30,10,250,41,89.37,84.05,123.58,652.72,1
03-01-2024 19:31,1,797,108,54.81,32.31,214.88,301.46,5
03-01-2024 19:32,10,523,125,18.49,20.6,89.53,587.23,2
03-01-2024 19:33,10,576,152,48.24,90,6.1,724.98,3
03-01-2024 19:34,7,705,13,37.73,66.84,169.33,109.35,2
03-01-2024 19:35,1,126,203,33.99,81.49,209.12,20.2,2
03-01-2024 19:36,1,527,79,56.03,25.79,120.44,713.15,4
03-01-2024 19:37,5,870,394,51.11,75.06,92.61,205.84,3
03-01-2024 19:38,9,489,42,50.97,76,149.74,139.68,1
03-01-2024 19:39,6,312,169,17.49,26.36,34.87,250.26,1
03-01-2024 19:40,3,234,249,78.2,27.11,194.96,165.1,2
03-01-2024 19:41,3,104,121,50.92,37.16,221.32,639.05,4
03-01-2024 19:42,7,357,387,79.78,31.26,212.87,514.92,3
03-01-2024 19:43,6,565,439,80.09,88.16,101.96,150.5,4
03-01-2024 19:44,9,348,272,36.96,42.22,253.6,475.18,3
03-01-2024 19:45,6,601,300,10.37,72.1,284.32,182.31,3
03-01-2024 19:46,5,279,209,87.46,75.38,92.64,174.09,1
03-01-2024 19:47,10,426,473,74.66,43.95,82.5,484.45,2
03-01-2024 19:48,7,335,158,19.12,66.19,212.71,538.46,1
03-01-2024 19:49,1,187,495,69.65,23.09,213.94,290.04,4
03-01-2024 19:50,7,527,121,11.7,44.77,155.57,615.46,1
03-01-2024 19:51,3,664,227,12.36,87.55,277.38,673.03,2
03-01-2024 19:52,9,56,421,54.69,27.64,48.16,734.75,5
03-01-2024 19:53,6,725,444,18.16,43.93,145.82,508.33,1
03-01-2024 19:54,9,468,461,91.97,74.29,15.39,191.62,4
03-01-2024 19:55,5,521,24,85.98,64.91,20.53,603.8,2
03-01-2024 19:56,7,984,230,65.23,62.36,20.84,104.12,4
03-01-2024 19:57,4,469,26,15.42,78.99,150.08,161.35,3
03-01-2024 19:58,7,926,58,37.61,17.18,178.74,669.57,2
03-01-2024 19:59,1,325,265,41.6,72.84,6.03,730.45,3
03-01-2024 20:00,7,610,126,50.87,81.19,191.6,72.04,2
03-01-2024 20:01,8,657,445,24.36,16.21,149.46,263.45,5
03-01-2024 20:02,5,620,275,59.09,56.92,71.02,510.76,5
03-01-2024 20:03,2,792,28,47.04,41.14,9.45,752.15,2
03-01-2024 20:04,5,738,391,90.52,18.81,51.05,465.17,3
03-01-2024 20:05,6,139,301,89.58,46.33,182.1,660.37,3
03-01-2024 20:06,2,331,470,58.07,63.3,199.36,739.75,4
03-01-2024 20:07,6,597,128,64.77,83.93,195.88,424.85,2
03-01-2024 20:08,6,220,94,21.71,61.54,50.18,597.55,3
03-01-2024 20:09,1,687,191,28.98,79.26,273.81,536.68,2
03-01-2024 20:10,1,860,421,86.56,24.12,126.23,543.66,5
03-01-2024 20:11,10,404,272,69.43,30.79,231.56,423.31,3
03-01-2024 20:12,3,253,484,26.1,87.77,54.11,506.09,3
03-01-2024 20:13,10,338,5,58.47,81.56,143.82,452.41,5
03-01-2024 20:14,10,917,157,89.45,32.64,158.85,517.44,4
03-01-2024 20:15,3,511,52,39.34,61.57,232.25,414.05,2
03-01-2024 20:16,4,658,243,25.79,42.2,188.35,193.55,2
03-01-2024 20:17,2,799,151,90.07,50.14,122.79,561.02,2
03-01-2024 20:18,9,222,262,49.21,79.57,88.34,319.54,2
03-01-2024 20:19,10,350,420,45.47,70.18,292.02,119.64,1
03-01-2024 20:20,7,649,441,32.74,32.88,88.94,684.03,5
03-01-2024 20:21,7,960,417,85.78,38.7,43.19,161.45,4
03-01-2024 20:22,6,912,305,81.88,36.73,93.62,441.75,5
03-01-2024 20:23,3,578,425,44.25,73.55,101.45,582.47,2
03-01-2024 20:24,6,189,80,12.6,51.76,42.72,525.21,1
03-01-2024 20:25,8,815,183,47.97,86.3,213.9,145.47,1
03-01-2024 20:26,8,327,354,25.37,76.25,187.65,171.43,5
03-01-2024 20:27,9,712,107,22.13,30.84,98.4,136.1,3
03-01-2024 20:28,1,560,154,43.41,73.95,297.94,76.59,4
03-01-2024 20:29,1,395,293,18.42,52.96,198.23,240.95,1
03-01-2024 20:30,3,895,205,91.38,34.03,212.44,428.83,2
03-01-2024 20:31,3,189,116,14.04,42.25,169.37,154.9,3
03-01-2024 20:32,10,163,17,44.12,87.91,167.71,777.27,4
03-01-2024 20:33,8,629,480,23.83,51.3,10.91,565.09,2
03-01-2024 20:34,10,556,288,68.55,68.97,232.42,475.08,5
03-01-2024 20:35,1,415,156,16.7,50.78,273.67,551.51,1
03-01-2024 20:36,2,740,477,56.48,42.87,41.07,360.04,5
03-01-2024 20:37,2,686,25,75.71,74.73,239.71,386.53,3
03-01-2024 20:38,3,446,431,90.76,78.62,162.62,713.16,1
03-01-2024 20:39,6,874,278,69.37,20.39,89.17,583.11,2
03-01-2024 20:40,1,872,475,18.46,35.92,276.66,478.79,3
03-01-2024 20:41,2,899,317,17.52,53.09,10.12,761.17,4
03-01-2024 20:42,1,924,126,72.19,38.74,85.85,536.86,2
03-01-2024 20:43,5,973,300,28.3,73.77,266.44,330.98,4
03-01-2024 20:44,7,919,358,48.02,23.61,146.9,57.02,1
03-01-2024 20:45,8,794,276,93.01,74.83,181.68,324.73,4
03-01-2024 20:46,10,989,365,79.69,61.34,226.18,741.35,1
03-01-2024 20:47,1,708,178,81.96,36.7,48.65,54.83,4
03-01-2024 20:48,7,991,344,83.17,40.83,68.48,163.96,5
03-01-2024 20:49,5,160,431,62.66,28.72,299.6,650.82,5
03-01-2024 20:50,10,924,47,73.23,33.94,75.05,304.66,3
03-01-2024 20:51,1,407,200,40.51,68.8,164.06,165,4
03-01-2024 20:52,3,287,51,94.87,43.19,93.12,656.22,1
03-01-2024 20:53,7,52,439,33.77,66.56,256.17,455.58,2
03-01-2024 20:54,10,772,462,60.15,53.56,288.72,447.8,1
03-01-2024 20:55,1,453,295,33.98,25.9,46.68,249.15,5
03-01-2024 20:56,7,74,270,19.53,52.43,182.17,546.61,2
03-01-2024 20:57,5,892,197,58.24,71.74,244.42,692.22,4
03-01-2024 20:58,1,558,431,40.03,37.33,247.79,605.16,5
03-01-2024 20:59,1,745,21,59.57,63.61,134.93,497.69,4
03-01-2024 21:00,1,514,143,57.49,29.93,71.49,293.41,5
03-01-2024 21:01,9,110,248,56.09,25.18,119.21,686.75,4
03-01-2024 21:02,3,557,356,20.48,42.02,226.59,461.56,5
03-01-2024 21:03,5,172,353,47.42,44.19,298.16,713.88,3
03-01-2024 21:04,10,546,465,79.02,72.08,168.52,218.26,1
03-01-2024 21:05,9,104,468,36.79,49.51,62.56,530.35,1
03-01-2024 21:06,6,212,1,47.73,21.09,17.37,749.45,4
03-01-2024 21:07,9,748,464,51.98,62.55,283.39,311.79,4
03-01-2024 21:08,8,88,365,83.33,50.19,147.49,761.99,2
03-01-2024 21:09,8,746,338,65.73,39.87,216.39,326.12,2
03-01-2024 21:10,1,132,394,18.52,75.17,199.75,361.4,1
03-01-2024 21:11,9,756,407,83.54,26.58,267.81,649.03,1
03-01-2024 21:12,6,595,274,80.73,83.49,83.5,223.4,3
03-01-2024 21:13,9,162,241,74.06,40.05,135.31,570.58,4
03-01-2024 21:14,3,474,58,49.61,49.57,274.52,252.74,4
03-01-2024 21:15,3,967,126,74.39,84.69,177.74,483.14,1
03-01-2024 21:16,6,279,329,50.69,72.09,26.05,625.25,4
03-01-2024 21:17,9,332,366,72.61,20.57,62.37,40.39,2
03-01-2024 21:18,7,966,478,84.81,58.37,74.98,89.01,4
03-01-2024 21:19,3,986,461,85.7,38.28,298.17,748.81,2
03-01-2024 21:20,3,336,52,48.64,53.14,71.12,656.35,5
03-01-2024 21:21,2,204,223,83.04,70.72,261.56,704.07,4
03-01-2024 21:22,9,214,302,18.62,52.21,28.04,362.37,5
03-01-2024 21:23,3,231,363,18.65,20.33,58.61,578.75,1
03-01-2024 21:24,5,288,269,56.6,54.75,262.26,798.65,4
03-01-2024 21:25,9,698,96,65.41,16.81,270.19,357.37,3
03-01-2024 21:26,8,388,273,23,41.13,56.98,680.49,3
03-01-2024 21:27,2,987,323,50.14,50.85,72.81,81.84,5
03-01-2024 21:28,3,561,61,18.02,63.35,161.52,444.21,3
03-01-2024 21:29,2,981,321,61.18,52.97,20.54,279.93,2
03-01-2024 21:30,8,315,181,82.68,26.4,283.86,428.01,1
03-01-2024 21:31,6,236,133,72.7,84.92,111.81,108.98,2
03-01-2024 21:32,6,89,416,42.15,63.77,149.34,306.79,1
03-01-2024 21:33,9,871,89,94.47,38.77,35.99,79.69,3
03-01-2024 21:34,8,542,173,66.35,87.45,14.6,373.41,1
03-01-2024 21:35,4,728,312,79.3,81.19,143.01,364.6,2
03-01-2024 21:36,4,440,5,66.92,25.76,40.89,277.17,5
03-01-2024 21:37,9,309,357,94.1,64.16,190.94,759.68,5
03-01-2024 21:38,1,704,343,79.82,57.01,239.37,84.69,4
03-01-2024 21:39,2,765,204,54.15,29.46,14.34,663.41,2
03-01-2024 21:40,2,225,162,41.18,32.51,185.61,296.84,2
03-01-2024 21:41,6,823,61,67.98,57.28,245.61,175.46,5
03-01-2024 21:42,4,813,471,60.17,39.1,134.63,232.6,3
03-01-2024 21:43,10,378,464,63.49,77.61,288.11,723.48,5
03-01-2024 21:44,3,980,497,39.16,22.33,37.8,663.42,4
03-01-2024 21:45,3,249,190,46.44,83.55,100.28,32.29,4
03-01-2024 21:46,3,760,325,57.44,78.04,72.87,134.92,2
03-01-2024 21:47,6,245,63,81.34,70.4,298.88,546.52,2
03-01-2024 21:48,8,875,44,74.85,34.69,91.78,267.58,4
03-01-2024 21:49,7,638,239,20.09,68.62,119.44,736.93,2
03-01-2024 21:50,4,580,28,30.87,47.91,255.05,633.47,1
03-01-2024 21:51,4,111,198,12.27,62.53,279.34,702.53,4
03-01-2024 21:52,10,376,269,10.68,38.44,281.64,170.44,4
03-01-2024 21:53,2,955,171,29.07,77.69,169.66,137.55,2
03-01-2024 21:54,1,330,30,77.94,18.04,200.67,746.91,1
03-01-2024 21:55,9,989,154,86.9,66.86,108.01,335.27,4
03-01-2024 21:56,2,811,209,43.3,77.15,184.11,344.26,1
03-01-2024 21:57,8,276,63,57.87,63.48,94.31,553.97,4
03-01-2024 21:58,9,688,329,70.01,29.4,225.08,330.01,1
03-01-2024 21:59,4,107,57,91,36.37,95.63,702.65,5
03-01-2024 22:00,8,970,320,87.6,53.62,264.43,768.08,4
03-01-2024 22:01,9,526,208,14.86,39.71,47.33,279.36,1
03-01-2024 22:02,10,425,433,31.09,15.37,173.68,182.28,5
03-01-2024 22:03,10,765,308,14.18,18.05,158.6,78.74,2
03-01-2024 22:04,5,292,63,62.41,72.58,82.8,187.2,3
03-01-2024 22:05,7,416,248,70.39,21.28,13.26,128.77,1
03-01-2024 22:06,10,985,466,36.2,84.6,48.82,42.71,5
03-01-2024 22:07,4,893,141,82.58,48.21,290.55,56.39,4
03-01-2024 22:08,1,549,93,48.49,71.86,282.68,417.3,5
03-01-2024 22:09,3,887,107,94.86,24.41,40.19,572.08,3
03-01-2024 22:10,5,301,365,10.03,84.49,115.58,786.94,3
03-01-2024 22:11,3,955,88,19.31,17.54,142.21,141.43,3
03-01-2024 22:12,7,371,301,35.65,18.16,146.03,564.62,2
03-01-2024 22:13,9,425,108,12.17,19.09,93.15,452.12,1
03-01-2024 22:14,6,458,46,76.5,22.76,274.32,392.94,4
03-01-2024 22:15,10,760,77,14.49,51.51,273,583.04,1
03-01-2024 22:16,1,537,217,73.66,74.12,10.58,206.15,1
03-01-2024 22:17,7,392,169,14.47,36.37,196.75,262.81,2
03-01-2024 22:18,3,289,302,31.48,70.93,26.94,320,4
03-01-2024 22:19,5,188,129,81.51,73.05,181.26,162.27,2
03-01-2024 22:20,10,171,201,90.84,83.12,260.73,393.32,4
03-01-2024 22:21,4,469,196,45.23,26.2,196.61,122.86,5
03-01-2024 22:22,10,610,348,92.44,25.17,143.33,268.15,4
03-01-2024 22:23,5,353,268,63.28,24.16,287.58,108.27,2
03-01-2024 22:24,5,164,88,45.35,41.95,225.25,47.99,5
03-01-2024 22:25,6,392,253,78.24,51.71,78.55,297.06,4
03-01-2024 22:26,10,300,238,35.1,49.62,119.15,501.69,3
03-01-2024 22:27,10,56,73,32.59,34.28,229.16,138.47,2
03-01-2024 22:28,6,780,419,65.81,61.65,10.7,794.9,5
03-01-2024 22:29,8,638,358,43.19,40.37,23.87,233.99,3
03-01-2024 22:30,8,228,355,21.55,42.46,258.53,37.7,5
03-01-2024 22:31,9,194,161,15.69,22.91,17.67,41.87,4
03-01-2024 22:32,8,465,58,76.97,59.42,205.16,539.92,4
03-01-2024 22:33,2,715,384,67.45,64.15,99.08,542.5,5
03-01-2024 22:34,10,170,373,45,71.85,248.64,724.11,5
03-01-2024 22:35,1,173,291,86.18,82.8,254.97,90.86,4
03-01-2024 22:36,10,199,430,44.92,72.45,286.24,313.57,1
03-01-2024 22:37,2,446,340,70.38,32.68,33.19,713.63,5
03-01-2024 22:38,2,430,66,87.27,32.67,129.74,642.19,1
03-01-2024 22:39,3,829,428,81.46,83.63,174.32,202.09,4
03-01-2024 22:40,10,888,26,53.44,74.26,275.24,714.17,3
03-01-2024 22:41,7,50,298,67.85,73.67,83.62,551.04,3
03-01-2024 22:42,2,722,77,45.16,68.98,26.13,226.17,2
03-01-2024 22:43,1,293,286,65.01,35.04,64.52,54.96,2
03-01-2024 22:44,6,936,372,31.89,78.56,151.2,408.01,4
03-01-2024 22:45,9,447,416,46.95,25.72,205.91,576.2,5
03-01-2024 22:46,3,300,36,27.81,41.25,208.75,229.54,3
03-01-2024 22:47,6,928,19,13.25,40.99,27.03,151.61,5
03-01-2024 22:48,3,625,278,60.03,57.01,229.62,78.72,1
03-01-2024 22:49,1,348,321,83.48,49.76,199.77,676.78,4
03-01-2024 22:50,5,809,313,12.17,49.49,125.23,62.69,2
03-01-2024 22:51,10,346,267,26.66,56.52,173.47,495.33,4
03-01-2024 22:52,4,549,282,49.12,46.16,231.48,615.33,2
03-01-2024 22:53,7,164,432,66.6,33.75,82.32,628.78,4
03-01-2024 22:54,6,856,19,24.55,64.81,282.31,529.89,4
03-01-2024 22:55,10,50,339,14.82,74.3,45.64,529.18,2
03-01-2024 22:56,7,602,140,54.12,50.92,271.16,389.79,1
03-01-2024 22:57,5,734,67,79.59,63.71,223.55,345.03,4
03-01-2024 22:58,4,649,312,12.99,55.15,199.85,127.14,3
03-01-2024 22:59,7,531,18,39.7,19.42,29.46,437.58,4
03-01-2024 23:00,7,659,369,66.4,46.73,276.11,75.4,5
03-01-2024 23:01,6,649,261,21.11,15.74,92.12,385.19,3
03-01-2024 23:02,8,812,112,30.06,64.64,224.96,590.1,5
03-01-2024 23:03,4,559,408,55.52,53.11,266.02,365.43,2
03-01-2024 23:04,10,384,462,91.02,24.51,77.06,416.46,2
03-01-2024 23:05,5,514,115,34.42,55.66,274.81,676.92,2
03-01-2024 23:06,4,190,166,51.44,82.38,185.52,524.33,5
03-01-2024 23:07,1,632,67,43.99,40.54,199.41,119.53,2
03-01-2024 23:08,8,186,255,86.28,88.68,274.78,443.49,3
03-01-2024 23:09,1,660,70,16.11,86.95,160.39,304.37,2
03-01-2024 23:10,5,712,460,58.12,73.9,134.99,181.33,4
03-01-2024 23:11,6,999,308,81.92,76.03,191.8,525.42,5
03-01-2024 23:12,6,736,203,93.99,45.79,168.44,321.47,5
03-01-2024 23:13,5,216,127,69.39,45.19,23.14,618.5,5
03-01-2024 23:14,3,392,423,42.29,86.58,58.25,477.47,5
03-01-2024 23:15,5,459,443,45.01,42.46,9,101.32,1
03-01-2024 23:16,8,818,410,39.89,22.27,36.91,293.27,2
03-01-2024 23:17,2,959,321,61.31,26.45,220.31,230.48,4
03-01-2024 23:18,6,785,80,72.85,68.28,6.39,136.98,4
03-01-2024 23:19,9,929,176,79.65,43.72,94.8,644.17,5
03-01-2024 23:20,8,891,113,45.41,29.95,137.55,315.25,4
03-01-2024 23:21,8,114,111,70.92,76.03,281.65,498.34,2
03-01-2024 23:22,8,630,309,87.88,51.65,101.47,707.97,3
03-01-2024 23:23,7,116,137,88.27,57.57,236.02,443.55,4
03-01-2024 23:24,8,482,133,69.84,26.55,125.59,221.3,1
03-01-2024 23:25,6,99,372,64.14,29.46,34.05,636.73,5
03-01-2024 23:26,2,363,328,55.18,24.44,34.16,359.89,3
03-01-2024 23:27,2,358,189,25.57,53.59,132.57,459.79,3
03-01-2024 23:28,8,652,277,20.51,73.17,22.08,723.62,5
03-01-2024 23:29,1,164,225,51.29,69.92,173.63,401.63,5
03-01-2024 23:30,6,935,103,23.55,34.59,150.63,281.06,4
03-01-2024 23:31,6,618,107,59.04,78.87,212.25,587.37,5
03-01-2024 23:32,4,391,63,64.88,22.92,59.76,124.13,1
03-01-2024 23:33,10,579,404,54.68,23.55,179.91,732.7,2
03-01-2024 23:34,3,833,442,13.1,78.7,56.48,734.13,3
03-01-2024 23:35,3,691,245,14.91,33.33,218.06,471.94,5
03-01-2024 23:36,1,544,173,19.63,68.11,95.61,140.35,4
03-01-2024 23:37,3,318,406,23.06,15.68,186.25,372.63,5
03-01-2024 23:38,4,990,333,94.14,22.02,265.39,350.18,1
03-01-2024 23:39,5,129,487,39.28,60.7,149.03,252.68,5
03-01-2024 23:40,3,505,331,34.82,28.68,61.73,156.58,1
03-01-2024 23:41,6,348,210,14.44,17.12,266.41,225.68,5
03-01-2024 23:42,5,871,191,64,50.02,110.78,453.31,2
03-01-2024 23:43,3,251,158,65.44,39.79,220.42,554.85,4
03-01-2024 23:44,6,552,319,24.91,75.17,99.43,784.09,1
03-01-2024 23:45,6,786,225,88.14,76.41,92.97,188.29,5
03-01-2024 23:46,8,720,172,78.04,61.08,194.4,179.13,3
03-01-2024 23:47,2,765,323,29.58,36.98,51.11,111.29,1
03-01-2024 23:48,1,698,442,51.3,49.62,260.76,752.41,2
03-01-2024 23:49,4,534,449,48.96,67.67,119.35,317.84,2
03-01-2024 23:50,7,634,36,39.62,20.2,10.69,740.71,3
03-01-2024 23:51,10,609,134,79.5,39.94,95.1,713.76,5
03-01-2024 23:52,3,67,37,19.29,76.68,236.57,54.3,5
03-01-2024 23:53,3,527,93,45.3,45.45,258.51,238.22,5
03-01-2024 23:54,5,537,75,46.38,61.85,172.52,255.97,5
03-01-2024 23:55,5,828,244,49.84,22.23,91.76,236.33,5
03-01-2024 23:56,10,495,183,83.21,73.28,160.72,351.76,3
03-01-2024 23:57,3,389,205,28.54,22.53,251.73,409.46,2
03-01-2024 23:58,9,580,459,18.75,79.61,98.23,611.4,3
03-01-2024 23:59,4,661,187,62.51,23,118.7,228.81,4
04-01-2024 00:00,3,165,166,24.78,81.82,164.21,253.02,4
04-01-2024 00:01,2,907,115,16.37,42.28,266.71,486.91,1
04-01-2024 00:02,10,123,409,46.27,61.84,176.73,159.83,5
04-01-2024 00:03,9,841,207,28.67,78.49,66.25,389.09,2
04-01-2024 00:04,4,318,245,40.7,15.77,31.29,215.77,1
04-01-2024 00:05,3,686,333,32.08,34.93,33.03,174.43,4
04-01-2024 00:06,7,165,490,17.87,83.13,285.32,640.61,1
04-01-2024 00:07,8,735,161,57.63,44.11,247.61,571.56,4
04-01-2024 00:08,2,742,13,12.3,67.98,230.93,214.85,4
04-01-2024 00:09,7,787,294,92.14,25.5,151.43,343.84,3
04-01-2024 00:10,5,718,442,39.01,65.88,203.4,140.29,1
04-01-2024 00:11,5,213,472,69.09,20.49,42.56,61.47,4
04-01-2024 00:12,3,632,404,78.88,68.8,188.16,476.47,2
04-01-2024 00:13,5,271,236,33.72,39.29,244.18,303.58,4
04-01-2024 00:14,2,175,273,73.64,49.94,23.33,181.66,3
04-01-2024 00:15,4,706,379,80.76,27.47,92.36,109.39,1
04-01-2024 00:16,6,225,114,30.51,62.09,37.53,550.42,4
04-01-2024 00:17,1,713,152,94.36,40.32,81.77,231.74,5
04-01-2024 00:18,10,743,26,11.76,43.75,232.89,727.76,5
04-01-2024 00:19,4,424,168,28.45,63.91,102.95,170.39,4
04-01-2024 00:20,6,908,32,76.3,28.41,208.46,210.14,1
04-01-2024 00:21,9,547,221,26.5,78.9,233.12,684.35,3
04-01-2024 00:22,2,134,206,69.35,70.45,245.91,466.5,2
04-01-2024 00:23,7,925,421,82.72,58.33,262.65,104.54,1
04-01-2024 00:24,6,432,342,91.53,24.62,181.3,448.58,3
04-01-2024 00:25,2,682,98,50.31,66.53,87.79,260.34,4
04-01-2024 00:26,8,690,91,92.54,16.36,49.41,594.81,2
04-01-2024 00:27,7,512,476,44.99,75.33,153.59,80.68,1
04-01-2024 00:28,5,500,377,28.54,37.78,35.55,735.95,4
04-01-2024 00:29,5,567,214,53.68,23.79,273.66,393,2
04-01-2024 00:30,7,895,188,65.23,27.34,135.53,592.74,4
04-01-2024 00:31,9,744,57,48.93,87.24,262.53,569.64,5
04-01-2024 00:32,9,599,107,58.19,73.04,214.23,159.04,5
04-01-2024 00:33,9,978,442,45.39,32.84,257.88,706.47,3
04-01-2024 00:34,6,165,195,54.6,87.26,265.77,201.51,2
04-01-2024 00:35,10,663,22,90.97,25.51,20.72,168.64,5
04-01-2024 00:36,6,57,186,52.49,70.01,218.95,426.1,4
04-01-2024 00:37,3,267,368,31.52,64.26,71.83,787.95,3
04-01-2024 00:38,1,768,85,74.49,76.61,296.84,264.45,5
04-01-2024 00:39,7,639,80,38.69,43.63,234.63,772.27,3
04-01-2024 00:40,4,929,329,79.38,45.14,6.11,359.37,2
04-01-2024 00:41,1,453,77,14.83,61.84,278.59,671.05,5
04-01-2024 00:42,8,616,330,38.24,44.87,91.23,433.39,5
04-01-2024 00:43,6,353,383,18.02,18.1,127.91,180.1,1
04-01-2024 00:44,6,516,433,17.25,69.73,185.62,706.39,1
04-01-2024 00:45,2,789,377,65.96,63.07,275.31,76.13,2
04-01-2024 00:46,1,137,341,42.75,46.78,278.56,552.55,2
04-01-2024 00:47,2,59,177,84.08,37.71,171.22,667.99,1
04-01-2024 00:48,4,357,426,53.89,39.05,98.43,668.98,5
04-01-2024 00:49,2,483,424,35.1,70.58,87.36,531.13,3
04-01-2024 00:50,1,851,455,71.28,69.69,112.5,215.78,2
04-01-2024 00:51,7,213,174,63.04,76.42,58.25,434.7,1
04-01-2024 00:52,8,288,406,77.97,72.16,202.6,511.04,3
04-01-2024 00:53,6,366,82,64.71,71.85,160.7,713.96,1
04-01-2024 00:54,4,705,21,24.2,33.88,233.17,144.54,4
04-01-2024 00:55,6,384,179,66.98,22.62,32.76,382.64,5
04-01-2024 00:56,3,67,498,43.28,72.13,122.97,279.85,3
04-01-2024 00:57,8,120,398,49.37,22.4,75.76,353.62,1
04-01-2024 00:58,10,224,330,88.33,88.66,162.88,162.78,3
04-01-2024 00:59,2,903,225,40.6,80.63,143.13,189.6,4
04-01-2024 01:00,5,849,265,62.02,55.01,137.62,620.48,4
04-01-2024 01:01,1,860,402,40.9,41.41,98.12,393.13,5
04-01-2024 01:02,6,388,269,18.05,54.51,219.42,421.03,1
04-01-2024 01:03,2,985,251,48.55,70.07,147.06,720.03,1
04-01-2024 01:04,4,297,273,60.75,71.72,64.66,207.18,1
04-01-2024 01:05,6,242,382,44.64,20.52,166.5,276.83,2
04-01-2024 01:06,10,468,343,43.21,75.36,181.02,260.72,5
04-01-2024 01:07,8,374,409,79.73,63.11,11.31,534.21,4
04-01-2024 01:08,8,355,438,12.52,18.04,65.11,458.71,5
04-01-2024 01:09,6,829,272,35.12,38.49,76.51,387.8,2
04-01-2024 01:10,4,253,280,79,53.3,78.18,541.03,1
04-01-2024 01:11,8,902,223,88.25,29.13,75.46,397.46,4
04-01-2024 01:12,8,172,75,45.05,26.64,85.13,656.45,1
04-01-2024 01:13,10,619,151,85.55,16.07,82.5,339.99,2
04-01-2024 01:14,1,900,425,26.91,83.37,265.8,714.67,2
04-01-2024 01:15,4,496,359,28.82,19.21,99.3,113.31,1
04-01-2024 01:16,4,762,342,81.93,42.45,108.18,93.28,1
04-01-2024 01:17,7,540,417,86.78,30.43,83.52,531.45,3
04-01-2024 01:18,7,482,105,28.94,70.58,290.43,323.97,4
04-01-2024 01:19,8,673,42,15.04,68.04,162.97,375.46,4
04-01-2024 01:20,5,177,176,17.68,75.47,185.11,562.89,5
04-01-2024 01:21,7,597,245,32.22,61.26,221.97,187.34,5
04-01-2024 01:22,8,795,253,74.72,59.37,103.45,54.26,2
04-01-2024 01:23,9,871,274,53.35,45.53,290.79,362.33,4
04-01-2024 01:24,3,96,447,48.73,62.73,49.94,717.89,2
04-01-2024 01:25,3,554,334,59.65,23.64,140.06,371.58,1
04-01-2024 01:26,4,164,92,85.67,66.34,47.9,466.13,4
04-01-2024 01:27,5,465,11,17.69,22.79,238.16,182.53,2
04-01-2024 01:28,10,816,152,69.05,79.63,36.66,381.98,3
04-01-2024 01:29,1,272,189,88.78,52.93,168.4,394.91,3
04-01-2024 01:30,7,685,448,28.13,54.78,35.92,203.41,4
04-01-2024 01:31,9,998,164,81.21,58.86,138.54,147.76,4
04-01-2024 01:32,8,552,126,69.33,73.2,87.69,293.2,5
04-01-2024 01:33,5,721,211,11.23,50.89,271.47,50.32,4
04-01-2024 01:34,4,982,461,29.69,47.07,20.66,149.83,5
04-01-2024 01:35,7,145,97,61.5,36.63,196.73,590.46,3
04-01-2024 01:36,5,156,309,52.7,24.6,210.1,526.32,3
04-01-2024 01:37,7,681,339,54.87,29.28,267.25,263.97,3
04-01-2024 01:38,1,662,47,29.71,15.04,263.93,449.91,1
04-01-2024 01:39,1,664,308,67.38,80.21,293.23,666.92,4
04-01-2024 01:40,10,727,224,32.65,72.37,79.9,674.53,3
04-01-2024 01:41,3,975,463,43.1,31.4,86.07,530.41,5
04-01-2024 01:42,2,747,57,41.36,15.18,122.2,116.76,5
04-01-2024 01:43,2,81,75,67.12,51.91,163.59,147.06,2
04-01-2024 01:44,7,542,254,17.67,45.94,113.31,247.51,2
04-01-2024 01:45,10,115,151,27.47,73.2,223.39,543.16,1
04-01-2024 01:46,2,228,59,27.04,45.22,7.52,221.24,5
04-01-2024 01:47,4,828,325,19.22,79.81,10.21,382.26,2
04-01-2024 01:48,2,492,440,27.65,22.19,216.24,663.91,4
04-01-2024 01:49,6,965,86,61.6,42.44,265.52,715.58,4
04-01-2024 01:50,8,598,170,72.23,85.05,234.08,674.07,4
04-01-2024 01:51,10,250,146,66.13,15.88,39.54,110.82,4
04-01-2024 01:52,4,919,327,50.39,44.31,280.82,730.39,2
04-01-2024 01:53,5,98,33,14.46,34.48,158.96,553.63,1
04-01-2024 01:54,4,836,3,91.52,54.89,223.98,502.65,2
04-01-2024 01:55,3,729,284,24.29,35.91,64.31,213.09,4
04-01-2024 01:56,5,312,257,66.82,80.24,166.89,744.02,3
04-01-2024 01:57,9,182,126,87.6,85.29,102.37,33.54,4
04-01-2024 01:58,8,859,447,69.31,78.69,292.55,84.11,1
04-01-2024 01:59,8,393,113,28.53,44.89,144.89,139.87,5
04-01-2024 02:00,8,225,303,36.84,89.25,227.9,561.43,5
04-01-2024 02:01,8,440,293,12.57,70.13,182.95,505.83,4
04-01-2024 02:02,7,60,342,62.08,41.67,32.82,756.85,1
04-01-2024 02:03,8,250,48,62.1,22.03,165.16,292.21,2
04-01-2024 02:04,8,994,364,71.67,65.03,164.36,291.14,1
04-01-2024 02:05,8,975,275,10.93,69.64,216.13,542.24,4
04-01-2024 02:06,10,858,398,79.52,24.18,99.96,155.84,2
04-01-2024 02:07,7,52,195,72.79,56.23,258.89,381.95,5
04-01-2024 02:08,1,263,339,21.98,89.03,188.67,32.04,4
04-01-2024 02:09,4,857,225,39.55,39.47,16.61,481.79,5
04-01-2024 02:10,4,356,213,64.27,37.64,213.52,631.51,4
04-01-2024 02:11,5,593,321,52.14,82.75,272.56,178.93,2
04-01-2024 02:12,10,609,282,19.78,23.81,206.53,259.59,1
04-01-2024 02:13,6,376,138,17.42,85.01,117.1,122.83,5
04-01-2024 02:14,4,813,355,76.42,73.46,179.24,500.23,2
04-01-2024 02:15,2,248,333,23.26,44.31,55.56,459.94,5
04-01-2024 02:16,6,965,70,24.63,21.27,182.37,664.59,3
04-01-2024 02:17,8,650,299,80.63,16.44,152.79,776.87,2
04-01-2024 02:18,8,158,70,62.03,43.19,12.72,787.24,2
04-01-2024 02:19,7,340,483,61.4,67.9,99.96,103.59,1
04-01-2024 02:20,6,157,208,50.74,51.56,61.42,451.45,1
04-01-2024 02:21,2,457,489,58.36,70.4,120.24,635.93,4
04-01-2024 02:22,7,601,200,61.15,65.29,76.34,534.01,1
04-01-2024 02:23,5,101,59,92.27,57.97,251.1,719.65,4
04-01-2024 02:24,6,161,259,28.95,87.56,210.82,364.54,1
04-01-2024 02:25,10,344,389,28.24,69.63,223.33,353.14,1
04-01-2024 02:26,8,629,341,14.86,83.6,111.46,40.37,4
04-01-2024 02:27,8,238,351,65.95,33.16,6.02,32.21,3
04-01-2024 02:28,3,893,334,56.67,68.52,69.65,560.26,2
04-01-2024 02:29,7,770,357,19.46,59.84,227.81,387.74,4
04-01-2024 02:30,1,114,339,40.99,84.32,182.84,534.98,3
04-01-2024 02:31,1,623,165,25.19,53.28,163.88,205.81,1
04-01-2024 02:32,7,514,245,38.18,35.97,87.75,693.21,4
04-01-2024 02:33,10,307,84,90.86,43.86,27.34,724.23,3
04-01-2024 02:34,9,695,436,68.08,31.41,236.54,536.59,3
04-01-2024 02:35,7,683,450,10.64,31.5,16.4,236.69,2
04-01-2024 02:36,10,380,377,31.46,50.28,22.45,188.6,1
04-01-2024 02:37,5,550,447,10.88,81.94,92.01,507.89,5
04-01-2024 02:38,8,732,391,70.76,29.39,174.02,753.81,3
04-01-2024 02:39,2,259,481,49.9,36.59,297.71,470.93,4
04-01-2024 02:40,9,857,309,94.49,78.97,31.74,674.66,1
04-01-2024 02:41,6,138,114,72.35,40.44,144.59,461.02,5
04-01-2024 02:42,9,728,234,54.02,87.18,182.52,546.19,5
04-01-2024 02:43,2,77,262,78.4,35.17,247.82,462.87,5
04-01-2024 02:44,3,287,391,69.91,48.16,208.44,468.78,3
04-01-2024 02:45,8,385,172,30.72,22.17,243.28,596.62,2
04-01-2024 02:46,1,112,18,55.07,89.41,159.13,329.07,5
04-01-2024 02:47,10,816,235,57.26,81.76,133.02,725.12,5
04-01-2024 02:48,7,957,310,48.35,76.32,187.52,693.52,4
04-01-2024 02:49,7,602,383,25.23,26.8,270.76,585.75,5
04-01-2024 02:50,1,549,157,28.99,87.7,167.5,599.87,1
04-01-2024 02:51,9,590,211,33.89,84.69,183.65,342.33,2
04-01-2024 02:52,8,840,281,10.87,47.68,104.7,669.37,2
04-01-2024 02:53,4,518,319,87.94,66.12,180.86,747.44,5
04-01-2024 02:54,10,641,196,68.32,89.43,190.19,640.22,3
04-01-2024 02:55,5,100,115,68.62,45.73,227.26,123.76,3
04-01-2024 02:56,2,161,397,58.65,23.48,173.79,633.57,5
04-01-2024 02:57,9,922,160,68.59,80.08,63.28,382.37,5
04-01-2024 02:58,6,350,155,93.46,50.74,176.67,494.79,3
04-01-2024 02:59,3,139,51,42.74,89.02,92.87,793.1,5
04-01-2024 03:00,7,278,418,70.56,56.32,30.76,300.3,4
04-01-2024 03:01,9,199,284,40.56,17.21,248.5,291.85,4
04-01-2024 03:02,3,804,73,82.61,51.88,24.49,225.24,5
04-01-2024 03:03,2,187,328,82.93,68.85,191.35,119.16,3
04-01-2024 03:04,7,184,341,86.69,16.95,296.61,151.18,4
04-01-2024 03:05,7,506,110,10.46,46.01,30.85,421.13,3
04-01-2024 03:06,4,650,286,35.35,26.67,69.94,729.64,5
04-01-2024 03:07,9,543,221,21.38,63.23,229.44,651.72,5
04-01-2024 03:08,8,576,9,48.59,86.8,33.58,162.34,5
04-01-2024 03:09,1,382,397,52.11,61.84,250.65,458.12,4
04-01-2024 03:10,1,411,82,31.75,67.12,5.08,680.6,2
04-01-2024 03:11,5,223,320,71.49,44.74,267.53,440.8,2
04-01-2024 03:12,6,651,294,32.93,57.24,24.71,730.92,2
04-01-2024 03:13,3,262,375,82.58,55.79,276.98,728.15,4
04-01-2024 03:14,9,392,22,25.1,71.97,260.04,291.63,3
04-01-2024 03:15,10,110,415,41.22,79.27,164.17,701.67,2
04-01-2024 03:16,6,925,99,62.89,64.72,234.49,476.39,2
04-01-2024 03:17,4,781,170,61.45,88.49,27.09,394.28,1
04-01-2024 03:18,7,110,190,16.63,77.12,44.87,623.93,5
04-01-2024 03:19,8,868,106,81.93,24.35,113.94,635.9,2
04-01-2024 03:20,9,727,320,60.84,53.06,163.55,546.83,2
04-01-2024 03:21,6,573,458,83.94,82.74,261.12,652.5,3
04-01-2024 03:22,6,265,265,83.75,85.8,165.09,762.11,5
04-01-2024 03:23,8,638,382,56.4,43.52,201.24,701.01,4
04-01-2024 03:24,5,793,351,87.42,69.43,205.57,77.92,4
04-01-2024 03:25,3,673,428,82.11,45.79,263.88,683.02,1
04-01-2024 03:26,3,627,447,91.44,24.27,234.14,629.59,3
04-01-2024 03:27,6,743,168,82.29,81.35,293.22,742.86,3
04-01-2024 03:28,2,472,344,79.8,84.9,10.9,596.86,5
04-01-2024 03:29,6,765,425,49.9,52.86,66.31,704.73,3
04-01-2024 03:30,6,472,113,28.02,16.37,279.48,27.97,1
04-01-2024 03:31,8,420,328,87.41,76.2,238.7,782.69,5
04-01-2024 03:32,7,255,306,71.42,50.77,83.87,168.91,3
04-01-2024 03:33,8,335,148,33.95,20.63,292.4,694.1,3
04-01-2024 03:34,9,154,337,38.98,29.2,261.61,745.1,2
04-01-2024 03:35,6,803,220,68.32,26.41,24.07,21.73,2
04-01-2024 03:36,3,796,454,50.61,66.47,244.34,732.67,1
04-01-2024 03:37,10,737,426,16.93,37.46,236.42,666.79,2
04-01-2024 03:38,3,772,33,22.02,24.58,70.24,739.48,3
04-01-2024 03:39,1,592,220,73.38,83.82,202.43,157.97,2
04-01-2024 03:40,5,796,319,37.93,86.74,291.22,626.4,3
04-01-2024 03:41,4,291,185,53.15,25.39,204.38,400.24,5
04-01-2024 03:42,9,540,193,75.16,32.27,245.06,221,2
04-01-2024 03:43,9,714,361,73.85,59.41,34.32,609.81,1
04-01-2024 03:44,5,757,180,24.2,26.29,219.6,389.14,4
04-01-2024 03:45,10,547,355,18.36,26.89,65.4,721.91,3
04-01-2024 03:46,4,484,472,60.25,40.24,26.2,574.37,1
04-01-2024 03:47,7,830,6,73.04,86.19,167.86,128.53,3
04-01-2024 03:48,6,533,391,22.67,87.18,226.43,215.6,3
04-01-2024 03:49,4,496,9,41.62,78.13,166.29,226.34,5
04-01-2024 03:50,10,433,357,83.97,67.18,279.82,288.36,3
04-01-2024 03:51,2,559,61,90.26,69.05,210.22,539.83,4
04-01-2024 03:52,1,219,464,48.6,50.22,39.68,717.58,4
04-01-2024 03:53,4,999,418,16.76,54.76,280.68,483.09,4
04-01-2024 03:54,4,918,163,31.9,62.58,50.1,606.41,1
04-01-2024 03:55,1,372,99,29.8,69.85,228.69,267.05,5
04-01-2024 03:56,6,897,148,30.31,22.26,48.82,427.52,1
04-01-2024 03:57,4,523,58,51.98,31.87,299.58,413.22,1
04-01-2024 03:58,1,281,215,59.57,87.22,103,566.83,4
04-01-2024 03:59,1,745,316,20.41,40.14,151.3,424.01,1
04-01-2024 04:00,1,408,490,85.6,35.14,142.72,280.72,3
04-01-2024 04:01,8,324,182,62.7,46.64,35.06,210.25,2
04-01-2024 04:02,10,991,35,60.77,36.82,150.73,218.67,3
04-01-2024 04:03,8,960,303,93.92,21.84,49.1,785.09,1
04-01-2024 04:04,2,81,46,63.39,30.6,241.58,298.83,5
04-01-2024 04:05,7,226,87,88.96,63.01,287.7,649.15,3
04-01-2024 04:06,8,966,4,34.33,31.74,243.38,75.67,1
04-01-2024 04:07,8,114,266,30.41,63.58,132.16,89.93,5
04-01-2024 04:08,10,759,107,53.9,22.51,5.7,555.2,4
04-01-2024 04:09,7,76,75,53.23,18.14,15.81,376.62,2
04-01-2024 04:10,5,712,40,29.25,79.62,151.04,706.78,1
04-01-2024 04:11,1,864,127,69.47,72,205.45,692.53,3
04-01-2024 04:12,9,528,183,12.52,64.95,246.76,609.41,2
04-01-2024 04:13,7,317,119,68.7,17.32,181.86,655.95,4
04-01-2024 04:14,2,646,73,48.86,32.95,293.6,698.99,4
04-01-2024 04:15,6,115,40,68.57,75.92,150.66,631.19,2
04-01-2024 04:16,2,182,204,50.55,25.85,182.01,430.98,1
04-01-2024 04:17,1,954,465,93.07,75.96,72.88,226.5,1
04-01-2024 04:18,7,965,96,38.45,58.82,105.2,634.16,5
04-01-2024 04:19,2,415,279,93.52,70.53,206.52,267.81,5
04-01-2024 04:20,2,131,143,15.52,63.34,182.48,210.96,1
04-01-2024 04:21,5,942,115,68.12,46.27,114.05,153.9,3
04-01-2024 04:22,5,880,476,48.61,36.9,38.03,509.21,4
04-01-2024 04:23,7,377,372,79.88,65.45,106.07,209.13,5
04-01-2024 04:24,1,147,486,77.12,75.52,18.03,312.37,2
04-01-2024 04:25,8,634,133,78.02,18.35,176.33,573.07,2
04-01-2024 04:26,3,376,168,18.05,43.49,100.29,639.19,1
04-01-2024 04:27,4,591,402,79.9,41.3,117.06,265.52,2
04-01-2024 04:28,9,174,245,28.19,56.96,174.65,677.38,2
04-01-2024 04:29,4,259,277,12.18,23.54,176.48,65.21,1
04-01-2024 04:30,10,833,463,28.51,85.01,178.56,788.98,3
04-01-2024 04:31,5,774,259,50.74,56.14,150.02,345.16,1
04-01-2024 04:32,7,182,46,73.08,84.28,149,273.41,4
04-01-2024 04:33,4,552,346,28.58,76.27,247.26,740.47,5
04-01-2024 04:34,1,206,335,19.61,29.37,142.93,123.26,3
04-01-2024 04:35,9,608,383,64.91,24.93,163.13,299.08,3
04-01-2024 04:36,4,918,237,93.63,79.59,296.53,299.94,2
04-01-2024 04:37,9,924,53,61.07,55.21,58.41,351,5
04-01-2024 04:38,6,431,148,68.74,16.48,219.29,681.7,5
04-01-2024 04:39,1,71,187,57.7,85.07,144.59,682.52,3
04-01-2024 04:40,3,644,21,76.5,50.48,250.01,481.48,4
04-01-2024 04:41,2,468,90,92.94,37.57,124.19,793.57,4
04-01-2024 04:42,9,521,233,56.25,53.74,94.38,678.45,2
04-01-2024 04:43,1,283,215,45.43,76.72,66.3,551.23,2
04-01-2024 04:44,9,621,369,83.13,23.27,262.31,175.58,4
04-01-2024 04:45,9,503,51,92.43,41.92,216.91,448.79,5
04-01-2024 04:46,8,749,153,20.98,38.92,27.69,186.85,4
04-01-2024 04:47,8,619,324,59.14,77.97,215.48,255.29,3
04-01-2024 04:48,1,820,116,77.36,73.39,15.33,554.97,1
04-01-2024 04:49,8,211,394,55.33,45.01,58.58,163.85,1
04-01-2024 04:50,10,350,214,44.78,64.84,179.88,90.86,1
04-01-2024 04:51,3,355,451,65.69,44.58,141.74,434.61,5
04-01-2024 04:52,7,51,339,32.96,57.85,252.94,20.74,4
04-01-2024 04:53,1,320,351,39.68,89.34,184.33,494.95,3
04-01-2024 04:54,1,470,137,94.34,55.17,289.67,723.05,3
04-01-2024 04:55,10,192,285,64.1,89.14,257.28,168.39,2
04-01-2024 04:56,5,749,421,84.2,71.04,105.36,318.56,5
04-01-2024 04:57,5,913,366,78.66,24.05,251.07,734.77,3
04-01-2024 04:58,8,902,71,65.44,74.7,261.63,569.02,2
04-01-2024 04:59,7,785,245,81.46,27.1,291.07,125.54,5
04-01-2024 05:00,8,928,38,34.41,54.92,8.71,317.96,3
04-01-2024 05:01,6,741,216,64.15,60.99,263.05,609.68,4
04-01-2024 05:02,6,584,127,60.2,81.92,25.62,538.53,3
04-01-2024 05:03,2,916,72,62.91,30.78,160.79,141.41,5
04-01-2024 05:04,6,86,226,24.33,80.7,127.33,68.74,2
04-01-2024 05:05,5,156,315,33.57,85.09,276.37,551.7,5
04-01-2024 05:06,3,346,441,34.37,21.71,124.52,495.04,1
04-01-2024 05:07,6,790,474,61.17,81.4,180.83,66.29,3
04-01-2024 05:08,8,874,444,92.67,34.44,209.1,780.35,1
04-01-2024 05:09,9,146,284,91.1,21.08,10.61,216.9,4
04-01-2024 05:10,1,330,412,29.31,86.89,179.32,321.1,2
04-01-2024 05:11,3,159,302,35.91,44.42,157.81,158.53,4
04-01-2024 05:12,3,598,246,13.07,61.72,180.23,666.25,5
04-01-2024 05:13,8,601,71,43.9,56.47,27.34,770.8,3
04-01-2024 05:14,1,646,195,80.95,30.99,21.39,186.38,2
04-01-2024 05:15,5,863,470,87.84,65.22,57.38,240.87,1
04-01-2024 05:16,3,237,439,30.1,18.46,261.5,571.08,1
04-01-2024 05:17,2,801,38,32.59,30.23,110.16,431.75,5
04-01-2024 05:18,8,919,117,28.77,85.85,133.04,101.95,1
04-01-2024 05:19,3,537,238,39.76,86.51,120.1,744.32,5
04-01-2024 05:20,7,403,364,78.4,51.2,215.74,496.7,2
04-01-2024 05:21,1,68,402,64.98,27.68,81.55,254.98,4
04-01-2024 05:22,6,908,204,76.8,46.62,25.18,402.05,3
04-01-2024 05:23,3,442,351,59.56,80.78,116.56,410.19,4
04-01-2024 05:24,8,886,319,31.91,20.27,219.71,429.83,4
04-01-2024 05:25,6,310,359,29.38,24.59,274.92,407.9,3
04-01-2024 05:26,2,459,5,10.77,82.17,19.99,458.2,2
04-01-2024 05:27,6,452,428,76.38,46.15,244.1,326.82,5
04-01-2024 05:28,7,719,489,82.01,21.26,24.52,134.01,1
04-01-2024 05:29,5,533,157,75.3,25.44,102.54,538.37,3
04-01-2024 05:30,3,353,107,16.32,81.18,11.58,638.14,4
04-01-2024 05:31,4,673,228,74.79,51.76,273.9,675.99,3
04-01-2024 05:32,4,705,142,13.89,27.22,213.5,37.12,2
04-01-2024 05:33,6,817,314,18.98,82.05,113.89,335.61,3
04-01-2024 05:34,10,67,172,47.44,78.4,116.35,783.18,1
04-01-2024 05:35,1,233,146,50.47,16.73,193.75,68.8,4
04-01-2024 05:36,4,454,7,79.37,58.57,31.45,632.73,1
04-01-2024 05:37,10,848,343,67.76,33.33,47.79,118.37,1
04-01-2024 05:38,4,946,353,23.03,54.99,254.93,663.22,1
04-01-2024 05:39,10,180,446,29.22,35.95,64.68,544.33,1
04-01-2024 05:40,1,528,301,34.28,38.69,219.37,585.53,3
04-01-2024 05:41,9,842,16,20.51,60.14,71.61,782.31,3
04-01-2024 05:42,4,806,320,34.45,55.41,31,752.8,4
04-01-2024 05:43,7,57,37,71.93,44.64,270.51,257.41,5
04-01-2024 05:44,3,754,499,30.52,23.07,270.99,312.67,5
04-01-2024 05:45,10,367,153,81.01,87.71,183.57,337.6,1
04-01-2024 05:46,3,440,265,49.91,28.1,141.3,160.85,2
04-01-2024 05:47,8,568,183,37.45,62.48,168.06,317.29,1
04-01-2024 05:48,8,185,156,45.06,21.21,125.4,783.64,2
04-01-2024 05:49,1,580,137,70.31,66.62,228.37,401.86,2
04-01-2024 05:50,10,962,396,53.93,22.11,227.6,763.03,1
04-01-2024 05:51,2,700,402,10.62,32.21,246.6,75.74,4
04-01-2024 05:52,8,416,475,88.4,63.52,159.26,50.64,2
04-01-2024 05:53,1,538,90,15.61,36.22,241.4,468.76,1
04-01-2024 05:54,8,738,440,89.78,54.96,50.94,594.28,1
04-01-2024 05:55,8,60,218,12.39,24.34,13.89,189.62,1
04-01-2024 05:56,2,602,330,75.53,30.18,196.18,412.62,2
04-01-2024 05:57,4,495,186,55.45,70.03,36.12,700.89,3
04-01-2024 05:58,6,163,381,52.99,17.64,167.45,614.15,2
04-01-2024 05:59,9,741,209,16.19,23.39,217.73,200.81,3
04-01-2024 06:00,8,755,51,30.29,31.12,125.09,280.89,3
04-01-2024 06:01,8,245,288,76.09,16.51,17.94,258.52,4
04-01-2024 06:02,7,909,88,85.76,22.15,266.7,581.22,5
04-01-2024 06:03,9,786,491,54.98,36.1,17.76,775.18,1
04-01-2024 06:04,2,892,432,40.03,21.97,271.9,238.46,1
04-01-2024 06:05,3,372,136,15.1,79.96,20.53,478.87,2
04-01-2024 06:06,10,985,158,67.99,19.96,221.87,791.08,5
04-01-2024 06:07,8,822,282,33.67,79.57,277.83,142.91,4
04-01-2024 06:08,6,561,408,14.68,76.71,272.56,534.08,1
04-01-2024 06:09,10,677,155,66.6,22.56,268.55,278.95,2
04-01-2024 06:10,9,711,463,51.29,16.89,265.51,793.5,4
04-01-2024 06:11,10,679,220,11.02,18.75,155.57,104.84,5
04-01-2024 06:12,4,214,459,19.43,59.28,169.52,371.98,2
04-01-2024 06:13,8,301,167,69.43,65.28,187.82,218.88,4
04-01-2024 06:14,10,828,322,15.41,61.55,269.3,44.71,5
04-01-2024 06:15,3,93,179,83.61,55.61,252.26,771.61,1
04-01-2024 06:16,3,519,329,36.46,28.1,235.98,463.17,5
04-01-2024 06:17,8,538,50,17.54,78.07,204.34,566.61,2
04-01-2024 06:18,5,230,301,74.58,39.57,187.42,503.81,1
04-01-2024 06:19,3,126,87,54.58,88.96,277.13,135.81,3
04-01-2024 06:20,10,423,33,36.06,43.86,61.83,153.04,2
04-01-2024 06:21,1,677,275,44.52,34.73,61.85,508.63,3
04-01-2024 06:22,3,116,141,11.82,82.07,294.83,628.25,5
04-01-2024 06:23,9,574,206,66.33,57.56,168.18,496.63,4
04-01-2024 06:24,5,141,224,41.09,69.14,147.6,464.89,1
04-01-2024 06:25,10,807,113,70.69,45.63,255.93,601.85,2
04-01-2024 06:26,2,828,278,63.39,81.52,255.68,210.01,1
04-01-2024 06:27,7,700,404,65.36,83.83,57.1,590.68,5
04-01-2024 06:28,2,902,353,77.4,47.76,56.2,340.75,5
04-01-2024 06:29,4,293,5,63.65,33.05,239.6,545.76,4
04-01-2024 06:30,7,390,382,45.59,63.58,236.76,234.28,4
04-01-2024 06:31,4,952,212,43.14,86.59,71.43,127.22,2
04-01-2024 06:32,7,834,256,20.16,61.68,253.25,42.74,1
04-01-2024 06:33,7,353,334,76.25,86.57,146.62,646.71,2
04-01-2024 06:34,1,447,475,74.69,40.79,143.65,173.64,3
04-01-2024 06:35,6,752,474,30.94,83.63,295.78,303.5,5
04-01-2024 06:36,9,497,416,83.33,23.44,158.17,619.71,3
04-01-2024 06:37,2,146,30,60.07,41.91,45.43,371.14,3
04-01-2024 06:38,3,380,347,50.69,52.09,87.65,189.69,1
04-01-2024 06:39,10,254,410,11.49,63.98,103.44,171.91,3
04-01-2024 06:40,5,498,82,42.53,37.06,287.75,338.19,3
04-01-2024 06:41,9,467,493,64.46,84.32,82.89,460.84,4
04-01-2024 06:42,4,698,471,17.63,82.76,131.97,326.03,2
04-01-2024 06:43,1,126,236,49.06,74.95,226.14,725.56,4
04-01-2024 06:44,4,945,495,94.44,23.58,85.86,22.99,1
04-01-2024 06:45,6,598,344,70.91,20.87,211.98,333.57,2
04-01-2024 06:46,5,847,388,56.48,52.36,66.22,599.41,2
04-01-2024 06:47,1,474,361,55.31,72.4,76.54,714.9,5
04-01-2024 06:48,4,478,323,13.72,24.24,295.97,299.55,5
04-01-2024 06:49,6,534,253,91.37,63.11,113.84,545.4,3
04-01-2024 06:50,10,864,118,88.9,54.59,220.26,472.67,2
04-01-2024 06:51,10,184,427,68,69.45,252.82,177.2,2
04-01-2024 06:52,4,703,30,18.42,47.65,107.32,551.14,5
04-01-2024 06:53,9,303,111,27.67,67,110.37,214.66,3
04-01-2024 06:54,5,609,400,25.63,26.97,233.06,631.45,5
04-01-2024 06:55,8,304,254,54.16,31.09,184.07,695.4,2
04-01-2024 06:56,9,695,199,27.66,82.75,111.72,393.17,1
04-01-2024 06:57,10,851,295,69.14,39.7,226.12,62.22,5
04-01-2024 06:58,5,769,342,56.34,88.91,259.79,595.13,4
04-01-2024 06:59,6,548,297,11.5,18.47,74.34,384.43,5
04-01-2024 07:00,1,662,287,73.24,52.19,12.19,93.72,2
04-01-2024 07:01,7,533,433,26.05,39.37,85.87,278.29,3
04-01-2024 07:02,4,95,397,80.12,89.7,203.97,246.7,2
04-01-2024 07:03,2,492,489,40.18,89.25,275,586.56,3
04-01-2024 07:04,5,631,425,38.78,32.64,259.6,350.77,2
04-01-2024 07:05,3,697,244,11,35.04,70.54,477.9,4
04-01-2024 07:06,6,841,221,93.96,71.23,264.9,410.86,4
04-01-2024 07:07,8,628,156,62.02,81.73,244.17,584.92,3
04-01-2024 07:08,7,53,383,45.93,64.78,221.65,580.08,4
04-01-2024 07:09,3,785,236,18.21,79.85,208.03,370.06,1
04-01-2024 07:10,8,50,320,69.43,19.75,243.09,125.33,1
04-01-2024 07:11,2,339,373,34.03,63.04,259.21,338.14,4
04-01-2024 07:12,10,158,19,94,67.51,246.64,144.91,5
04-01-2024 07:13,9,826,215,90.8,29.27,40.95,768.14,4
04-01-2024 07:14,4,624,367,72.5,73.35,218.04,761.11,3
04-01-2024 07:15,1,509,114,92.54,85.82,253.18,376.21,4
04-01-2024 07:16,8,315,200,18.98,82.35,59.78,41.55,4
04-01-2024 07:17,7,187,25,33.79,33.37,68.07,312.22,3
04-01-2024 07:18,5,483,422,31.53,39.3,236.86,718.17,1
04-01-2024 07:19,10,93,121,16.12,52.47,106.46,244.66,5
04-01-2024 07:20,5,935,230,92.64,26.88,122.91,505.14,2
04-01-2024 07:21,7,559,99,15.1,86.55,116.26,163.47,5
04-01-2024 07:22,5,993,346,82.82,27.12,67.79,663.63,2
04-01-2024 07:23,8,311,3,75.29,72.11,281.94,715.68,4
04-01-2024 07:24,6,777,386,41.95,40.61,242.73,499.79,1
04-01-2024 07:25,5,682,261,11.6,58.03,78.91,506.53,4
04-01-2024 07:26,9,201,445,10.52,18.54,36.3,315.28,2
04-01-2024 07:27,2,262,254,27.34,30.38,114.92,571.53,1
04-01-2024 07:28,1,283,20,51.98,48.33,127.52,393.2,2
04-01-2024 07:29,8,912,204,48.92,65.79,7.09,601.48,4
04-01-2024 07:30,3,672,294,59.75,73.32,266.71,775.44,2
04-01-2024 07:31,7,410,464,75.62,17.26,256.13,661.45,1
04-01-2024 07:32,10,369,357,42.08,26.44,255.8,423.52,5
04-01-2024 07:33,8,271,128,23.63,69.73,242.71,783.53,4
04-01-2024 07:34,6,787,358,78,75.98,221.27,493.52,2
04-01-2024 07:35,10,259,292,38.28,32.74,192.18,70.6,2
04-01-2024 07:36,9,445,174,34.38,32.22,288.29,589.69,5
04-01-2024 07:37,7,980,221,74.97,21.6,214.96,659.65,1
04-01-2024 07:38,10,632,355,89.4,26.27,190.92,125.17,3
04-01-2024 07:39,5,538,369,87.77,15.6,237.7,549.85,3
04-01-2024 07:40,8,921,37,21.68,59.24,77.65,738.31,3
04-01-2024 07:41,2,650,310,52.77,82.79,290.31,216.11,4
04-01-2024 07:42,7,823,149,17.89,26.22,10.65,476.31,3
04-01-2024 07:43,4,927,405,91.68,71.36,196.28,234.18,3
04-01-2024 07:44,9,513,92,28.29,58.02,27.74,624.04,5
04-01-2024 07:45,1,749,70,26.78,85.49,256.73,472.91,3
04-01-2024 07:46,7,673,84,85.56,74.86,290.45,353.9,2
04-01-2024 07:47,6,501,444,92.27,78.95,125.54,42.61,5
04-01-2024 07:48,8,462,420,69.3,62.94,257.86,756.94,2
04-01-2024 07:49,5,983,205,20.29,75.85,104.04,408.24,4
04-01-2024 07:50,1,800,488,51.3,41.32,52.02,647.21,5
04-01-2024 07:51,1,525,267,79.41,30.68,86.61,325.68,2
04-01-2024 07:52,9,305,88,58.66,83.44,94.04,682.3,2
04-01-2024 07:53,10,199,252,21.27,70.08,191.05,144.83,1
04-01-2024 07:54,6,176,211,24.61,21.8,239.86,200.57,1
04-01-2024 07:55,10,441,343,83.45,80.02,65.54,280.05,1
04-01-2024 07:56,5,880,31,54.8,41.17,31.02,89.1,1
04-01-2024 07:57,1,529,357,70,37.37,70.39,366.2,3
04-01-2024 07:58,6,446,421,41.71,61.75,92.48,399.02,4
04-01-2024 07:59,6,972,316,55.26,57.64,87.55,109.54,3
04-01-2024 08:00,3,451,61,93.05,55.37,69.89,353.14,4
04-01-2024 08:01,8,323,67,38.02,34.12,142.47,173.89,5
04-01-2024 08:02,1,894,226,67.36,86.98,257.51,702.67,4
04-01-2024 08:03,1,959,413,24.66,86.26,34.6,417.25,3
04-01-2024 08:04,6,188,451,20.35,15.31,259.3,762.53,5
04-01-2024 08:05,10,152,335,76.61,40.34,151.62,286.32,5
04-01-2024 08:06,1,291,327,81.75,18.42,199.84,286.29,5
04-01-2024 08:07,6,166,67,66.81,78.77,245.53,284.2,1
04-01-2024 08:08,1,263,128,23.45,81.49,94.78,229.26,3
04-01-2024 08:09,6,533,111,30.45,53.87,286.5,631.7,1
04-01-2024 08:10,3,578,491,87.45,77.98,29.7,240.54,2
04-01-2024 08:11,8,740,272,34.54,67.75,160.66,244.65,5
04-01-2024 08:12,6,273,301,79.6,52.47,80.17,56.58,5
04-01-2024 08:13,1,319,34,34.3,42.29,125.34,772.98,5
04-01-2024 08:14,5,874,212,89.85,34.97,137.41,711.31,3
04-01-2024 08:15,8,910,300,87.73,34.46,274.78,248.16,5
04-01-2024 08:16,3,183,373,13.68,57.15,135.27,426.2,3
04-01-2024 08:17,6,163,125,75.49,27.51,210.89,396.54,2
04-01-2024 08:18,5,490,103,24.4,28.11,285.77,88.41,2
04-01-2024 08:19,6,693,481,28.3,15.78,150.89,434.33,2
04-01-2024 08:20,10,700,206,49.09,61,125.45,108.39,1
04-01-2024 08:21,1,414,120,58.99,89.58,292.03,358.59,5
04-01-2024 08:22,7,281,170,37.69,81.69,249.16,88.49,2
04-01-2024 08:23,9,507,35,58.91,67.93,282.23,479.35,4
04-01-2024 08:24,2,424,382,24.51,73.91,122.18,58.23,3
04-01-2024 08:25,10,653,331,11.9,46.26,210.42,510.17,4
04-01-2024 08:26,5,828,246,58.55,37.36,78.64,571.63,2
04-01-2024 08:27,10,660,340,53.98,42.65,260.42,465.27,1
04-01-2024 08:28,4,256,414,68.62,21.11,280.26,386.2,1
04-01-2024 08:29,6,569,309,65.23,62.53,84.02,67.42,4
04-01-2024 08:30,6,517,58,86.29,28.11,35.96,28.86,2
04-01-2024 08:31,2,931,412,49.05,72.22,64.22,287.1,5
04-01-2024 08:32,2,492,399,10.71,29.25,191.69,621.58,3
04-01-2024 08:33,4,966,422,63.61,32.11,85.29,524.88,3
04-01-2024 08:34,1,370,306,67.39,86.8,193.39,117.72,1
04-01-2024 08:35,9,142,141,54.33,22.9,108.31,556.59,4
04-01-2024 08:36,7,457,111,68.59,52.41,275.47,468.43,2
04-01-2024 08:37,7,207,163,37.5,19.7,138.52,150.04,2
04-01-2024 08:38,3,921,111,22.65,21.78,151.8,609.14,5
04-01-2024 08:39,3,148,152,66.49,62.51,107.68,667.64,5
04-01-2024 08:40,1,274,376,30.84,62.3,26.55,201.39,2
04-01-2024 08:41,3,901,65,48.79,29.48,150.62,515.99,2
04-01-2024 08:42,3,490,106,51.79,80.44,233.44,314.94,3
04-01-2024 08:43,4,769,216,50.56,67.66,286.14,65.6,4
04-01-2024 08:44,4,634,91,60.87,37.55,27.59,691.86,3
04-01-2024 08:45,3,450,402,12.5,33.63,240.23,660.18,5
04-01-2024 08:46,10,620,442,94.12,71.57,83.78,268,1
04-01-2024 08:47,8,848,26,70.89,70.02,247.73,434.57,2
04-01-2024 08:48,8,113,157,46.16,26.16,105.89,419.65,2
04-01-2024 08:49,1,817,72,26.26,41.19,38.76,158.42,4
04-01-2024 08:50,7,609,44,16.82,31.25,185.55,133.63,5
04-01-2024 08:51,2,328,90,67.14,37.06,268.7,678.53,2
04-01-2024 08:52,1,759,133,36.94,36.57,58.57,696.54,3
04-01-2024 08:53,3,719,161,29.51,88.2,11.43,585.64,4
04-01-2024 08:54,4,872,232,42.3,71.27,265.73,76.76,2
04-01-2024 08:55,6,568,380,60.4,73.5,210.86,729.13,1
04-01-2024 08:56,10,297,261,67.09,35.81,243.57,784.99,5
04-01-2024 08:57,5,417,383,64.84,15.04,22.65,624.98,4
04-01-2024 08:58,4,793,369,83.38,19.36,267.68,295.66,3
04-01-2024 08:59,8,667,111,28.59,56.47,128.65,336.5,5
04-01-2024 09:00,4,147,164,64.12,36.41,269.8,698.32,2
04-01-2024 09:01,10,317,77,18.59,29.47,24.15,238.55,1
04-01-2024 09:02,2,109,209,56.57,18.72,266.02,130.65,3
04-01-2024 09:03,3,549,13,59.64,80.69,203.65,661.79,5
04-01-2024 09:04,6,357,409,28.38,60.01,168.51,170.8,2
04-01-2024 09:05,8,542,58,43.29,23.05,23.23,727.69,4
04-01-2024 09:06,8,460,386,80.31,72.48,208.08,484.63,2
04-01-2024 09:07,9,189,344,22.61,71.69,181.34,453.19,4
04-01-2024 09:08,7,958,36,46.93,36.71,219.26,625.08,4
04-01-2024 09:09,2,377,25,89.28,29.13,216.43,32.84,2
04-01-2024 09:10,8,513,34,52.85,76.05,135.9,576.56,1
04-01-2024 09:11,7,751,140,71.64,39.72,65.38,486.83,4
04-01-2024 09:12,8,686,275,80.28,78.56,276.1,428.55,4
04-01-2024 09:13,3,974,370,27.32,18.27,278.05,189.51,2
04-01-2024 09:14,7,212,362,28.55,52.45,67.52,666.96,4
04-01-2024 09:15,10,109,222,74.48,28.47,191.04,215.51,3
04-01-2024 09:16,9,974,37,74.03,65.4,64.85,402.02,5
04-01-2024 09:17,3,80,363,15.12,89.79,259.06,143.3,2
04-01-2024 09:18,10,382,129,37.41,45.94,33.97,779.49,3
04-01-2024 09:19,6,125,316,43.88,22.52,297.11,171.74,4
04-01-2024 09:20,2,804,323,80.47,38.83,185.2,646.51,4
04-01-2024 09:21,2,366,433,45.86,81.86,11.76,225.2,4
04-01-2024 09:22,5,819,218,88.7,72.43,265.16,219.71,5
04-01-2024 09:23,5,466,335,94.71,32.42,206.92,348.93,1
04-01-2024 09:24,7,239,430,76.36,86.52,210.71,679.76,2
04-01-2024 09:25,2,538,248,66.64,61.66,86.13,556.29,3
04-01-2024 09:26,7,938,111,43.31,27.6,104.35,699.88,1
04-01-2024 09:27,5,364,304,15.7,57.92,274.75,56.83,2
04-01-2024 09:28,6,345,220,58.72,48.85,192.31,765.44,4
04-01-2024 09:29,8,550,196,40.74,76.48,10,80.17,4
04-01-2024 09:30,10,226,147,39.83,40.81,101.59,582.43,3
04-01-2024 09:31,4,849,344,68.46,80.62,181.57,181.6,1
04-01-2024 09:32,7,855,40,49.41,75.9,48.66,675.86,4
04-01-2024 09:33,6,909,134,73.93,65.6,34,692.64,5
04-01-2024 09:34,10,768,464,43.84,34.4,22.52,449.97,2
04-01-2024 09:35,2,264,352,22.82,87.77,191.02,334.24,3
04-01-2024 09:36,8,905,478,49.21,56.15,99.58,638.83,5
04-01-2024 09:37,10,702,191,90.84,83.06,115.24,701.74,3
04-01-2024 09:38,9,646,163,78.13,31.18,22.71,595.84,2
04-01-2024 09:39,5,743,456,27.49,88.75,222.72,727.4,1
04-01-2024 09:40,10,381,61,43.26,76.2,231.19,508.69,5
04-01-2024 09:41,4,177,5,88.86,86.19,249.68,542.97,4
04-01-2024 09:42,6,318,37,20.51,30.93,197.24,466.05,3
04-01-2024 09:43,8,600,460,31.59,47.3,233.12,400.77,1
04-01-2024 09:44,3,584,217,32.29,22.32,175.28,530.79,2
04-01-2024 09:45,10,803,225,58.53,25.27,150.03,457.7,4
04-01-2024 09:46,1,415,487,44.91,36.3,81.64,590.37,3
04-01-2024 09:47,4,668,216,16.79,86.37,20.75,748.7,1
04-01-2024 09:48,4,397,139,63.48,65.04,91.09,310.98,2
04-01-2024 09:49,1,191,106,18.42,38.6,206.67,340.71,1
04-01-2024 09:50,9,194,99,61.55,86.59,278.42,31.73,2
04-01-2024 09:51,3,841,168,53.1,70.48,80.58,431.09,4
04-01-2024 09:52,5,294,449,51.96,83.02,202.61,122.49,5
04-01-2024 09:53,6,491,264,15.74,84.54,146.08,578.48,3
04-01-2024 09:54,8,752,87,64.33,71.31,190.13,628.08,5
04-01-2024 09:55,6,339,84,46.66,33.24,5.48,583.74,4
04-01-2024 09:56,3,740,224,44.94,89.74,41.18,446.38,5
04-01-2024 09:57,6,161,11,60.7,39.38,69.02,436.69,3
04-01-2024 09:58,1,263,327,61.53,65.38,268.57,524.31,4
04-01-2024 09:59,4,699,186,11.28,78.36,16.96,452.67,3
04-01-2024 10:00,6,935,350,20.64,28.14,173.04,605.23,5
04-01-2024 10:01,7,249,379,30.1,60.68,278.95,717.73,1
04-01-2024 10:02,10,454,432,67.63,43.14,197.36,438.18,1
04-01-2024 10:03,3,470,231,59.02,33.32,147.9,106.07,3
04-01-2024 10:04,9,56,141,74.4,15.88,118.87,122.21,1
04-01-2024 10:05,7,907,106,72.95,80.4,189.14,313.22,3
04-01-2024 10:06,1,574,253,82.52,25.19,146.71,407.11,5
04-01-2024 10:07,2,641,444,42.03,80.86,213.1,195.54,2
04-01-2024 10:08,1,335,49,39.33,60.05,187.24,373.15,4
04-01-2024 10:09,9,720,451,80.64,61.58,172.39,125.87,5
04-01-2024 10:10,9,438,263,30.2,77.15,287.26,207.85,2
04-01-2024 10:11,7,465,491,49.2,53.21,251.53,592.49,5
04-01-2024 10:12,10,833,205,26.52,41.8,184.61,788.74,2
04-01-2024 10:13,3,762,357,87.68,25.41,163.9,165.24,3
04-01-2024 10:14,5,199,409,44.66,57.78,218.56,284.5,4
04-01-2024 10:15,4,477,407,28.06,56.49,242.16,293.54,3
04-01-2024 10:16,7,857,51,68.82,37.04,92.09,194.19,4
04-01-2024 10:17,9,342,175,30.79,60,201.75,179.16,2
04-01-2024 10:18,2,383,225,90.2,47.95,44.87,122.72,1
04-01-2024 10:19,8,321,261,41.25,75.41,131.98,727.86,1
04-01-2024 10:20,9,92,480,66.49,56.96,281.84,526.51,1
04-01-2024 10:21,10,517,222,39.35,85.03,101.26,246.56,1
04-01-2024 10:22,10,368,223,78.62,53.85,50.5,221.31,5
04-01-2024 10:23,9,541,269,86.24,81.56,48.11,479.98,5
04-01-2024 10:24,10,576,298,76.97,54.04,121.15,563.83,1
04-01-2024 10:25,7,809,381,82.12,56.85,71.43,217.35,3
04-01-2024 10:26,9,221,389,18.66,42.51,130.94,290.79,2
04-01-2024 10:27,9,779,407,88.55,45.01,217.07,246.68,1
04-01-2024 10:28,3,698,318,63.07,84.98,267.01,88.41,3
04-01-2024 10:29,4,370,385,83.88,31.75,37.5,321.49,3
04-01-2024 10:30,2,788,74,68.18,24.11,231.68,436.22,3
04-01-2024 10:31,10,93,114,27.16,77.27,35.53,531.19,5
04-01-2024 10:32,3,581,219,61.81,58.27,116.93,345.05,4
04-01-2024 10:33,5,680,54,17.73,36.35,298.98,787.03,5
04-01-2024 10:34,5,503,200,69.14,47.43,25.26,508.15,1
04-01-2024 10:35,6,795,372,44.77,54.37,11.75,711.54,1
04-01-2024 10:36,7,929,131,22.9,59.41,103.43,734.47,1
04-01-2024 10:37,7,940,339,93.23,76.58,285.58,660.69,2
04-01-2024 10:38,1,978,192,86.59,44.58,10.91,230.59,2
04-01-2024 10:39,2,897,179,85.95,65.74,70.7,356.4,4
04-01-2024 10:40,9,917,386,77.05,77.61,182.93,20.3,5
04-01-2024 10:41,10,823,305,68.82,78.28,73.96,372.1,3
04-01-2024 10:42,2,132,287,65.68,34.07,20.87,249.13,5
04-01-2024 10:43,6,592,240,19.02,41.26,20.47,107.28,1
04-01-2024 10:44,1,371,245,86.55,59.62,169.95,674.1,4
04-01-2024 10:45,3,835,330,84.9,81.43,170.76,545.29,2
04-01-2024 10:46,2,283,117,73.57,74.28,213.41,799.3,4
04-01-2024 10:47,3,589,208,88.82,58.8,43.86,408.74,3
04-01-2024 10:48,5,301,485,57.01,88.78,152.46,277.95,4
04-01-2024 10:49,10,885,212,48.05,47.92,182.28,225.77,4
04-01-2024 10:50,6,814,259,92.28,78.18,70.6,359.58,4
04-01-2024 10:51,9,498,380,49.45,76.38,166.47,261.7,1
04-01-2024 10:52,10,288,163,64.51,83.1,213.93,792.79,3
04-01-2024 10:53,4,539,226,41.71,89.08,297.3,162.58,2
04-01-2024 10:54,7,931,341,64.09,52.18,180.94,34.92,5
04-01-2024 10:55,6,513,420,71.21,29.67,259.05,121.4,2
04-01-2024 10:56,2,990,64,63.1,49.57,250.93,715.4,4
04-01-2024 10:57,10,363,416,53.74,79.04,282.38,561.26,4
04-01-2024 10:58,8,224,246,35.51,77.71,218.3,631.5,5
04-01-2024 10:59,7,755,18,64.73,40.2,67.86,269.97,3
04-01-2024 11:00,7,229,34,87.22,18.55,92.94,505.71,4
04-01-2024 11:01,8,981,312,10.59,53.24,236.48,572.16,1
04-01-2024 11:02,1,434,486,21.38,50.56,158.64,274.6,1
04-01-2024 11:03,1,344,323,20.18,21.43,79.14,585.13,2
04-01-2024 11:04,8,264,181,88.47,74.62,198.72,511.13,1
04-01-2024 11:05,4,764,451,66.33,36.27,272.43,251.06,2
04-01-2024 11:06,5,811,347,90.9,63.43,110.52,61.23,4
04-01-2024 11:07,8,923,194,59.54,22.61,180.89,205.53,1
04-01-2024 11:08,5,818,192,49.25,79.55,176.54,503.24,1
04-01-2024 11:09,10,124,67,77.35,70.45,42.46,487.24,5
04-01-2024 11:10,4,393,209,23.68,44.13,31.62,415.97,2
04-01-2024 11:11,6,763,366,42.41,62.21,267.38,216.15,5
04-01-2024 11:12,5,191,167,49.63,29.06,280.39,366.74,3
04-01-2024 11:13,7,767,246,35.37,88.91,271.75,132.35,5
04-01-2024 11:14,10,248,245,41.56,74.71,122.01,536.66,1
04-01-2024 11:15,7,968,166,16.64,74.17,89.85,697.94,1
04-01-2024 11:16,4,220,296,26.83,26.5,282.94,381.68,3
04-01-2024 11:17,5,455,403,38.52,16.33,265.43,186.14,2
04-01-2024 11:18,3,877,211,77.65,58.9,246.85,665.75,2
04-01-2024 11:19,4,277,492,25.51,25.81,103.58,264.2,2
04-01-2024 11:20,4,460,133,39.46,73.53,193.43,483.29,3
04-01-2024 11:21,3,947,197,15.52,46.21,226.37,78.83,4
04-01-2024 11:22,10,984,398,57.35,40.39,174.97,579.99,4
04-01-2024 11:23,5,740,347,61.96,20.52,182.59,379.32,3
04-01-2024 11:24,5,927,49,83.57,89.7,228.22,350.21,5
04-01-2024 11:25,7,836,64,79.62,86.7,231.21,749.17,3
04-01-2024 11:26,4,111,112,34.26,24.87,75.78,403.36,4
04-01-2024 11:27,4,376,356,21.64,39.96,120.25,33.07,4
04-01-2024 11:28,9,765,185,23.27,44.31,235.45,768.66,5
04-01-2024 11:29,6,928,104,92.36,37.26,82.13,29.53,1
04-01-2024 11:30,4,182,419,67.22,85.09,275.1,437.98,1
04-01-2024 11:31,2,633,213,13.62,69.1,252.47,514.21,1
04-01-2024 11:32,6,639,5,21.63,86.69,269.16,717.7,2
04-01-2024 11:33,2,238,119,51.29,80.59,92.7,549.79,4
04-01-2024 11:34,5,405,344,27.67,71.59,36.01,652.68,3
04-01-2024 11:35,6,120,249,78.31,67.27,34.67,620.54,5
04-01-2024 11:36,4,312,167,58.72,79.96,168.99,186.56,4
04-01-2024 11:37,3,355,383,62.07,66.31,95.15,566.37,1
04-01-2024 11:38,7,607,242,49.34,29.15,82.74,517.31,5
04-01-2024 11:39,2,273,280,31.77,63.61,70.61,210.3,3
04-01-2024 11:40,6,377,424,60.1,53.63,170.82,120.1,4
04-01-2024 11:41,4,811,363,70.94,88.64,166.69,606.28,3
04-01-2024 11:42,6,637,238,41.53,53.25,129.58,777.48,4
04-01-2024 11:43,4,123,306,52.92,17.88,45.84,595.99,4
04-01-2024 11:44,4,560,205,81.37,34.81,278.99,604.57,1
04-01-2024 11:45,4,191,486,22.64,83.8,131.24,150.03,5
04-01-2024 11:46,9,634,493,56.34,87.18,41.47,212.7,1
04-01-2024 11:47,7,151,314,39.62,69.64,15.94,476.89,4
04-01-2024 11:48,3,655,1,69.74,19.26,50.02,44.52,1
04-01-2024 11:49,3,630,171,11.6,16.77,92.65,540.98,4
04-01-2024 11:50,6,114,167,66.99,50.97,190.88,132.95,1
04-01-2024 11:51,6,242,394,18.75,89.98,291.43,342.45,4
04-01-2024 11:52,4,111,258,15.51,80.2,85.26,269.75,2
04-01-2024 11:53,9,581,63,71.59,84.98,237.99,103.04,2
04-01-2024 11:54,4,290,272,64.43,61.77,273.86,471.44,3
04-01-2024 11:55,9,764,37,86.07,79.43,120.51,301.77,4
04-01-2024 11:56,4,459,16,54.17,38.98,79.72,54.31,1
04-01-2024 11:57,2,349,254,55.05,17.05,149.86,366.65,4
04-01-2024 11:58,2,244,343,70.1,83.87,269.53,480.4,1
04-01-2024 11:59,5,503,346,37.49,31.38,8.24,121.72,3
04-01-2024 12:00,4,623,336,13.14,69.64,148.56,476.3,4
04-01-2024 12:01,7,668,27,29.55,64.42,228.49,255.58,3
04-01-2024 12:02,5,686,447,30.23,26.86,182.33,222.53,1
04-01-2024 12:03,6,350,111,38.53,29.68,151.72,640.48,5
04-01-2024 12:04,10,828,233,90.19,39.68,168.32,384.84,1
04-01-2024 12:05,4,505,478,78.41,71.77,187.67,314.78,3
04-01-2024 12:06,2,251,64,89.56,17.94,206.21,654.16,4
04-01-2024 12:07,10,723,97,94.88,45.53,110.07,730.07,4
04-01-2024 12:08,9,905,416,46.87,64.88,157.63,265.77,3
04-01-2024 12:09,10,351,393,29.3,27.86,85.7,59.31,4
04-01-2024 12:10,7,673,267,57.6,23.96,295.28,441.76,2
04-01-2024 12:11,4,386,485,84.9,44.27,60.25,577.82,5
04-01-2024 12:12,3,81,326,49.59,36.49,49.44,478.48,3
04-01-2024 12:13,10,147,414,52.96,63.68,84.3,556.68,5
04-01-2024 12:14,3,808,232,21.43,87.72,276.42,524.44,3
04-01-2024 12:15,9,822,399,45.74,15.34,199.36,765.68,5
04-01-2024 12:16,5,240,443,42.89,82.68,139.5,695.42,1
04-01-2024 12:17,3,590,48,39.89,47.49,277.99,122.84,3
04-01-2024 12:18,5,97,350,85.42,64.8,270.54,373.03,4
04-01-2024 12:19,2,299,210,15.04,78.83,123.47,374.72,5
04-01-2024 12:20,4,275,76,92.63,58.01,171.27,375.94,1
04-01-2024 12:21,10,321,247,10.7,22.3,272.09,745.95,1
04-01-2024 12:22,2,714,316,90.38,25.54,99.22,275.21,1
04-01-2024 12:23,2,534,68,56.58,74.2,125.22,499.13,4
04-01-2024 12:24,8,377,313,69.71,32.18,238.94,719.12,1
04-01-2024 12:25,1,846,64,25.91,57.68,211.1,59.42,5
04-01-2024 12:26,7,229,182,65.61,47.11,19.35,705.27,4
04-01-2024 12:27,5,863,80,84.97,37.77,39.63,616.67,3
04-01-2024 12:28,8,714,343,21.86,74.02,254.65,182.14,4
04-01-2024 12:29,1,795,203,20.8,69.84,13.77,273.9,3
04-01-2024 12:30,7,72,182,35.84,63.46,276.38,262.26,3
04-01-2024 12:31,5,979,443,23.75,42.95,85.17,192.62,3
04-01-2024 12:32,4,655,472,19.4,31.99,181.52,518.05,3
04-01-2024 12:33,7,419,214,67.66,53.69,171.55,786.61,4
04-01-2024 12:34,10,294,423,28.18,76.28,121.89,149.96,2
04-01-2024 12:35,2,851,120,66.7,58.17,14.27,201.11,2
04-01-2024 12:36,1,209,399,83.26,87.76,61.78,246.49,1
04-01-2024 12:37,1,422,241,65.42,16.16,186.42,751.31,5
04-01-2024 12:38,1,334,335,20.15,89.88,136.68,508.14,5
04-01-2024 12:39,5,570,202,58.75,66.86,127.08,185.88,5
04-01-2024 12:40,10,499,412,43.46,77.45,33.82,647.11,1
04-01-2024 12:41,7,746,292,39.19,40.12,107.4,739.84,5
04-01-2024 12:42,2,856,54,37.08,53.13,160.3,334.68,4
04-01-2024 12:43,10,696,145,89,74.77,27.92,154.8,2
04-01-2024 12:44,8,671,356,73.11,72.05,24.68,261.73,3
04-01-2024 12:45,4,630,86,21.38,40.05,150.01,189.35,5
04-01-2024 12:46,3,185,471,50.46,39.33,170.57,177.11,1
04-01-2024 12:47,10,145,477,37.05,64.71,81,153.22,1
04-01-2024 12:48,8,168,22,93.12,85.02,101.1,703.32,4
04-01-2024 12:49,2,423,331,93.13,47.91,240.08,86.99,3
04-01-2024 12:50,3,323,292,37.16,41.47,261.42,342.41,3
04-01-2024 12:51,3,919,236,39.93,82.1,100.94,31.49,1
04-01-2024 12:52,10,927,29,60.95,66.23,109.94,248.85,5
04-01-2024 12:53,1,899,183,50.74,44.12,249.95,571.41,4
04-01-2024 12:54,6,226,426,28.11,19.3,292.28,178.21,4
04-01-2024 12:55,2,922,160,66.14,69.11,99.57,799.01,3
04-01-2024 12:56,1,798,398,38.4,41.47,237.67,57.67,4
04-01-2024 12:57,2,833,18,65.57,20.29,146.51,126.46,2
04-01-2024 12:58,6,326,38,42.61,60.92,82.8,633.77,3
04-01-2024 12:59,4,187,101,69.52,39.23,206.13,781.28,1
04-01-2024 13:00,6,923,290,66.76,40.38,141.45,764.13,4
04-01-2024 13:01,9,181,377,53.25,50.94,84.11,642.62,3
04-01-2024 13:02,10,93,173,69.9,68.81,36.63,778.93,5
04-01-2024 13:03,10,172,343,49.18,35.72,260.75,675.82,5
04-01-2024 13:04,8,185,416,19.87,21.07,264.21,65.26,2
04-01-2024 13:05,1,416,366,25.48,46.83,27.11,679.59,1
04-01-2024 13:06,8,422,67,30.91,19.12,200.7,397.35,5
04-01-2024 13:07,9,175,191,15.37,67.3,52.96,376.27,3
04-01-2024 13:08,6,488,439,70.47,86.94,195.66,21.97,4
04-01-2024 13:09,10,836,43,41.23,64.41,272.75,503.8,5
04-01-2024 13:10,5,625,123,17.95,35.65,81.76,543.85,5
04-01-2024 13:11,6,857,278,79.7,28.63,107.64,636.76,2
04-01-2024 13:12,6,793,343,68.11,32.46,239.56,274.24,4
04-01-2024 13:13,9,100,196,48.44,31.62,221.94,119.94,4
04-01-2024 13:14,4,186,333,31.03,38.54,125.55,363.08,5
04-01-2024 13:15,2,207,125,22.9,22.3,255.32,302.58,4
04-01-2024 13:16,9,105,96,48.96,82.18,276.57,607.44,1
04-01-2024 13:17,2,642,378,85.25,81.38,138.53,198.96,1
04-01-2024 13:18,10,793,157,26.01,61.14,16.64,127.77,5
04-01-2024 13:19,9,477,40,58.34,19.64,155.28,363.34,5
04-01-2024 13:20,2,492,360,91.74,75.3,223.21,509.83,1
04-01-2024 13:21,8,960,173,64.15,19.63,69.91,239.18,4
04-01-2024 13:22,9,375,375,47.4,22.98,34.33,109.26,2
04-01-2024 13:23,10,689,394,70.89,39.4,89.14,362.51,2
04-01-2024 13:24,9,687,461,80.09,47.36,8.42,770.26,2
04-01-2024 13:25,10,878,173,60.19,41.54,216.06,774.51,4
04-01-2024 13:26,9,129,120,84.11,27.39,48.09,572.77,2
04-01-2024 13:27,2,523,273,53.74,23.41,218.48,626.18,1
04-01-2024 13:28,4,426,358,80.55,79.46,74.19,178.74,4
04-01-2024 13:29,7,918,386,90.92,42.24,297.66,312.23,1
04-01-2024 13:30,2,968,401,52.61,31.39,161.88,491.71,4
04-01-2024 13:31,1,382,364,61.43,51.52,17.19,605.32,2
04-01-2024 13:32,3,224,346,61.8,17.76,232.94,149.97,2
04-01-2024 13:33,4,706,375,76.42,60.02,125.98,376.95,5
04-01-2024 13:34,8,490,422,79.95,33.64,184.16,146.95,3
04-01-2024 13:35,6,175,421,12.31,59.86,285.61,514.02,1
04-01-2024 13:36,2,743,319,72.34,61.06,157.59,622.29,2
04-01-2024 13:37,9,268,261,76.62,75.69,242.29,669.98,4
04-01-2024 13:38,2,997,281,69.54,32.24,94.32,591.24,5
04-01-2024 13:39,5,327,329,70.66,49.76,215.78,144.13,1
04-01-2024 13:40,4,534,124,13.52,87.14,34.3,666.16,2
04-01-2024 13:41,7,644,476,47.57,69.53,268.54,280.84,5
04-01-2024 13:42,8,984,278,79.55,88.15,63.93,671.9,2
04-01-2024 13:43,5,190,93,89.39,84.55,94.07,215.7,2
04-01-2024 13:44,10,895,447,29.5,60.81,287.67,391.05,2
04-01-2024 13:45,5,656,35,59.23,34.79,50.79,469.73,5
04-01-2024 13:46,2,926,311,78.37,71.77,80.05,47.08,3
04-01-2024 13:47,8,755,128,73.95,67.36,176.15,724.88,2
04-01-2024 13:48,2,159,20,62.61,59.17,294.3,419,1
04-01-2024 13:49,10,101,261,11.59,67.34,208.97,169.79,5
04-01-2024 13:50,6,664,167,71.53,61.02,38.69,145.43,2
04-01-2024 13:51,8,662,319,75.73,53.95,225.69,555.51,5
04-01-2024 13:52,6,703,236,71.44,46.2,130.73,83.75,1
04-01-2024 13:53,4,762,32,75.09,18.35,297.74,363.06,1
04-01-2024 13:54,4,368,231,46.63,79.93,190.47,441.42,4
04-01-2024 13:55,6,248,191,94.47,79.92,161.93,201.84,4
04-01-2024 13:56,4,845,330,75.52,59.55,169.39,120.78,3
04-01-2024 13:57,8,778,424,59.19,35.09,194.26,402.75,4
04-01-2024 13:58,9,95,145,89.41,17.11,220.89,285.46,5
04-01-2024 13:59,1,554,101,87.2,15.11,28.1,129.39,4
04-01-2024 14:00,4,589,79,79.24,20.47,43.55,184.09,5
04-01-2024 14:01,4,563,457,57.91,41.99,93.64,387.33,5
04-01-2024 14:02,2,944,160,54.8,29.13,146,123.78,3
04-01-2024 14:03,6,66,255,37.94,34.88,96.76,750.17,5
04-01-2024 14:04,3,364,279,31.32,67.47,68.08,624.86,4
04-01-2024 14:05,7,485,459,53.55,86.94,277.88,273.94,4
04-01-2024 14:06,5,437,188,59.11,30.51,14.62,221.52,2
04-01-2024 14:07,4,126,461,30.78,49.92,281.92,701.95,3
04-01-2024 14:08,5,948,210,88.42,89.36,272.64,353,1
04-01-2024 14:09,8,420,241,57.37,84.88,206.72,692.92,1
04-01-2024 14:10,3,214,56,54.75,41.42,14.6,599.12,2
04-01-2024 14:11,7,658,137,47.03,38.98,71.48,91.85,4
04-01-2024 14:12,6,666,106,14.94,33.16,293.83,654.61,3
04-01-2024 14:13,1,73,69,85,26.66,272.26,441.11,4
04-01-2024 14:14,7,761,190,36.94,49.5,289.55,548.53,2
04-01-2024 14:15,7,84,192,64.61,40.58,298.86,190.82,1
04-01-2024 14:16,1,563,491,61.63,70.86,23.85,20.21,3
04-01-2024 14:17,9,850,278,59.68,32.76,173.4,280.28,4
04-01-2024 14:18,6,893,32,54.69,70.22,251.07,168.69,5
04-01-2024 14:19,2,903,175,25.42,36.61,99.31,359.47,5
04-01-2024 14:20,5,510,258,33.85,59.45,133.49,90.9,5
04-01-2024 14:21,4,187,123,54.56,62.88,88.7,718.14,1
04-01-2024 14:22,7,898,85,77.09,65.38,16.23,112.6,5
04-01-2024 14:23,8,623,476,46.72,28.15,26.45,616.06,5
04-01-2024 14:24,1,860,436,27.33,36.2,11.33,752.67,2
04-01-2024 14:25,5,758,216,17.48,33.46,160.54,135.62,2
04-01-2024 14:26,3,938,216,66.36,58.21,187.43,290.25,2
04-01-2024 14:27,1,620,14,45.98,20.68,95.77,590.23,4
04-01-2024 14:28,3,314,37,20.66,53.87,248.71,577.28,5
04-01-2024 14:29,6,382,27,67.33,21.56,266.96,49.17,1
04-01-2024 14:30,7,237,152,27.64,40.28,46.23,75.14,5
04-01-2024 14:31,8,112,64,53.27,66.5,20.32,113.71,5
04-01-2024 14:32,4,869,70,36.03,45.94,99.22,463.06,4
04-01-2024 14:33,3,328,154,89.19,36.03,215.33,62.93,2
04-01-2024 14:34,5,591,438,29.4,61.19,154.69,478.96,5
04-01-2024 14:35,9,220,253,45.69,70.52,148.99,287.12,3
04-01-2024 14:36,6,552,271,91.56,34.09,49.96,542.14,3
04-01-2024 14:37,9,582,29,37.09,37.45,108.68,629.99,2
04-01-2024 14:38,6,348,484,64.79,63.02,287.87,637.29,2
04-01-2024 14:39,2,250,74,36.92,87.39,105.47,49.36,5
04-01-2024 14:40,5,184,284,19.41,31.04,179.47,758.81,3
04-01-2024 14:41,9,321,59,63.34,64.07,22.21,477.58,1
04-01-2024 14:42,8,584,243,87.86,82.99,23.84,718.65,1
04-01-2024 14:43,7,491,329,48.47,49.65,130.15,499.81,3
04-01-2024 14:44,1,136,149,63.23,38.76,183.21,397.61,2
04-01-2024 14:45,4,80,10,61.76,65.02,114.84,589.19,4
04-01-2024 14:46,7,170,132,45.28,17.36,57.81,191.15,4
04-01-2024 14:47,7,118,62,62.27,42.01,222.11,100.52,1
04-01-2024 14:48,6,695,388,32.04,34.35,46.31,90.59,2
04-01-2024 14:49,8,932,383,42.13,31.85,202.06,682.33,5
04-01-2024 14:50,6,876,262,47.6,28.48,287.24,731.71,3
04-01-2024 14:51,10,545,218,83.44,70.28,143.81,655.24,1
04-01-2024 14:52,3,973,232,39.61,86.63,64.13,725.46,4
04-01-2024 14:53,4,195,336,63.99,43.86,253.38,788.13,4
04-01-2024 14:54,3,382,72,28.14,18.68,154.12,430.33,5
04-01-2024 14:55,1,530,476,31.47,68.92,277.35,140.03,5
04-01-2024 14:56,10,955,16,65.12,55.37,217.57,494.18,4
04-01-2024 14:57,5,312,38,74.8,69.27,132.03,296.04,2
04-01-2024 14:58,1,342,177,49.28,63.59,187.13,290.23,4
04-01-2024 14:59,1,478,445,38.48,82.91,55.14,587.69,3
04-01-2024 15:00,2,135,321,87.37,25.53,119.23,90.71,2
04-01-2024 15:01,4,65,382,21.54,27.69,180.19,49.27,5
04-01-2024 15:02,6,777,83,71.26,40.62,179.06,562.31,5
04-01-2024 15:03,8,677,434,68.66,51.85,178.23,223.37,5
04-01-2024 15:04,3,167,17,68.67,84.43,224.34,320.69,3
04-01-2024 15:05,1,319,369,89.51,83.02,36.17,259.95,5
04-01-2024 15:06,3,444,156,71.9,80.39,26.73,499.58,2
04-01-2024 15:07,3,904,172,35.63,31.69,48.67,140.52,5
04-01-2024 15:08,5,211,396,40.04,69.73,238.76,582.06,5
04-01-2024 15:09,4,749,70,43.24,43.76,24.13,741.44,4
04-01-2024 15:10,4,153,71,12.62,84.84,71.44,672.16,4
04-01-2024 15:11,9,702,255,87.65,31.09,80.16,727.49,3
04-01-2024 15:12,7,216,456,16.25,25.59,195.94,750.92,2
04-01-2024 15:13,4,349,131,69.48,78.18,123.48,310.42,2
04-01-2024 15:14,3,77,49,72.06,68.77,63.7,640.68,4
04-01-2024 15:15,6,473,21,81.72,76.61,137.61,405.96,2
04-01-2024 15:16,3,833,392,57.04,26.85,207.21,230.42,5
04-01-2024 15:17,6,611,320,71.65,81.36,236.89,602.57,3
04-01-2024 15:18,9,932,220,35.73,65.82,41.55,210.42,4
04-01-2024 15:19,6,205,187,73.37,63.87,215.84,105.5,5
04-01-2024 15:20,4,373,414,39.19,58.69,6.33,569.6,4
04-01-2024 15:21,5,397,32,86.74,72.37,218.68,244.29,4
04-01-2024 15:22,6,170,203,23.89,46.17,200,258.62,3
04-01-2024 15:23,3,701,276,36.84,24.96,143.26,707.28,3
04-01-2024 15:24,8,577,242,52.4,55.44,45.38,125.72,4
04-01-2024 15:25,4,870,16,75.95,71.11,230.54,616.58,5
04-01-2024 15:26,8,999,409,73.65,26.52,26.17,321.25,1
04-01-2024 15:27,10,610,316,27.91,31.8,269.19,716.55,5
04-01-2024 15:28,10,213,173,22.26,67.24,233.17,363.47,2
04-01-2024 15:29,3,111,137,35.84,35.22,223.58,339.04,4
04-01-2024 15:30,10,389,179,51.12,27.75,227.55,355.3,4
04-01-2024 15:31,7,715,359,55.82,81.7,24.93,673.4,3
04-01-2024 15:32,9,361,61,46.48,27.07,297.03,28.2,2
04-01-2024 15:33,4,425,497,66.36,40.81,258.29,569.79,1
04-01-2024 15:34,8,395,424,46.34,47.13,154.84,180.09,1
04-01-2024 15:35,3,199,104,90.44,50.71,217.22,708.06,3
04-01-2024 15:36,7,937,317,32.18,42.1,223.08,313.22,1
04-01-2024 15:37,3,634,195,63.33,83.44,249.79,284.39,4
04-01-2024 15:38,7,630,256,61.97,64.4,80.34,575.85,1
04-01-2024 15:39,10,226,464,33.93,41.96,114.76,583.51,1
04-01-2024 15:40,10,403,76,44.99,41.83,240.91,514.29,5
04-01-2024 15:41,6,563,271,41.07,52.72,231.85,277.25,1
04-01-2024 15:42,2,358,181,24.66,17.52,159.17,496.08,5
04-01-2024 15:43,3,168,132,50.57,84.5,121.88,62.33,2
04-01-2024 15:44,6,568,151,42.87,31.75,290.69,765.04,5
04-01-2024 15:45,4,816,155,25.16,67.32,127.43,373.12,2
04-01-2024 15:46,6,965,359,48.24,73.33,230.38,257.49,3
04-01-2024 15:47,1,527,235,45.86,77.05,126.73,691.41,4
04-01-2024 15:48,10,463,248,21.17,27.42,96.4,272.85,3
04-01-2024 15:49,1,636,165,21.15,55.25,194.09,797.8,3
04-01-2024 15:50,3,400,205,65.04,21.28,243.25,558.67,3
04-01-2024 15:51,8,555,427,70.06,75.36,294.51,526.67,2
04-01-2024 15:52,8,244,165,90,51.48,48.93,138.45,1
04-01-2024 15:53,4,236,488,17.4,26.89,263.45,495.69,5
04-01-2024 15:54,6,499,213,20.02,68.9,159.62,141,3
04-01-2024 15:55,8,545,413,14.4,39.84,36.78,631.21,3
04-01-2024 15:56,7,564,254,55.24,23.59,239.34,127.95,1
04-01-2024 15:57,7,745,157,62.93,49.58,102.81,299.89,3
04-01-2024 15:58,4,896,177,44.3,32.64,261.13,391.85,2
04-01-2024 15:59,9,322,75,77.82,86.27,51.55,648.05,2
04-01-2024 16:00,10,929,435,68.37,42.1,214.77,513.55,1
04-01-2024 16:01,6,101,178,93.8,57.93,93.73,603.41,2
04-01-2024 16:02,3,312,284,21.72,86.13,80.92,210.3,3
04-01-2024 16:03,5,417,330,14.96,44.53,19.83,205.07,3
04-01-2024 16:04,5,182,133,33.36,41.86,147.16,316.88,4
04-01-2024 16:05,5,274,125,11.62,27.18,120.49,34.57,4
04-01-2024 16:06,8,359,312,89.27,85.37,23.2,667.95,1
04-01-2024 16:07,9,622,320,35.84,75.06,71.86,308.58,3
04-01-2024 16:08,9,926,127,56.96,31.58,148.75,72.69,3
04-01-2024 16:09,6,65,377,37.04,39.95,243.44,700.33,5
04-01-2024 16:10,6,790,345,30.89,83.62,279.19,774.9,2
04-01-2024 16:11,9,244,225,22.95,55.3,157.02,524.34,1
04-01-2024 16:12,4,812,17,37.23,56.73,123.98,298.14,1
04-01-2024 16:13,6,492,497,62.31,63.61,286.65,342.73,2
04-01-2024 16:14,4,352,481,92.59,72.16,289.04,219.8,5
04-01-2024 16:15,1,97,473,57.44,85.45,61.17,574.79,4
04-01-2024 16:16,7,796,353,55.28,75.17,161.78,297.74,5
04-01-2024 16:17,10,170,311,13,85.09,247.17,45.34,4
04-01-2024 16:18,6,548,246,81.41,76.55,247.57,56.01,4
04-01-2024 16:19,9,881,137,13.81,18.48,207.07,499.5,5
04-01-2024 16:20,7,611,475,87.03,23.82,144.08,246.5,1
04-01-2024 16:21,7,518,217,55.79,81.37,124.08,151.5,3
04-01-2024 16:22,2,90,196,24.32,17.08,242.89,450.84,1
04-01-2024 16:23,9,505,201,48.4,74.56,71.59,237.18,3
04-01-2024 16:24,10,583,366,94.57,78.74,131.39,77.2,1
04-01-2024 16:25,9,420,207,35.93,46.16,172.23,170.99,5
04-01-2024 16:26,6,231,16,32.9,41.61,250.38,626.77,5
04-01-2024 16:27,3,566,400,20.03,29.58,115.29,684.57,5
04-01-2024 16:28,1,706,13,60.76,18.67,166.85,700.28,3
04-01-2024 16:29,4,918,78,17.58,70.9,87.35,437.17,1
04-01-2024 16:30,3,639,214,75.11,20.53,251.89,761.74,4
04-01-2024 16:31,1,280,341,88.13,85.85,236.73,138.3,1
04-01-2024 16:32,3,858,329,89.21,37.26,246.93,549.12,1
04-01-2024 16:33,4,397,447,19.17,74.57,21.96,569.32,2
04-01-2024 16:34,8,528,119,57.45,19.48,148.63,61.48,1
04-01-2024 16:35,9,258,425,18.25,55.22,45.07,240.31,4
04-01-2024 16:36,3,724,181,58.62,41.18,203.76,760.26,1
04-01-2024 16:37,6,729,324,79.27,17.25,96.86,612.04,2
04-01-2024 16:38,10,327,330,55.71,64.18,233.5,62.66,2
04-01-2024 16:39,5,798,355,84.12,85.74,24.22,441.82,4
04-01-2024 16:40,6,737,373,78.14,15.81,156.41,525.93,1
04-01-2024 16:41,4,102,137,33.51,35.28,41.48,779.01,5
04-01-2024 16:42,10,910,179,63.56,67.77,169.58,578.82,5
04-01-2024 16:43,6,59,432,10.63,80.34,184.17,518.15,2
04-01-2024 16:44,7,707,208,43.66,29.31,141.33,728.65,4
04-01-2024 16:45,9,788,433,30.23,20.3,87.5,535.53,5
04-01-2024 16:46,10,797,402,89.65,15.65,14.54,747.06,2
04-01-2024 16:47,7,513,394,44.46,31.14,200.32,404.37,2
04-01-2024 16:48,6,803,469,65.6,20.35,261.78,580.48,1
04-01-2024 16:49,1,866,371,72.22,41.95,221.43,512.77,4
04-01-2024 16:50,2,632,54,75.72,48.01,268.44,450.97,5
04-01-2024 16:51,1,207,79,72.54,50.99,279.2,272.79,1
04-01-2024 16:52,9,68,271,34.58,25.67,137.62,724.95,3
04-01-2024 16:53,10,104,395,68.32,49.8,210.91,230.63,4
04-01-2024 16:54,10,776,424,56.67,15.68,122.23,144.32,2
04-01-2024 16:55,9,770,118,60.78,32.96,276.27,575.4,1
04-01-2024 16:56,7,70,368,10.07,42.68,171.08,446.31,5
04-01-2024 16:57,2,331,106,31.95,23.88,226.97,225.03,2
04-01-2024 16:58,6,810,105,89.11,76.05,9.28,698.84,2
04-01-2024 16:59,4,589,303,34.66,30.09,174.79,243.24,5
04-01-2024 17:00,1,984,118,47.23,71.62,223.89,69.75,3
04-01-2024 17:01,1,466,382,25.87,50.54,80.82,31.99,4
04-01-2024 17:02,5,857,229,21.78,50.98,9.24,739.83,4
04-01-2024 17:03,2,772,148,27.74,63.39,224.37,333.7,2
04-01-2024 17:04,4,334,354,57.06,18.32,104.74,186.52,1
04-01-2024 17:05,1,581,150,88.12,20.91,131.49,462.34,3
04-01-2024 17:06,4,581,304,37.73,39.51,170.81,400.55,3
04-01-2024 17:07,6,560,256,37.49,46.26,37.52,799.88,2
04-01-2024 17:08,10,891,82,57.95,47.25,35.55,713.03,1
04-01-2024 17:09,4,445,16,40.32,65.77,288.46,231.46,5
04-01-2024 17:10,1,169,389,87.39,15.05,104.97,564.21,5
04-01-2024 17:11,7,146,193,42.12,86.93,80.38,322,2
04-01-2024 17:12,2,169,211,51.69,28.09,19.08,304.26,1
04-01-2024 17:13,9,586,74,55.34,33.65,56.31,306.34,3
04-01-2024 17:14,3,202,277,76.48,82.92,132.11,518.62,3
04-01-2024 17:15,8,294,61,57.93,15.41,105.91,439.63,3
04-01-2024 17:16,8,821,461,30.33,89.35,130.25,608.94,4
04-01-2024 17:17,3,565,439,20.54,17.7,212.65,139.33,3
04-01-2024 17:18,4,442,24,89.71,24.04,194.33,351.83,5
04-01-2024 17:19,2,192,23,78.13,33.01,150.48,691.05,1
04-01-2024 17:20,4,553,343,11.95,47.9,245.37,22.47,3
04-01-2024 17:21,9,843,395,79.83,53.88,257.91,506.32,2
04-01-2024 17:22,2,896,431,60.2,22.85,179.29,632.87,2
04-01-2024 17:23,3,907,258,54.11,20.53,39.68,319.41,5
04-01-2024 17:24,4,269,198,11.04,17.39,124.82,709.22,3
04-01-2024 17:25,5,888,53,76.37,34.26,192.17,593.84,5
04-01-2024 17:26,1,209,139,26.84,84.11,23.54,492.72,5
04-01-2024 17:27,7,125,271,71.88,44.24,10.87,174.69,5
04-01-2024 17:28,10,660,201,11.35,72.3,284.76,542.68,4
04-01-2024 17:29,7,741,396,77.69,29.26,220.37,670.34,3
04-01-2024 17:30,9,688,378,11.96,19.85,50.17,589.33,2
04-01-2024 17:31,4,81,379,30.05,56.57,136.31,468.39,4
04-01-2024 17:32,6,826,164,32.8,76.66,62.1,577.37,5
04-01-2024 17:33,2,383,92,23.39,82.38,8.03,781.97,2
04-01-2024 17:34,4,574,23,50.89,55.97,120.55,28.43,5
04-01-2024 17:35,2,489,411,34.11,37.05,196.27,537.86,4
04-01-2024 17:36,10,941,88,94.43,23.21,286.47,638.53,1
04-01-2024 17:37,5,989,398,59.3,65.09,232.1,518.34,5
04-01-2024 17:38,7,401,182,58.15,36.03,72.89,233.01,5
04-01-2024 17:39,1,388,355,28.77,78.3,104.18,661.75,2
04-01-2024 17:40,10,975,283,44.74,60.38,158.57,732.37,2
04-01-2024 17:41,10,449,21,20.54,79.42,61.43,553.13,5
04-01-2024 17:42,7,445,49,74.81,57.5,250.72,418.6,3
04-01-2024 17:43,10,251,190,38.15,72.88,54.55,305.73,2
04-01-2024 17:44,6,579,205,73.92,37.07,90.54,277.44,1
04-01-2024 17:45,6,958,456,41.59,52.73,175.39,584.12,1
04-01-2024 17:46,8,142,44,94.04,16.46,41.35,493.56,5
04-01-2024 17:47,8,841,492,24.55,60.59,189.26,142.34,2
04-01-2024 17:48,6,407,300,10.13,55.03,283.55,130.06,1
04-01-2024 17:49,3,445,128,60.56,71.65,209,75.46,4
04-01-2024 17:50,5,877,482,91,69.67,244.77,553.14,1
04-01-2024 17:51,2,109,189,65,62.07,134.36,265.2,2
04-01-2024 17:52,5,526,170,17.29,19.25,112.77,35.79,5
04-01-2024 17:53,9,775,279,55.94,82.73,101.94,283.4,1
04-01-2024 17:54,10,661,201,87.31,16.35,199.84,669.05,5
04-01-2024 17:55,1,50,385,10.55,75.25,157.97,213.18,4
04-01-2024 17:56,10,604,125,24.19,50.95,144.33,514.17,1
04-01-2024 17:57,5,360,292,79.24,76.35,34.72,362.94,5
04-01-2024 17:58,6,217,311,85.98,49.88,203.65,448.14,1
04-01-2024 17:59,7,241,366,70.11,63.52,218.99,484.7,1
04-01-2024 18:00,9,83,16,94.28,42.24,62.88,374.75,2
04-01-2024 18:01,6,83,345,17.67,70.78,229.11,65.13,2
04-01-2024 18:02,5,737,274,56.38,34.06,264.42,462.8,3
04-01-2024 18:03,7,466,482,68.22,68.95,56.51,330.07,2
04-01-2024 18:04,1,757,294,69.72,29.5,138.35,175.91,2
04-01-2024 18:05,5,207,451,77.45,69.16,263.47,719.28,3
04-01-2024 18:06,2,806,20,88,37.03,148.75,594.13,3
04-01-2024 18:07,4,549,19,40.74,35.9,245.5,241.57,1
04-01-2024 18:08,7,415,13,13.65,75.86,68.65,440.39,1
04-01-2024 18:09,5,389,17,40.81,76.03,23.86,771.23,1
04-01-2024 18:10,6,907,206,67.09,66.86,22.54,211.46,2
04-01-2024 18:11,2,384,30,28.14,84.29,291.85,758.96,5
04-01-2024 18:12,3,632,470,78.85,26.71,53.59,553.02,5
04-01-2024 18:13,7,376,299,28.68,35.2,260.14,441.85,2
04-01-2024 18:14,2,163,304,10.86,37.05,98.14,786.9,4
04-01-2024 18:15,6,846,43,53.19,37.9,16.83,280.29,1
04-01-2024 18:16,5,968,93,71.75,39.6,76.09,237.02,2
04-01-2024 18:17,10,467,370,39.72,67.28,154.12,284.88,4
04-01-2024 18:18,1,517,66,73.66,35.31,36.5,605.67,1
04-01-2024 18:19,10,192,119,47.26,36.44,277.04,282.87,3
04-01-2024 18:20,4,658,309,24.6,57.78,270.47,100.15,2
04-01-2024 18:21,2,358,72,17.7,29.5,49,522.56,4
04-01-2024 18:22,4,450,334,70.4,42.37,222.45,193.93,5
04-01-2024 18:23,1,369,162,42.79,19.35,140.91,23.25,2
04-01-2024 18:24,2,261,461,87.59,86.44,294.73,175.34,5
04-01-2024 18:25,8,366,330,55.92,38.8,21.34,658.93,4
04-01-2024 18:26,6,234,328,39.62,78.75,143.96,753.39,2
04-01-2024 18:27,2,254,455,39.66,54.75,89.21,536.32,2
04-01-2024 18:28,6,413,269,21.17,32.12,219.28,262.18,2
04-01-2024 18:29,10,265,218,60.47,29.51,37.78,360.47,2
04-01-2024 18:30,9,295,254,59.48,67.12,190.29,171.75,3
04-01-2024 18:31,7,288,440,78,87.37,284.68,707.01,2
04-01-2024 18:32,9,854,59,27.1,28.73,138.89,539.15,4
04-01-2024 18:33,5,440,32,34.72,23.66,139,85.84,4
04-01-2024 18:34,7,569,339,18.27,44.03,151.23,306.21,3
04-01-2024 18:35,7,639,120,35.1,44.54,127.63,439.66,2
04-01-2024 18:36,3,885,463,46.39,75.47,137.01,641.92,2
04-01-2024 18:37,7,326,310,91.94,50.17,141.66,737.99,1
04-01-2024 18:38,1,251,2,65.51,19.68,299.43,123.49,1
04-01-2024 18:39,9,263,118,76.54,84.05,39.35,670.95,5
04-01-2024 18:40,10,655,37,37.67,42.99,89.17,71.31,3
04-01-2024 18:41,6,527,467,22.28,65.14,67.18,207.58,1
04-01-2024 18:42,5,557,97,31.82,65.06,165.54,36.39,4
04-01-2024 18:43,7,124,359,31.8,19.23,5.83,69.79,4
04-01-2024 18:44,5,718,370,59.56,15.27,276.72,45.29,4
04-01-2024 18:45,10,714,417,39.03,21.6,161.68,133.89,3
04-01-2024 18:46,5,191,257,82.88,86.74,269.34,703.69,4
04-01-2024 18:47,10,639,128,94.03,74.55,106.76,241.38,1
04-01-2024 18:48,7,371,359,39.18,24.9,49.23,394.18,1
04-01-2024 18:49,10,743,156,69.93,61.12,61.73,399.95,5
04-01-2024 18:50,7,510,145,65.89,60.9,143.87,796.31,5
04-01-2024 18:51,3,756,57,26.53,15.04,16.88,304.44,3
04-01-2024 18:52,3,719,70,88.03,47.18,235.63,226.78,5
04-01-2024 18:53,10,195,436,26.95,68.38,238.24,771.33,3
04-01-2024 18:54,3,103,44,72.64,29.01,212.08,482.17,2
04-01-2024 18:55,6,405,212,39.55,78.82,269.42,245.8,5
04-01-2024 18:56,6,326,175,41.2,64.52,167.1,244.24,3
04-01-2024 18:57,3,870,141,48.71,15.52,146.4,87.36,1
04-01-2024 18:58,3,644,76,83.48,79.12,161.11,454.36,5
04-01-2024 18:59,8,449,158,21.92,16.46,58.68,584.48,5
04-01-2024 19:00,8,717,85,14.64,81.59,156.13,390.28,3
04-01-2024 19:01,7,565,322,44.17,40.03,164.82,709.86,2
04-01-2024 19:02,10,548,309,14.72,67.4,230.55,397.49,5
04-01-2024 19:03,4,360,18,68.45,74.06,107.64,290.16,3
04-01-2024 19:04,4,320,284,74.63,36.1,32.21,215.61,2
04-01-2024 19:05,3,625,388,82.65,41.73,181.25,209.77,3
04-01-2024 19:06,5,498,42,73.23,53.22,237.45,266.88,2
04-01-2024 19:07,3,161,491,87.89,58.7,291.02,793.74,4
04-01-2024 19:08,8,288,382,73.61,36.9,31.63,301.44,5
04-01-2024 19:09,7,193,373,89.57,89.43,225.17,429.19,4
04-01-2024 19:10,3,423,134,26.41,70.28,180.77,234.25,3
04-01-2024 19:11,9,69,102,52.49,35.56,9.52,131.96,4
04-01-2024 19:12,5,625,137,94.48,63.03,216.88,523.75,2
04-01-2024 19:13,9,338,404,67.93,47.65,12.73,445.27,1
04-01-2024 19:14,7,642,493,84.68,79.52,236.65,72.9,4
04-01-2024 19:15,7,246,222,12.58,39.67,217.79,708.57,3
04-01-2024 19:16,6,431,229,84.1,29.09,207.94,416.01,5
04-01-2024 19:17,2,630,294,69.31,18.46,40.4,281.55,4
04-01-2024 19:18,9,747,452,24.51,88.82,276.11,627.9,4
04-01-2024 19:19,6,728,486,12.18,41.94,270.18,107.43,1
04-01-2024 19:20,8,766,306,32.09,31.54,270.58,389.55,3
04-01-2024 19:21,1,541,316,87.84,51.88,111.31,448.04,4
04-01-2024 19:22,5,213,397,66.79,36.87,150.19,624.6,5
04-01-2024 19:23,1,655,119,88.15,32.47,38.89,308.79,2
04-01-2024 19:24,10,298,99,47.92,61.23,20.07,686.87,5
04-01-2024 19:25,8,117,350,89.61,20.61,22.34,564.18,4
04-01-2024 19:26,8,904,426,49.35,53.17,172.79,621.44,4
04-01-2024 19:27,1,70,324,27.36,44.06,99.81,775.88,1
04-01-2024 19:28,9,880,409,22.87,54.94,175.97,678.91,3
04-01-2024 19:29,2,561,159,94.47,39.03,179.84,290.49,1
04-01-2024 19:30,9,646,239,38.38,57.77,272.58,523.73,5
04-01-2024 19:31,1,439,396,23.6,21.14,265.27,697.52,3
04-01-2024 19:32,10,585,320,10.71,43.21,216.98,429.59,1
04-01-2024 19:33,9,160,335,34.27,32.81,246.46,552.58,4
04-01-2024 19:34,4,998,189,85.57,47.86,5.93,154.36,3
04-01-2024 19:35,9,912,309,55.39,44.88,9.58,656.41,2
04-01-2024 19:36,7,644,249,63.76,62.34,140.28,610.82,2
04-01-2024 19:37,6,919,26,88.4,62.16,197.84,713.34,5
04-01-2024 19:38,5,509,189,53.59,46,239.25,573.92,1
04-01-2024 19:39,9,127,394,81.25,28.62,136.94,703.98,5
04-01-2024 19:40,2,483,140,37.53,58.64,282.35,146.53,2
04-01-2024 19:41,2,429,406,93.05,87.49,245.42,654.64,4
04-01-2024 19:42,9,701,488,16.7,28.91,35.31,763.31,4
04-01-2024 19:43,3,489,181,71.61,20.18,134.85,656.1,4
04-01-2024 19:44,8,937,21,66.15,34.84,298.49,499.88,4
04-01-2024 19:45,9,832,163,26.29,45.97,125.93,742.67,4
04-01-2024 19:46,8,388,71,43.05,37.96,118.95,93.7,2
04-01-2024 19:47,4,473,82,36.59,77.6,91.75,33.15,3
04-01-2024 19:48,1,218,155,18.03,51.98,148.51,772.95,4
04-01-2024 19:49,4,758,316,59.71,33.46,220.31,552.74,3
04-01-2024 19:50,9,311,355,94.46,86.26,19,109.05,4
04-01-2024 19:51,2,776,47,57.56,24.38,251.54,285.21,5
04-01-2024 19:52,3,628,194,56.35,24.22,275.69,604.07,1
04-01-2024 19:53,10,278,224,13.43,33.4,235.42,605.3,3
04-01-2024 19:54,8,210,399,21.83,20.76,275.11,152.59,1
04-01-2024 19:55,6,476,237,53.62,71.37,33,386.72,2
04-01-2024 19:56,8,171,280,93.74,38.46,137.78,649.7,5
04-01-2024 19:57,7,198,468,84.51,69.74,25.96,774.1,4
04-01-2024 19:58,5,901,10,38.92,72.21,251.87,505.6,4
04-01-2024 19:59,9,754,376,56.16,32.81,286,517.74,2
04-01-2024 20:00,4,792,472,56.98,53.88,92.84,386.09,3
04-01-2024 20:01,6,160,152,68.26,53.97,162.94,440.47,4
04-01-2024 20:02,2,706,344,68.46,80.35,92.81,97.17,3
04-01-2024 20:03,2,270,104,77.13,16.92,116.77,292.68,4
04-01-2024 20:04,2,953,496,12.12,38.76,145.58,415.69,3
04-01-2024 20:05,10,113,124,90.21,81.19,238.29,234.49,1
04-01-2024 20:06,7,687,185,15.96,32.76,48.36,300.67,3
04-01-2024 20:07,2,779,496,50.47,25.27,51.33,777.53,2
04-01-2024 20:08,2,845,290,88.16,58.21,64.55,24.06,4
04-01-2024 20:09,9,403,41,51.45,37.94,20.68,256.06,5
04-01-2024 20:10,7,523,424,15.41,50.05,194.82,475.48,3
04-01-2024 20:11,3,958,11,29.49,76.5,61.01,237.59,5
04-01-2024 20:12,3,797,218,59.19,54.05,134.07,547.64,3
04-01-2024 20:13,7,534,1,17.47,53.69,207.25,253.43,1
04-01-2024 20:14,5,62,414,46.01,35.86,137.44,517.8,5
04-01-2024 20:15,10,983,171,37.97,74.46,272.28,682.89,2
04-01-2024 20:16,6,202,338,79.29,70.49,231.9,533.74,5
04-01-2024 20:17,8,288,282,19.36,32.56,85.54,58.91,3
04-01-2024 20:18,9,239,53,68.04,39,43.47,640.27,2
04-01-2024 20:19,1,712,125,44.56,74.15,268.86,185.99,1
04-01-2024 20:20,3,135,175,59.96,41.83,122.09,515.14,5
04-01-2024 20:21,7,70,265,27.47,45.27,117.84,524.45,2
04-01-2024 20:22,6,743,265,61.82,42.33,243.95,646.91,5
04-01-2024 20:23,7,368,385,67.29,27.12,7.76,414.54,1
04-01-2024 20:24,8,207,199,15.97,40.57,138.08,313.25,1
04-01-2024 20:25,6,530,256,80.07,75.22,215.72,424.06,1
04-01-2024 20:26,3,928,172,83.21,51.83,255.36,445.69,1
04-01-2024 20:27,2,125,59,15.4,49.37,266.14,660.8,2
04-01-2024 20:28,7,378,440,61.27,26.73,142.38,179.96,2
04-01-2024 20:29,1,465,106,60.49,28.32,255.07,680.53,1
04-01-2024 20:30,3,252,435,11.06,18.22,15.55,305.25,3
04-01-2024 20:31,4,278,125,39.1,16.05,95.1,600.21,2
04-01-2024 20:32,1,201,16,92.36,51.6,8.1,281.86,1
04-01-2024 20:33,5,824,38,57.21,45.69,53.83,572.93,2
04-01-2024 20:34,10,121,395,89.32,35.65,218.8,643.36,5
04-01-2024 20:35,3,274,243,67.43,89.25,6.31,455.29,3
04-01-2024 20:36,2,522,409,12.41,44.85,159.3,503.24,1
04-01-2024 20:37,3,946,477,16.61,74.16,127.13,572.05,3
04-01-2024 20:38,8,692,467,71.39,30.79,41.25,556.97,2
04-01-2024 20:39,6,409,210,57.14,33.53,207.26,587.38,2
04-01-2024 20:40,7,589,495,20.81,57.63,209.47,682.75,5
04-01-2024 20:41,6,860,315,62.2,15.3,219.27,192,1
04-01-2024 20:42,6,658,285,78.87,16.31,230.77,187.49,1
04-01-2024 20:43,3,95,464,74,25.67,97.92,777.13,4
04-01-2024 20:44,8,50,494,30.92,31.73,298.27,684.03,5
04-01-2024 20:45,7,727,168,31.95,54.59,26.52,481.53,3
04-01-2024 20:46,7,294,264,92.27,66.47,196.07,26.38,1
04-01-2024 20:47,6,268,98,85.43,38.39,291.38,686.71,4
04-01-2024 20:48,5,663,134,37.06,32.93,71.17,606.25,3
04-01-2024 20:49,10,340,429,80.04,76.71,87.05,765.97,2
04-01-2024 20:50,8,507,365,23.75,27.21,174.91,30.27,2
04-01-2024 20:51,5,253,181,26.73,65.87,235.47,42.25,5
04-01-2024 20:52,9,251,222,25.4,84.85,102.04,423.61,2
04-01-2024 20:53,9,615,364,17.46,32.42,251.85,687.72,2
04-01-2024 20:54,1,531,482,82.65,21.52,76.11,793.23,4
04-01-2024 20:55,6,841,149,59.2,88.48,262.94,269.62,3
04-01-2024 20:56,7,560,244,32.01,35.31,79.62,48.36,3
04-01-2024 20:57,3,973,313,82.14,35.67,187.14,172.5,4
04-01-2024 20:58,7,327,76,78.22,51.28,110.55,704.07,3
04-01-2024 20:59,7,65,369,18.58,32.33,99.94,383.83,3
04-01-2024 21:00,2,574,262,64.75,89.47,109.43,685.58,5
04-01-2024 21:01,7,405,231,71.36,18.22,152.26,366.25,1
04-01-2024 21:02,1,405,191,70.85,48.86,254.29,61.64,3
04-01-2024 21:03,5,879,380,71.47,56.13,229,501.71,3
04-01-2024 21:04,9,988,134,24.4,50.02,137.56,359.83,3
04-01-2024 21:05,7,648,309,36.78,54.04,88.24,403.26,2
04-01-2024 21:06,7,127,252,81.76,89.07,257.02,760.2,4
04-01-2024 21:07,2,977,388,86.36,80.77,261.7,376.52,5
04-01-2024 21:08,8,116,245,33.73,38.13,138.83,641.29,2
04-01-2024 21:09,3,908,265,11.96,56.36,210.27,65.95,4
04-01-2024 21:10,8,772,325,83.08,15.02,113.93,393.65,5
04-01-2024 21:11,3,263,330,42.05,45.72,48.98,477.62,2
04-01-2024 21:12,10,746,367,38,27.29,99.84,108.32,5
04-01-2024 21:13,7,498,456,39.49,68.35,206.21,255.74,3
04-01-2024 21:14,2,482,343,45.33,31.58,231.98,596.88,2
04-01-2024 21:15,4,594,4,42.15,71.17,256.24,163.45,2
04-01-2024 21:16,6,164,442,58.15,38.49,10.23,120.19,1
04-01-2024 21:17,9,836,37,16.71,84.44,148.49,253.43,3
04-01-2024 21:18,5,469,71,92.58,48.41,85.81,689.99,3
04-01-2024 21:19,9,548,262,89.6,77.96,206.77,615.1,2
04-01-2024 21:20,5,759,237,89.42,62.11,77.37,625.91,2
04-01-2024 21:21,10,429,307,84.74,88.3,172.05,271.52,4
04-01-2024 21:22,8,192,490,66.13,70.7,215.03,97.17,1
04-01-2024 21:23,1,789,463,28.79,69.58,232.17,44.92,2
04-01-2024 21:24,7,681,355,14.21,34.86,84.49,477.23,5
04-01-2024 21:25,4,914,178,18.44,52.86,30.91,567.78,4
04-01-2024 21:26,5,73,96,37.54,36.76,69.52,314.76,2
04-01-2024 21:27,6,588,398,52.83,16.45,181.74,432.51,3
04-01-2024 21:28,5,994,227,94.43,68.29,16.93,237.62,1
04-01-2024 21:29,1,124,11,47.01,32.69,51.86,304.16,4
04-01-2024 21:30,9,802,266,54.59,44.8,298.67,589.26,5
04-01-2024 21:31,2,584,189,69.09,36.35,117.79,580.21,4
04-01-2024 21:32,9,722,209,25.36,29.97,151.48,41.91,1
04-01-2024 21:33,10,90,13,89.29,20.03,8.25,756.5,1
04-01-2024 21:34,2,799,377,54.97,40.34,179.61,229.83,4
04-01-2024 21:35,9,800,162,33.48,21.13,100.96,727.92,5
04-01-2024 21:36,6,617,60,89.48,55.52,161.41,419.28,4
04-01-2024 21:37,9,462,493,63.16,16.47,160.2,409.36,3
04-01-2024 21:38,6,464,435,51.11,85.5,290.4,371.48,4
04-01-2024 21:39,6,498,5,59.31,87.49,84.14,739.49,2
04-01-2024 21:40,2,659,496,73.61,37.85,173.28,182.32,2
04-01-2024 21:41,8,707,202,23.14,34.51,117.56,497.08,5
04-01-2024 21:42,3,823,416,83.51,22.83,129.49,267.87,2
04-01-2024 21:43,7,485,12,91.56,82.87,21.39,733.89,2
04-01-2024 21:44,5,601,436,58.19,59.01,208.09,152.09,4
04-01-2024 21:45,3,754,397,67.99,60.76,62.61,547.43,4
04-01-2024 21:46,1,288,341,83.09,82.19,143.2,348.97,1
04-01-2024 21:47,8,91,240,41.86,83.31,133.11,535.75,2
04-01-2024 21:48,3,783,438,94.39,77.13,143.1,142.93,2
04-01-2024 21:49,2,757,373,67.84,73.01,115.79,327.05,1
04-01-2024 21:50,1,849,378,46.04,80.79,76.5,103.66,1
04-01-2024 21:51,4,59,225,67.57,80.7,137.37,775.65,5
04-01-2024 21:52,8,796,182,54.34,42.65,18.63,186.91,1
04-01-2024 21:53,3,886,297,19.49,88,76.49,794.72,1
04-01-2024 21:54,1,314,304,77.65,68.18,236.53,346.43,2
04-01-2024 21:55,4,630,307,57.97,42.77,253.63,75.81,3
04-01-2024 21:56,9,494,431,77.65,48.15,216.02,33.71,5
04-01-2024 21:57,1,188,178,23.17,66.53,191.61,487.19,5
04-01-2024 21:58,2,916,118,55.76,42.08,244.32,499.49,4
04-01-2024 21:59,9,780,352,75.16,76.99,42.71,429.34,5
04-01-2024 22:00,2,245,76,94.01,26.1,159.95,71.79,1
04-01-2024 22:01,3,123,46,85.17,83.07,39.31,278.57,5
04-01-2024 22:02,7,664,227,83.47,37.59,234.47,300.08,5
04-01-2024 22:03,3,274,356,31.03,26.45,158.56,569.76,4
04-01-2024 22:04,9,684,294,81.23,79.35,243.96,346.71,4
04-01-2024 22:05,6,151,240,24.39,32.96,240.72,466.91,5
04-01-2024 22:06,3,313,348,26.84,78.25,142.53,243.34,2
04-01-2024 22:07,9,994,141,19.36,37.22,151.58,586.27,1
04-01-2024 22:08,1,969,204,82.9,85.04,13.34,56.48,1
04-01-2024 22:09,10,210,150,19.2,31.43,159.44,791.03,1
04-01-2024 22:10,3,282,492,21.74,20.22,204.85,520.36,4
04-01-2024 22:11,1,540,130,30.9,85.24,73.93,136.11,1
04-01-2024 22:12,2,836,349,58.68,27.42,296.03,579.64,2
04-01-2024 22:13,8,819,333,84.82,85.81,292.57,633.51,1
04-01-2024 22:14,7,360,483,45.55,76.8,88.44,635.1,4
04-01-2024 22:15,2,700,269,56.43,21.14,215.33,231.17,2
04-01-2024 22:16,2,276,313,24.15,48.39,13.85,767.74,5
04-01-2024 22:17,9,322,418,32.61,20.5,201.4,33.84,3
04-01-2024 22:18,6,987,403,21.38,39.73,189.08,316.27,2
04-01-2024 22:19,5,366,137,44.84,41.36,247.54,101.29,4
04-01-2024 22:20,10,948,116,60.18,59.97,94.79,320.19,2
04-01-2024 22:21,6,135,351,34.14,88.19,264.01,64.64,2
04-01-2024 22:22,9,340,161,81.91,27.73,258.1,523.08,4
04-01-2024 22:23,7,518,155,93.41,39.69,202.53,68.72,3
04-01-2024 22:24,10,778,173,20.21,59.03,144.34,500.36,5
04-01-2024 22:25,10,920,130,11.52,27.86,187.43,202.59,4
04-01-2024 22:26,9,627,79,77.13,68.3,220.34,159.74,5
04-01-2024 22:27,4,818,467,26.2,45.27,292.7,290.66,5
04-01-2024 22:28,2,696,57,40.02,86.22,40.91,519.95,1
04-01-2024 22:29,8,453,351,43.51,62.24,97.36,471,2
04-01-2024 22:30,4,476,57,87.91,42.23,235.31,550.77,3
04-01-2024 22:31,9,424,400,66,68.96,125.71,736.81,5
04-01-2024 22:32,4,951,363,13.45,77.91,203.38,178.58,5
04-01-2024 22:33,8,616,335,11.26,75.04,44.27,342.42,2
04-01-2024 22:34,9,917,134,26.96,34.71,214.2,227.34,1
04-01-2024 22:35,9,804,14,37.04,46.27,203.85,477.35,1
04-01-2024 22:36,10,301,283,51.18,48.91,177.82,241.05,3
04-01-2024 22:37,4,582,294,81.22,44.13,230.75,455.25,1
04-01-2024 22:38,1,356,147,36.76,38.31,264.63,662.07,3
04-01-2024 22:39,3,479,421,42.01,71.46,249.64,449.74,3
04-01-2024 22:40,9,724,127,37.99,15.92,42.63,673.74,5
04-01-2024 22:41,4,917,491,10.76,37.02,224.6,496.85,3
04-01-2024 22:42,5,313,260,91.19,25.62,137.68,698.83,4
04-01-2024 22:43,7,117,314,21.81,24.66,103.5,745.73,3
04-01-2024 22:44,5,156,218,34.45,35.77,264.5,416.09,3
04-01-2024 22:45,4,449,393,20.99,72.16,170.09,636.7,4
04-01-2024 22:46,2,628,233,51.7,87.71,152.86,385.68,2
04-01-2024 22:47,2,248,369,89.23,53.6,236.46,570.05,1
04-01-2024 22:48,4,241,168,18.56,40.42,168.23,49.26,1
04-01-2024 22:49,10,563,143,47.48,77.19,258.11,774.19,1
04-01-2024 22:50,10,818,489,11.9,20.03,35.36,717.58,2
04-01-2024 22:51,9,491,485,75.53,21.99,233.96,716.76,4
04-01-2024 22:52,8,50,260,64.5,40.9,53.33,239.38,1
04-01-2024 22:53,3,407,218,69.47,48.63,71.44,240.87,1
04-01-2024 22:54,9,164,308,50.15,74.84,57.94,334.03,3
04-01-2024 22:55,5,952,146,87.15,84.39,75.33,706.55,2
04-01-2024 22:56,3,649,489,44.81,54.85,220.89,689.74,1
04-01-2024 22:57,5,246,437,53.7,52.17,198.32,245.78,2
04-01-2024 22:58,10,653,443,69.1,30.98,72.79,442.59,1
04-01-2024 22:59,4,323,99,54.25,48.84,84.7,390.63,1
04-01-2024 23:00,8,905,182,26.09,84.27,34.29,527.53,1
04-01-2024 23:01,5,209,169,36.95,44.47,127.26,186.84,4
04-01-2024 23:02,10,222,233,17.85,30.8,116.68,86.34,3
04-01-2024 23:03,8,594,444,46.77,40.3,48.02,41.26,4
04-01-2024 23:04,9,507,93,61.8,53.59,251.21,317.51,2
04-01-2024 23:05,4,634,117,20.08,59.89,256.52,758.36,3
04-01-2024 23:06,7,482,472,63.6,47.43,37.17,554.16,5
04-01-2024 23:07,2,978,4,85.89,71.89,83.58,604.32,4
04-01-2024 23:08,6,530,85,38.71,58.83,222.15,757.23,3
04-01-2024 23:09,8,504,167,28.87,64.88,261.64,349.2,1
04-01-2024 23:10,7,245,7,85.91,79.72,26.14,390.01,1
04-01-2024 23:11,7,845,381,68.82,79.93,271.2,300.44,4
04-01-2024 23:12,8,648,407,18.96,30.26,23.18,161.47,3
04-01-2024 23:13,7,358,232,44.69,61.75,191.97,617.79,4
04-01-2024 23:14,5,785,251,67.3,68.75,11.51,727.21,5
04-01-2024 23:15,7,605,85,58.82,25.94,278.84,654.82,2
04-01-2024 23:16,10,897,319,62.58,78.21,109.34,57.22,4
04-01-2024 23:17,3,543,193,58.21,28.54,196.4,253.33,2
04-01-2024 23:18,5,488,123,77.84,74.95,59.46,481.83,3
04-01-2024 23:19,7,699,425,37.24,27.11,99.77,275.2,5
04-01-2024 23:20,9,831,89,70.22,70.63,225.45,137.09,4
04-01-2024 23:21,2,408,95,94.24,26.11,292.03,439.92,3
04-01-2024 23:22,4,85,375,43.15,43.41,297.66,426.76,4
04-01-2024 23:23,7,83,300,77.24,25.76,243.86,573.72,1
04-01-2024 23:24,1,137,358,30.92,35.3,254.92,799.9,3
04-01-2024 23:25,2,707,45,33.96,88.84,290.97,525.63,5
04-01-2024 23:26,9,65,253,89.46,23.08,16.89,267.17,3
04-01-2024 23:27,10,794,453,12.2,45.48,55.19,765.98,5
04-01-2024 23:28,7,470,373,28.48,65.77,20.54,465.61,1
04-01-2024 23:29,10,602,479,51.05,22.09,152.84,523.67,1
04-01-2024 23:30,7,816,51,44.16,23.18,287.75,298.9,2
04-01-2024 23:31,6,842,65,63.48,25.74,176.82,372.43,2
04-01-2024 23:32,3,175,54,26.38,63.37,168.84,346.53,1
04-01-2024 23:33,10,57,440,16,83.2,248.87,750.25,1
04-01-2024 23:34,3,521,222,41.39,76.95,279.04,651.48,2
04-01-2024 23:35,2,517,466,54.57,88.73,211.07,90.75,2
04-01-2024 23:36,6,929,72,57.77,58.36,269.14,264.82,2
04-01-2024 23:37,4,911,376,61.13,87.11,56.69,63.44,3
04-01-2024 23:38,5,901,474,56.64,37.87,153.51,423.07,1
04-01-2024 23:39,3,559,168,30.89,46.61,112.56,237.95,4
04-01-2024 23:40,6,451,186,74.99,44.7,103.09,77.25,5
04-01-2024 23:41,3,885,143,17.46,18.55,68.2,622.17,5
04-01-2024 23:42,8,225,19,26.86,77.23,268.73,91.08,5
04-01-2024 23:43,9,789,10,72.85,16.85,137.86,231.82,5
04-01-2024 23:44,4,884,472,33.78,69.74,161.42,621.88,2
04-01-2024 23:45,9,963,272,51.95,45.53,86.51,419.03,2
04-01-2024 23:46,7,416,171,37.81,15.47,289.04,657.35,1
04-01-2024 23:47,3,537,415,53.09,36.75,185.31,343.3,2
04-01-2024 23:48,7,67,364,39.47,40.96,5.2,655.59,5
04-01-2024 23:49,1,105,16,94.51,87.35,84.03,439.77,3
04-01-2024 23:50,3,968,80,40.39,64.58,299.81,88.6,3
04-01-2024 23:51,6,84,284,63.3,55.77,292.56,387.76,4
04-01-2024 23:52,4,951,190,85.51,24.53,165.66,451.76,1
04-01-2024 23:53,7,679,148,64.22,44.33,171.41,497.44,3
04-01-2024 23:54,3,843,163,58.1,17.68,270.97,743.75,3
04-01-2024 23:55,1,815,443,58.38,72.13,214.03,163.17,3
04-01-2024 23:56,9,774,265,52.2,27.21,280,492.7,5
04-01-2024 23:57,6,622,360,78.64,59.58,146.34,606.58,5
04-01-2024 23:58,8,649,138,14.29,67.45,292.89,714.16,4
04-01-2024 23:59,3,832,301,85.24,42.49,164.17,429.74,2
05-01-2024 00:00,8,396,466,59.83,62.44,195.23,186.88,2
05-01-2024 00:01,2,81,365,82.15,72.32,29.36,657.79,2
05-01-2024 00:02,4,957,493,10.88,28.81,185.43,725.94,3
05-01-2024 00:03,3,182,399,83.89,60.06,231.49,102.97,2
05-01-2024 00:04,10,625,493,20.21,70.04,134.59,199.18,2
05-01-2024 00:05,1,248,30,71.3,41.78,153.22,699.74,5
05-01-2024 00:06,7,305,304,45.4,27.19,121.03,397.84,5
05-01-2024 00:07,10,391,480,67.89,36.46,290.87,151.9,2
05-01-2024 00:08,2,716,168,63.4,84.98,145.6,523.33,5
05-01-2024 00:09,4,280,91,23.89,41.81,42.23,377.47,5
05-01-2024 00:10,9,350,91,53.74,23.08,13.52,775.01,3
05-01-2024 00:11,6,596,211,33.56,21.2,232.88,193.72,4
05-01-2024 00:12,8,75,330,57.64,28.54,166.56,302.49,5
05-01-2024 00:13,2,584,300,72.73,24.56,5.82,149.6,4
05-01-2024 00:14,7,702,174,16.91,52.13,117.84,58.79,1
05-01-2024 00:15,6,523,134,53.84,41.07,274.64,233.64,2
05-01-2024 00:16,9,436,373,62.5,78.11,284.59,659.47,4
05-01-2024 00:17,7,334,24,35.11,81.08,20.8,228.44,4
05-01-2024 00:18,1,499,201,91.01,50.5,41.41,563.15,1
05-01-2024 00:19,8,369,219,54.23,81.64,6.44,430.3,2
05-01-2024 00:20,10,205,7,25.51,48.78,261.26,425.37,2
05-01-2024 00:21,3,520,6,19.16,63.15,25.91,629.6,2
05-01-2024 00:22,2,469,118,56.04,27.19,36.83,501.86,5
05-01-2024 00:23,3,162,161,41.9,18.94,72.15,144.69,3
05-01-2024 00:24,6,951,85,26.37,27.01,275.59,192.2,3
05-01-2024 00:25,3,700,366,12.61,33.89,208.03,444.15,5
05-01-2024 00:26,10,471,248,58.16,71.32,186.98,679.35,2
05-01-2024 00:27,5,935,166,60.88,28.01,236.47,138.81,1
05-01-2024 00:28,6,979,428,22.05,24.8,209.52,103.38,5
05-01-2024 00:29,8,770,145,61.15,84.57,225.05,423.68,5
05-01-2024 00:30,7,884,31,90.92,66.66,26.73,167.15,4
05-01-2024 00:31,8,925,421,93.16,50.5,178.98,795.5,5
05-01-2024 00:32,3,991,395,85.52,22.12,227.2,23.4,2
05-01-2024 00:33,4,647,220,78.6,78.88,171.87,370.11,5
05-01-2024 00:34,6,334,133,27.8,23.12,8.48,146.78,3
05-01-2024 00:35,7,621,64,23.3,60.83,67.28,551.24,3
05-01-2024 00:36,9,103,76,47.82,65.08,289.06,511.5,5
05-01-2024 00:37,1,654,131,62.67,45.01,212.88,649.51,1
05-01-2024 00:38,8,374,312,82.31,83.34,208.11,459.45,4
05-01-2024 00:39,8,507,319,29.72,18.8,199.77,167.71,5
05-01-2024 00:40,6,934,361,50.77,76.36,42.7,61.59,2
05-01-2024 00:41,4,314,38,65.03,56.53,6.2,583.27,1
05-01-2024 00:42,3,431,54,47.88,60.84,134.99,363.14,2
05-01-2024 00:43,3,262,130,48.61,89.01,136.08,193.33,2
05-01-2024 00:44,6,382,218,29.13,58.7,244.48,216.42,4
05-01-2024 00:45,8,59,2,93.87,74.78,58.56,136.24,4
05-01-2024 00:46,7,407,246,50.39,26.51,86.16,241.19,3
05-01-2024 00:47,1,252,140,55.28,75.7,28.08,637.78,2
05-01-2024 00:48,6,757,296,28.58,72.08,122.96,504.11,5
05-01-2024 00:49,7,107,258,53.7,87.61,80.52,790.17,2
05-01-2024 00:50,7,543,105,31.7,85.18,82.55,428.94,3
05-01-2024 00:51,9,559,381,27.2,31.05,79.95,426.76,2
05-01-2024 00:52,10,817,336,33.44,49.87,73.3,169.28,4
05-01-2024 00:53,5,272,478,10.23,83.36,99.34,477.44,3
05-01-2024 00:54,1,418,185,58.46,63.06,163.32,494.53,1
05-01-2024 00:55,2,741,303,42.94,49.78,134.12,181.09,2
05-01-2024 00:56,4,467,494,86.39,23.17,23.72,88.61,2
05-01-2024 00:57,5,923,244,13.46,41.38,130.63,307.64,4
05-01-2024 00:58,9,596,164,13.67,64.89,254.65,154.24,1
05-01-2024 00:59,1,920,132,85.3,73.27,34.71,412.5,2
05-01-2024 01:00,3,152,203,20.76,48.54,283.59,430.37,2
05-01-2024 01:01,5,210,408,10.18,19.19,96.03,494.36,1
05-01-2024 01:02,3,249,210,25.21,62.49,9.29,490.21,4
05-01-2024 01:03,4,209,347,80.03,84.12,79.68,546.4,5
05-01-2024 01:04,3,744,101,78.23,52.23,25.55,199.75,1
05-01-2024 01:05,4,914,446,38.91,84.63,172.08,590.06,4
05-01-2024 01:06,1,185,386,66.78,41.56,98.32,429.36,2
05-01-2024 01:07,8,991,271,53.12,81.48,243.03,361.1,1
05-01-2024 01:08,4,447,459,86.9,73.98,221.12,525.36,4
05-01-2024 01:09,7,787,475,14.8,87.13,143.24,410.98,2
05-01-2024 01:10,2,441,49,79.12,74.33,170.38,430.02,3
05-01-2024 01:11,2,804,368,24.5,39.11,184.59,38.13,4
05-01-2024 01:12,6,155,239,43.29,82.54,84.86,645.59,4
05-01-2024 01:13,2,632,215,26.32,65.23,46.12,350.86,4
05-01-2024 01:14,6,638,291,69.72,27.16,116.07,424.1,2
05-01-2024 01:15,2,103,372,67.66,18.45,32.98,324.13,5
05-01-2024 01:16,4,326,350,56.57,42.44,97.88,450.19,5
05-01-2024 01:17,7,160,431,69.34,74.01,168.02,62.15,3
05-01-2024 01:18,8,273,280,64.36,61.37,164.33,319.45,1
05-01-2024 01:19,3,124,467,76,54.53,40.58,541.57,3
05-01-2024 01:20,9,555,316,30.35,15.28,7.46,751.99,1
05-01-2024 01:21,2,63,477,46.46,47.66,31.24,682.36,1
05-01-2024 01:22,8,819,77,22.89,26.83,15.66,771,3
05-01-2024 01:23,8,531,304,46.52,49.09,123.14,629.58,3
05-01-2024 01:24,4,238,151,69.64,89.38,119.98,513.44,4
05-01-2024 01:25,1,413,396,68.77,80.97,76.28,350.15,2
05-01-2024 01:26,1,288,497,70.3,38.3,68.56,116.05,5
05-01-2024 01:27,2,450,496,36.25,59.51,121.94,215.63,1
05-01-2024 01:28,9,895,297,66.29,52.66,30.54,231.52,1
05-01-2024 01:29,2,353,157,41.23,24.75,68.22,353.75,4
05-01-2024 01:30,2,140,198,90.28,89.24,124.68,495.68,5
05-01-2024 01:31,6,441,435,39.19,46.89,32.97,502.56,2
05-01-2024 01:32,7,233,384,61.26,52.92,253.04,375.32,4
05-01-2024 01:33,7,66,407,73.76,63.57,204.43,234.22,2
05-01-2024 01:34,9,61,287,87.04,29.37,118.02,64.07,1
05-01-2024 01:35,6,215,493,47.22,31.67,49.37,791.29,5
05-01-2024 01:36,8,195,405,40.64,29.44,62.29,752.86,1
05-01-2024 01:37,6,331,24,46.55,43.83,40.43,162.68,4
05-01-2024 01:38,2,598,456,37.51,29.98,52.22,492.21,2
05-01-2024 01:39,1,631,492,65.58,84.48,129.64,250.61,2
05-01-2024 01:40,5,218,9,89.28,68.57,77.47,171.65,1
05-01-2024 01:41,9,896,406,20.72,82.34,265.95,553.84,4
05-01-2024 01:42,8,219,132,57.68,78.64,288.47,633.23,5
05-01-2024 01:43,4,814,77,86.3,67.74,208.95,337.14,3
05-01-2024 01:44,5,395,226,18.51,33.21,243.58,66.07,4
05-01-2024 01:45,5,548,131,51.98,61.15,80.26,333.17,5
05-01-2024 01:46,6,509,485,83.54,28.97,201.18,435.11,5
05-01-2024 01:47,3,346,376,86.54,24.94,22.11,716.71,2
05-01-2024 01:48,5,992,412,53.72,62.44,288.26,532.31,3
05-01-2024 01:49,2,191,90,12.12,61.85,202.71,574.19,3
05-01-2024 01:50,10,946,498,18.98,26.75,98.47,178.05,3
05-01-2024 01:51,1,834,117,59.87,41.43,233.05,581.81,1
05-01-2024 01:52,1,786,110,20.53,19.97,9.66,411.42,2
05-01-2024 01:53,10,744,377,22.7,68.68,115.99,659.92,4
05-01-2024 01:54,7,782,354,75.63,89.06,269.22,188.77,1
05-01-2024 01:55,2,102,271,73.81,70.49,82.64,421.59,1
05-01-2024 01:56,4,167,392,81.64,78.31,202.03,183.39,3
05-01-2024 01:57,5,414,432,18.99,50.73,111.23,243.01,3
05-01-2024 01:58,7,720,227,26.84,22.17,120.75,669.12,5
05-01-2024 01:59,2,185,472,80.8,69.5,225.05,556.48,5
05-01-2024 02:00,6,463,244,71.29,34.24,273.51,588.22,2
05-01-2024 02:01,1,126,308,78.51,44.12,54.18,73.46,2
05-01-2024 02:02,7,897,55,94.13,67.73,86.68,588.43,4
05-01-2024 02:03,9,606,37,83.48,82.86,148.9,403.3,1
05-01-2024 02:04,5,67,388,54.24,51.47,186.08,378.13,3
05-01-2024 02:05,5,916,55,36.42,87.12,143,341.85,3
05-01-2024 02:06,4,990,12,58.42,53.99,242.63,684.4,2
05-01-2024 02:07,3,452,403,64.28,24.19,231.59,158.42,5
05-01-2024 02:08,9,254,463,38.5,53.88,124.55,655.01,4
05-01-2024 02:09,5,548,185,75.53,79.55,16.98,744.09,1
05-01-2024 02:10,8,373,478,17.88,55.35,62.38,151.23,2
05-01-2024 02:11,9,644,237,76.25,71.08,148.65,799.68,5
05-01-2024 02:12,5,611,293,12.72,56.1,278.62,792.62,5
05-01-2024 02:13,10,330,204,52.33,55.95,172.43,504.63,1
05-01-2024 02:14,9,215,211,83.22,36.36,161.47,229.46,1
05-01-2024 02:15,2,292,226,17.35,30.09,218.57,355.11,2
05-01-2024 02:16,9,938,7,54.01,35.92,49.93,152.9,1
05-01-2024 02:17,4,528,220,23.55,48.06,48.34,113.76,3
05-01-2024 02:18,6,213,311,86.06,75.72,106.89,569.14,5
05-01-2024 02:19,6,373,28,80.75,77.17,298.48,472.28,5
05-01-2024 02:20,6,617,477,89.38,27.25,263.4,459.59,3
05-01-2024 02:21,2,600,293,84.37,56.46,205.63,213.25,4
05-01-2024 02:22,7,880,212,72.61,46.2,120.39,203.23,4
05-01-2024 02:23,6,689,189,25.72,57.82,168.63,791.99,1
05-01-2024 02:24,1,952,75,35.71,63.57,94.55,510.44,2
05-01-2024 02:25,2,683,242,52.23,35.97,203.92,659.18,4
05-01-2024 02:26,7,808,114,60.06,83.94,128.56,315.24,2
05-01-2024 02:27,1,747,167,76.49,85.16,40.46,678.07,2
05-01-2024 02:28,1,257,106,29.29,22.9,68.45,583.46,4
05-01-2024 02:29,1,364,151,20.9,67.73,184.56,293.1,2
05-01-2024 02:30,8,353,436,51.02,17.49,209.9,579.8,1
05-01-2024 02:31,4,950,366,23.42,18.49,33.33,741.99,3
05-01-2024 02:32,4,288,84,68.97,86.83,243.46,186.71,3
05-01-2024 02:33,2,776,212,58.93,67.11,248.18,447.15,1
05-01-2024 02:34,1,853,267,72.99,39.34,218.31,773.99,1
05-01-2024 02:35,10,273,322,15.39,65.24,206.66,660.69,5
05-01-2024 02:36,9,137,269,92,78.44,73.4,503.83,3
05-01-2024 02:37,7,586,461,10,80.32,276.29,74.42,1
05-01-2024 02:38,4,478,425,37.66,16.54,84.23,336.93,4
05-01-2024 02:39,6,269,177,67.77,76.37,58.84,527.6,2
05-01-2024 02:40,2,324,271,13.84,78.99,193.37,339.54,1
05-01-2024 02:41,7,696,312,17.08,59.67,112.41,797.73,4
05-01-2024 02:42,2,794,182,16.52,50.99,280.24,607.65,5
05-01-2024 02:43,10,115,159,59.43,23.32,140.77,165.92,3
05-01-2024 02:44,8,641,189,86.15,32.97,53.3,402.5,4
05-01-2024 02:45,8,472,186,57.21,51.79,287.47,319.5,2
05-01-2024 02:46,1,304,471,61.3,79.88,157.05,483.2,4
05-01-2024 02:47,8,174,444,39.41,75.24,157.97,368.32,5
05-01-2024 02:48,2,195,309,11.59,52.19,118.81,205.56,2
05-01-2024 02:49,6,664,470,11.84,73.92,251.62,585.01,3
05-01-2024 02:50,1,434,246,85.51,72.43,89.85,103.2,2
05-01-2024 02:51,5,496,317,18.72,58.43,9.04,435.06,4
05-01-2024 02:52,7,436,464,94.98,31.52,151.7,261.92,1
05-01-2024 02:53,10,432,384,23.98,41.1,278.14,773.89,1
05-01-2024 02:54,1,326,42,67.34,27.3,85.61,256.78,2
05-01-2024 02:55,2,431,285,90.66,15.54,83.56,285.93,2
05-01-2024 02:56,7,173,468,40.79,21.04,222.74,571.53,5
05-01-2024 02:57,6,975,476,72.43,71.97,233.78,120.21,4
05-01-2024 02:58,3,316,411,39.82,17.51,133.49,273.21,2
05-01-2024 02:59,10,839,300,35.92,44.99,250.92,562.81,1
05-01-2024 03:00,2,160,477,27.15,88.93,55.72,43.99,3
05-01-2024 03:01,10,430,389,79.78,74.64,113.27,262.58,4
05-01-2024 03:02,4,874,436,31.88,71.3,124.26,26.44,5
05-01-2024 03:03,3,650,369,34.07,35.6,97.27,137.18,4
05-01-2024 03:04,7,948,362,94.91,63.13,69.23,491.27,1
05-01-2024 03:05,8,207,486,37.82,52.4,104.75,376.24,4
05-01-2024 03:06,2,777,437,45.94,61.79,10.31,141.7,5
05-01-2024 03:07,10,945,436,94.15,47.69,212.49,80.86,5
05-01-2024 03:08,7,862,294,41.39,54.82,206.77,63.93,3
05-01-2024 03:09,8,597,428,41.12,89.13,137.81,86.58,4
05-01-2024 03:10,6,648,181,80.36,39.7,100.26,94.94,3
05-01-2024 03:11,6,167,371,36.51,31.23,133.06,87.32,2
05-01-2024 03:12,10,377,386,29.87,48.64,281.27,62.96,3
05-01-2024 03:13,1,743,365,45.97,54.32,183.05,563.68,2
05-01-2024 03:14,4,117,182,69.55,21.42,220.75,754.19,2
05-01-2024 03:15,1,483,340,13.68,75.45,72.71,687.66,2
05-01-2024 03:16,4,408,491,41.78,46.65,32.95,227.37,1
05-01-2024 03:17,2,720,495,39.43,45.99,29.54,179.34,5
05-01-2024 03:18,5,846,461,30.81,64.41,144.25,57.37,2
05-01-2024 03:19,10,492,218,65.61,72.99,216.42,141.71,4
05-01-2024 03:20,9,213,163,34.65,88.95,233.37,462.86,1
05-01-2024 03:21,10,410,46,61.57,28.01,217.52,798.54,2
05-01-2024 03:22,3,634,456,52.87,40.92,274.26,690.05,2
05-01-2024 03:23,8,168,92,28.46,27.62,20.34,421.64,5
05-01-2024 03:24,3,902,105,32.66,81.06,257.33,350.29,1
05-01-2024 03:25,6,244,207,24.5,56.14,199.9,135.3,1
05-01-2024 03:26,4,650,439,14.81,78.93,56.78,346.5,3
05-01-2024 03:27,8,906,498,62.63,88.89,206.3,483.99,4
05-01-2024 03:28,6,637,328,67.19,56.27,155.97,484.47,5
05-01-2024 03:29,8,782,139,24.11,23.86,110.92,454.89,3
05-01-2024 03:30,1,700,29,62.31,42.1,78.15,662.73,3
05-01-2024 03:31,6,933,251,93.48,17.71,141.93,417.87,4
05-01-2024 03:32,1,956,453,16.32,78.7,75.54,388.82,5
05-01-2024 03:33,1,290,191,51.68,16.34,29.44,258.5,4
05-01-2024 03:34,8,558,47,72.31,59.41,254.61,160.59,5
05-01-2024 03:35,7,715,367,13.91,22.96,179.89,21.1,2
05-01-2024 03:36,3,614,251,76.15,15.57,112.28,271.24,1
05-01-2024 03:37,6,191,263,93.26,34.21,136.77,513.8,2
05-01-2024 03:38,9,881,373,17.52,56.39,260.12,455.94,2
05-01-2024 03:39,7,955,64,79.89,20.63,99.35,433.8,2
05-01-2024 03:40,3,80,338,42.18,61.12,117.15,622.45,4
05-01-2024 03:41,6,272,320,22.25,65.4,230.99,201.62,5
05-01-2024 03:42,4,853,348,51.92,87.73,64.15,549.26,2
05-01-2024 03:43,3,315,268,16.08,82.47,199.48,493.59,1
05-01-2024 03:44,9,331,12,54.38,57.51,133.13,284.41,2
05-01-2024 03:45,10,837,292,11.65,74.5,152.55,190.46,3
05-01-2024 03:46,2,430,29,71.93,42.27,237.13,458.9,3
05-01-2024 03:47,1,605,139,51.48,58.93,297.97,757.22,4
05-01-2024 03:48,2,111,437,49.01,45.25,250.3,79.55,1
05-01-2024 03:49,7,762,454,26.68,40.28,52.36,763.33,4
05-01-2024 03:50,10,896,85,40.71,69.57,71.24,382.51,4
05-01-2024 03:51,1,570,74,25.46,37.25,125.93,573.83,4
05-01-2024 03:52,6,120,251,72.51,43.54,217.17,646.5,2
05-01-2024 03:53,7,651,224,26.92,42.54,155.26,138.18,5
05-01-2024 03:54,9,585,47,62.42,80.28,271.03,55.07,5
05-01-2024 03:55,8,189,417,33.77,27.78,19.36,120.22,1
05-01-2024 03:56,6,365,81,65.84,43.61,81.26,285.94,2
05-01-2024 03:57,3,389,451,55.94,81.59,69.69,766.11,5
05-01-2024 03:58,8,937,121,45.99,16.15,224.53,53.36,3
05-01-2024 03:59,7,639,43,67.21,86.09,142.11,737.44,4
05-01-2024 04:00,3,775,146,45.34,82.42,9.43,457.81,5
05-01-2024 04:01,9,577,74,79.82,46.34,233.16,99.83,4
05-01-2024 04:02,2,590,53,72.02,63.98,111.73,139.14,2
05-01-2024 04:03,3,465,233,55.95,89.33,81.84,557.68,5
05-01-2024 04:04,2,516,295,84.55,56.62,58.9,494.59,4
05-01-2024 04:05,1,424,363,80.45,22.27,284.07,150.62,5
05-01-2024 04:06,4,340,200,55.21,79.02,282.9,725.38,5
05-01-2024 04:07,5,92,162,15.82,25.06,27.58,123.67,1
05-01-2024 04:08,6,913,37,58.11,34.3,73.67,419.03,1
05-01-2024 04:09,5,936,425,40.2,80.51,195.61,432.07,2
05-01-2024 04:10,1,102,97,55.91,34.2,202.78,698.99,4
05-01-2024 04:11,3,837,49,65.01,70.88,128.21,37.28,1
05-01-2024 04:12,1,932,384,64.81,48.58,172.71,126.43,1
05-01-2024 04:13,5,281,10,67.25,71.98,212.28,153.13,2
05-01-2024 04:14,5,261,40,67.74,32.43,285.4,69.05,3
05-01-2024 04:15,6,57,402,19.29,46.47,218.91,512.56,3
05-01-2024 04:16,8,683,153,26.3,38.86,37.53,199.09,5
05-01-2024 04:17,10,532,106,63.6,33.68,216.76,469.8,2
05-01-2024 04:18,1,91,41,44.69,38.58,24.98,630.44,4
05-01-2024 04:19,4,382,164,74.84,39.22,153.24,338.65,1
05-01-2024 04:20,10,282,258,20.62,86.65,160.43,619.7,3
05-01-2024 04:21,1,119,211,26.28,54.99,234.59,626.74,1
05-01-2024 04:22,9,928,202,57.47,49.65,8.41,225.47,5
05-01-2024 04:23,7,65,433,52.56,52.75,263.05,32.28,1
05-01-2024 04:24,7,118,195,32.64,89.71,200.85,100.56,2
05-01-2024 04:25,5,102,53,44.71,64.02,14.2,662.35,4
05-01-2024 04:26,7,734,147,12.97,67.76,52.21,336.14,1
05-01-2024 04:27,2,996,499,13.15,38.52,16.66,674.49,4
05-01-2024 04:28,4,823,282,18.07,50.37,230.95,447.06,2
05-01-2024 04:29,7,428,310,59.03,28.8,55.42,173.97,5
05-01-2024 04:30,3,850,243,83.42,66.39,18.45,575.55,2
05-01-2024 04:31,2,512,51,32.12,40.84,45.71,455.39,3
05-01-2024 04:32,10,576,495,12.88,71.12,170.07,294.41,5
05-01-2024 04:33,2,831,409,70.23,30.99,151.17,88.42,1
05-01-2024 04:34,1,728,114,82.7,45.26,77.65,99.79,4
05-01-2024 04:35,5,112,273,21.74,50.34,283.17,167.04,5
05-01-2024 04:36,6,310,458,42.79,27.49,257.17,544.89,5
05-01-2024 04:37,6,549,120,23.49,20.22,97.77,587.82,3
05-01-2024 04:38,9,170,189,19.04,38.78,145,512.11,1
05-01-2024 04:39,4,907,46,65.09,55.87,157.46,283.07,5
05-01-2024 04:40,1,289,243,92.24,63.95,228.07,363.57,3
05-01-2024 04:41,6,514,311,67.64,46.9,131.24,573.46,4
05-01-2024 04:42,5,156,50,93.71,52.52,166.21,534.69,4
05-01-2024 04:43,10,229,331,46.92,55.74,126.71,622.95,1
05-01-2024 04:44,6,65,11,86.32,53.39,230.03,208.09,1
05-01-2024 04:45,3,404,396,27.43,21.77,169,23.5,1
05-01-2024 04:46,2,983,424,20.02,45.38,249.2,227.82,4
05-01-2024 04:47,6,358,48,69.71,30.32,20.85,291.36,2
05-01-2024 04:48,1,776,377,41.57,55.03,271.77,769.2,1
05-01-2024 04:49,7,638,56,37,71.86,246.72,189.83,2
05-01-2024 04:50,7,786,8,67.06,58.46,246.46,664.6,2
05-01-2024 04:51,10,654,472,38.35,31.64,46.39,505.56,1
05-01-2024 04:52,7,230,14,58.67,30.58,82.72,150.68,2
05-01-2024 04:53,10,223,215,35.45,17.77,294.18,334.73,2
05-01-2024 04:54,1,403,370,76.62,46.98,285.33,417.92,2
05-01-2024 04:55,4,403,440,36.55,47.46,71.83,288.44,3
05-01-2024 04:56,7,268,245,55.47,32.73,132.71,196.4,5
05-01-2024 04:57,9,704,54,11.97,72.32,51,217.22,1
05-01-2024 04:58,5,364,484,77.3,43.99,82.48,476.46,3
05-01-2024 04:59,2,483,273,62.73,65.21,59.49,556.72,1
05-01-2024 05:00,7,954,429,26.34,63.01,28.88,385.8,5
05-01-2024 05:01,10,331,389,28.31,60.36,175.95,754.55,2
05-01-2024 05:02,1,308,131,32.31,83.1,76.03,588.28,3
05-01-2024 05:03,7,917,9,59.01,16.19,297.71,715.57,1
05-01-2024 05:04,6,608,212,56.61,20.1,157.05,391.02,2
05-01-2024 05:05,7,54,122,33.28,69.16,110.93,31.61,4
05-01-2024 05:06,10,623,114,69,41.51,274.38,481.82,3
05-01-2024 05:07,3,645,20,85.57,88.99,188.12,658.24,3
05-01-2024 05:08,3,694,499,13.7,31.23,42.49,438.5,4
05-01-2024 05:09,7,443,339,45.46,28.76,151.86,462.96,2
05-01-2024 05:10,2,385,21,60.45,59.12,135.12,780.48,5
05-01-2024 05:11,1,112,208,59.85,35.96,230.71,305.59,4
05-01-2024 05:12,9,842,33,11.66,40.54,209.66,645.46,4
05-01-2024 05:13,9,93,133,27.9,84.08,114.38,413.96,1
05-01-2024 05:14,7,202,408,15.26,16.97,143.5,381.69,3
05-01-2024 05:15,7,975,191,58.36,54.84,158.04,133.55,5
05-01-2024 05:16,3,831,463,64.86,40.12,129.63,603.75,5
05-01-2024 05:17,10,903,26,23.58,40.95,36.78,662.17,5
05-01-2024 05:18,2,732,364,38.31,33.59,272.11,356.08,3
05-01-2024 05:19,7,205,89,38.03,25.11,203.41,615.55,5
05-01-2024 05:20,9,527,92,79.68,17.59,143.57,473.27,1
05-01-2024 05:21,1,324,33,26.55,89.08,173.03,220.89,2
05-01-2024 05:22,4,407,238,56.61,64.53,67.88,740.5,1
05-01-2024 05:23,6,475,18,76.55,73.29,161.51,563.48,2
05-01-2024 05:24,7,581,274,80.51,19.88,225.08,705.1,3
05-01-2024 05:25,10,532,422,66.66,16.11,162.43,239.54,4
05-01-2024 05:26,7,263,289,35.46,60.02,146.8,734.76,4
05-01-2024 05:27,10,128,27,79.96,69.29,141.4,304.44,5
05-01-2024 05:28,2,188,305,73.08,44.61,229.68,27.43,5
05-01-2024 05:29,4,999,434,69.88,44.08,227.24,78.52,3
05-01-2024 05:30,5,147,399,15.72,43.84,226.27,89.68,4
05-01-2024 05:31,1,938,108,13.68,26.46,77.62,181.57,2
05-01-2024 05:32,1,713,461,69.11,71.54,187.28,165.49,3
05-01-2024 05:33,10,247,436,90.31,31.14,234.78,65.16,4
05-01-2024 05:34,3,834,226,75.77,39.33,170.76,718.41,2
05-01-2024 05:35,10,205,324,80.68,65.34,234.8,666.08,5
05-01-2024 05:36,3,99,355,56.32,15.01,257.05,615,5
05-01-2024 05:37,8,528,19,35.89,72.47,56.3,393.72,4
05-01-2024 05:38,9,277,223,67.61,82.43,95.37,351.62,2
05-01-2024 05:39,1,506,281,70.52,18.87,182.39,351.78,3
05-01-2024 05:40,2,571,104,67.41,59.37,90.46,224.18,4
05-01-2024 05:41,10,198,332,90.47,45.63,282.71,494.44,4
05-01-2024 05:42,2,107,332,41.21,20.88,62.27,66.08,1
05-01-2024 05:43,4,211,362,13.37,66.17,110.3,533.85,1
05-01-2024 05:44,2,912,409,87.22,60.92,298.32,420.81,1
05-01-2024 05:45,7,526,289,23.64,63.2,60.81,656.89,4
05-01-2024 05:46,9,156,444,69.27,76.01,137.4,778.74,2
05-01-2024 05:47,7,476,37,84.22,36.52,97.57,703.76,3
05-01-2024 05:48,6,444,348,36.36,65.78,243.89,581.54,3
05-01-2024 05:49,10,850,380,80.59,70.75,94.72,357.57,5
05-01-2024 05:50,1,235,244,38.22,27.66,52.62,187.33,4
05-01-2024 05:51,10,607,43,77.51,86.78,280.27,538.6,1
05-01-2024 05:52,9,495,126,15.94,40.5,98.63,177.25,3
05-01-2024 05:53,5,690,9,65.7,68.53,223.82,35.8,2
05-01-2024 05:54,5,966,14,67.56,71.55,90.72,467.12,2
05-01-2024 05:55,6,879,131,51.77,52.8,57.68,327.42,4
05-01-2024 05:56,9,497,325,68.4,24.65,241.71,703.29,2
05-01-2024 05:57,8,136,184,88.47,35.67,21.4,523.71,5
05-01-2024 05:58,8,298,282,72.38,32.57,102.93,524.86,4
05-01-2024 05:59,8,890,383,91.71,53.9,235.12,634.56,4
05-01-2024 06:00,1,489,53,48.13,34.6,156.08,281.81,5
05-01-2024 06:01,1,306,41,54.9,56.01,208.42,767.37,5
05-01-2024 06:02,8,326,338,32.42,36.62,24.71,192.63,2
05-01-2024 06:03,5,839,358,93.78,15.07,226.19,699.91,1
05-01-2024 06:04,9,487,21,14.69,42.24,55.72,730.46,3
05-01-2024 06:05,2,565,377,40.48,60.51,243.57,50.45,4
05-01-2024 06:06,9,626,295,35.3,73.03,171.43,512.82,4
05-01-2024 06:07,8,996,208,42.85,17.13,223.05,604.55,3
05-01-2024 06:08,9,251,488,88.01,34.37,67.79,763.99,2
05-01-2024 06:09,4,624,151,41.28,88.91,121.65,216.08,3
05-01-2024 06:10,1,704,477,87.94,34.64,241.61,458.24,1
05-01-2024 06:11,1,805,458,45.98,73.29,273.69,623.03,2
05-01-2024 06:12,5,853,442,82.66,53.2,71.84,135.72,4
05-01-2024 06:13,2,846,69,54.35,24.16,239.05,685.33,3
05-01-2024 06:14,8,229,331,36.46,63.26,37.02,334.84,3
05-01-2024 06:15,10,735,413,48.19,87.48,130.6,519.01,2
05-01-2024 06:16,5,374,318,46.07,81.51,281.92,52.79,4
05-01-2024 06:17,5,974,437,32.09,66.77,283.82,193.89,3
05-01-2024 06:18,2,672,301,34.62,53.41,92.52,392.98,5
05-01-2024 06:19,7,736,27,25.85,38.95,61.91,245.58,3
05-01-2024 06:20,8,524,116,38.56,41.77,49.1,767.12,3
05-01-2024 06:21,10,714,418,63.07,40.97,146.86,640.05,1
05-01-2024 06:22,1,449,142,42.86,84.16,32.16,694.61,1
05-01-2024 06:23,2,917,41,70.55,30.85,110.27,383.73,3
05-01-2024 06:24,10,266,106,93.89,43.35,10.02,389.44,3
05-01-2024 06:25,4,858,74,42.05,47.4,81.52,648.05,1
05-01-2024 06:26,5,502,60,49.32,45.67,270.58,322.28,5
05-01-2024 06:27,2,453,298,23.95,15.31,136.86,395.06,4
05-01-2024 06:28,1,981,122,43.34,35.32,26.75,432.3,2
05-01-2024 06:29,9,289,435,71.78,52.39,195.82,493.58,3
05-01-2024 06:30,1,787,203,28.48,72.04,286.91,526.98,4
05-01-2024 06:31,4,235,11,25.47,57.71,141.71,550.99,3
05-01-2024 06:32,2,97,419,41.99,43.86,189.16,366.33,1
05-01-2024 06:33,4,435,147,79.59,64.89,276.23,250.21,3
05-01-2024 06:34,8,257,216,63.01,64.94,128.63,737.72,4
05-01-2024 06:35,8,206,374,91.39,33.59,201.05,664.84,2
05-01-2024 06:36,9,274,321,86.89,22.78,135.01,22.68,1
05-01-2024 06:37,5,193,460,22.85,75.24,288.83,420.08,5
05-01-2024 06:38,7,468,445,13.62,54.73,153.62,234.19,3
05-01-2024 06:39,3,160,303,43.92,28.24,266.27,521.33,2
05-01-2024 06:40,10,879,14,54.38,34.66,154.62,412.06,4
05-01-2024 06:41,4,924,67,53.82,72.48,202.17,36.51,1
05-01-2024 06:42,10,923,180,21.4,64,118.91,587.66,2
05-01-2024 06:43,9,514,365,20.61,85.89,275.68,234.8,5
05-01-2024 06:44,10,181,242,13.98,49.87,195.85,222.98,3
05-01-2024 06:45,10,674,160,82.32,18.91,10.87,44.9,1
05-01-2024 06:46,1,885,464,90.56,67.53,9.61,666.1,2
05-01-2024 06:47,2,996,486,19.83,34.12,204.47,471.49,4
05-01-2024 06:48,5,650,10,28.12,39.29,38.71,398.18,4
05-01-2024 06:49,3,722,124,17.64,29.75,216.27,547.13,5
05-01-2024 06:50,2,383,273,84.59,38.17,99.99,289.39,3
05-01-2024 06:51,1,969,241,91.49,77.21,163.98,464.19,5
05-01-2024 06:52,10,124,424,32.25,58.25,56.45,214.43,2
05-01-2024 06:53,3,842,452,35.8,23.19,77.64,69.11,1
05-01-2024 06:54,1,461,447,40.83,59,133.89,457.85,1
05-01-2024 06:55,1,568,143,52.71,62.52,201.32,192.53,2
05-01-2024 06:56,1,674,353,68.01,81.36,50.94,605.03,1
05-01-2024 06:57,8,85,167,52.87,79.47,87.98,372.44,2
05-01-2024 06:58,3,827,57,90.84,19.72,66.05,215.31,5
05-01-2024 06:59,1,674,138,18.49,80,259.49,494.51,3
05-01-2024 07:00,7,853,327,77.88,18.82,196.16,110.96,4
05-01-2024 07:01,10,272,353,38.43,26.56,143.21,613.91,4
05-01-2024 07:02,3,772,17,42.09,23.37,284.35,372.7,4
05-01-2024 07:03,8,579,332,70.25,28.63,222.07,653.86,1
05-01-2024 07:04,4,290,273,89,75.24,280.01,127.72,5
05-01-2024 07:05,4,183,367,70.88,66.46,181.29,318.38,5
05-01-2024 07:06,5,781,376,75.95,66.52,45.73,160.42,4
05-01-2024 07:07,6,440,400,73.82,84.16,204.25,67.73,5
05-01-2024 07:08,7,151,375,37.28,44.39,64.44,765.17,2
05-01-2024 07:09,4,701,334,74.34,15.25,107.06,586.79,4
05-01-2024 07:10,8,730,3,76.68,62.98,155.34,273.97,4
05-01-2024 07:11,6,547,243,55.34,80.11,51.42,212,3
05-01-2024 07:12,1,560,108,55.62,88.22,11.13,179.37,4
05-01-2024 07:13,1,752,51,74.58,42.29,101.49,53.55,1
05-01-2024 07:14,9,586,370,79.45,76.66,248.17,100.08,2
05-01-2024 07:15,10,998,350,38.66,78.69,9.54,100.27,5
05-01-2024 07:16,6,594,174,78.13,25.83,37.28,539.69,1
05-01-2024 07:17,10,392,116,79.21,62.36,243.02,483.87,2
05-01-2024 07:18,8,890,183,29.9,27.99,95.23,463.19,3
05-01-2024 07:19,7,55,361,70.94,48.5,281.77,592.88,4
05-01-2024 07:20,6,243,355,25.86,80.95,117.17,215.91,5
05-01-2024 07:21,4,791,154,17.91,74.21,240.03,287.13,4
05-01-2024 07:22,7,186,247,58.84,57.78,81.34,118.83,1
05-01-2024 07:23,9,884,76,87.24,75.65,23.24,478.41,4
05-01-2024 07:24,10,961,415,13.01,26.46,265.06,747.67,2
05-01-2024 07:25,10,522,244,80.25,29.62,278.55,693.25,4
05-01-2024 07:26,7,265,81,53.05,30.66,213.89,452.9,4
05-01-2024 07:27,1,398,229,83.18,73.2,232.17,522.79,3
05-01-2024 07:28,10,925,72,81.7,81.82,7.1,794,4
05-01-2024 07:29,9,232,403,84.4,57.21,227.38,423.54,3
05-01-2024 07:30,4,217,218,75.35,86.85,144.3,699.06,1
05-01-2024 07:31,3,843,452,81.65,69.6,138.57,410.51,3
05-01-2024 07:32,4,87,399,24.96,57.28,164.32,57.34,3
05-01-2024 07:33,4,724,243,35.83,60.87,85.01,749.04,1
05-01-2024 07:34,10,520,367,30.61,78.72,210.41,107.27,3
05-01-2024 07:35,2,501,314,73.11,21.76,92.2,569.27,4
05-01-2024 07:36,1,539,78,23.06,27.6,169.79,205.61,1
05-01-2024 07:37,10,191,158,25.49,34.97,45.39,722.81,1
05-01-2024 07:38,1,809,48,84.71,82.11,204.15,176.38,3
05-01-2024 07:39,8,992,312,70,85.87,60.94,129.26,3
05-01-2024 07:40,2,152,298,84.41,41.71,55.27,362.2,2
05-01-2024 07:41,10,760,24,21.85,84.29,12.16,407.41,1
05-01-2024 07:42,5,761,110,43.91,56.01,40.93,658.76,5
05-01-2024 07:43,4,91,52,34.07,50.5,73.61,614.67,4
05-01-2024 07:44,8,996,427,10.82,77.46,70.58,276.05,3
05-01-2024 07:45,2,196,290,34.18,55.96,101.66,320.26,1
05-01-2024 07:46,10,115,444,42.26,49.09,21.05,469.8,1
05-01-2024 07:47,9,992,467,17.84,16.2,280.88,450.23,4
05-01-2024 07:48,7,242,259,58.15,15.97,40.16,692.4,1
05-01-2024 07:49,7,347,324,42.57,62.07,212.08,388.53,5
05-01-2024 07:50,1,87,139,13.95,20.51,162.85,716.94,2
05-01-2024 07:51,2,551,397,69.84,70.27,168.07,179.96,4
05-01-2024 07:52,4,702,306,71.99,61.68,36.13,696.75,5
05-01-2024 07:53,4,667,338,80.93,49.33,76.75,257.35,1
05-01-2024 07:54,3,477,275,51.27,68.24,235.06,635.62,1
05-01-2024 07:55,7,713,44,92.34,89.48,141.79,461,3
05-01-2024 07:56,8,401,417,87.7,33.48,139.84,702.94,4
05-01-2024 07:57,2,975,422,56.86,56.78,166.04,200.38,2
05-01-2024 07:58,4,375,259,47.82,78.21,132.97,567.17,3
05-01-2024 07:59,3,87,113,10.26,16.27,242.81,682.19,1
05-01-2024 08:00,2,146,227,70.43,30.26,225.87,625.82,2
05-01-2024 08:01,6,157,65,58.02,54.07,98.52,461.48,4
05-01-2024 08:02,4,680,163,89.69,56.42,244.56,546.81,5
05-01-2024 08:03,6,200,164,60.51,21.47,157.99,173.28,2
05-01-2024 08:04,2,123,166,94.39,45.56,190.18,188.84,3
05-01-2024 08:05,4,106,39,82.57,53.98,260.52,228.49,5
05-01-2024 08:06,6,927,153,91.06,46.72,145.42,665.85,5
05-01-2024 08:07,5,384,320,37.85,67.54,228.1,150.6,2
05-01-2024 08:08,3,301,360,22.69,72.85,190.29,253.16,2
05-01-2024 08:09,8,968,269,77.73,49.52,130.89,737.94,3
05-01-2024 08:10,7,853,324,76.83,46.92,237.77,609.08,2
05-01-2024 08:11,3,874,326,27.97,67.9,36.02,591.84,4
05-01-2024 08:12,6,816,75,75,56.65,176.46,375.01,5
05-01-2024 08:13,4,303,257,59.47,80.28,18.69,567.84,5
05-01-2024 08:14,5,434,200,19.31,51.09,51.07,461.27,3
05-01-2024 08:15,5,505,438,52.65,58.07,181.67,75.74,2
05-01-2024 08:16,7,308,98,89.15,24.66,95.74,469.69,2
05-01-2024 08:17,5,831,104,53.05,77.7,82.43,372.75,5
05-01-2024 08:18,3,514,372,77.04,46.67,286.97,108.89,5
05-01-2024 08:19,10,83,393,12.46,68.93,112.94,288.53,3
05-01-2024 08:20,5,544,164,71.89,47.21,171.6,717.94,2
05-01-2024 08:21,7,375,113,90.48,15.08,162.6,646.89,1
05-01-2024 08:22,5,886,103,52.46,45.03,23.3,732.84,2
05-01-2024 08:23,5,287,490,38.71,26.06,203.91,579.32,3
05-01-2024 08:24,9,740,37,64.97,44.9,156.31,513.39,5
05-01-2024 08:25,3,665,106,87.88,39.1,117.52,128.61,5
05-01-2024 08:26,6,590,187,25.03,30.19,24.47,103.62,1
05-01-2024 08:27,1,788,364,44.31,24.28,91.44,212.47,1
05-01-2024 08:28,10,515,21,23.28,69.64,265.81,265.07,3
05-01-2024 08:29,5,793,148,52.22,71.61,56.24,493.49,2
05-01-2024 08:30,8,353,486,55.94,34.87,69.7,704.3,5
05-01-2024 08:31,5,911,129,90.26,52.14,65.56,714.77,4
05-01-2024 08:32,9,896,483,45.06,49.81,267.79,552.24,4
05-01-2024 08:33,6,166,187,58.19,41.64,211.5,467.65,4
05-01-2024 08:34,8,256,284,85.25,35.82,265.14,210.62,5
05-01-2024 08:35,10,961,199,37.32,28.95,274.56,751.6,5
05-01-2024 08:36,8,746,235,67.3,80.47,278.75,543.47,4
05-01-2024 08:37,3,530,440,74.36,77.5,148.29,436.1,1
05-01-2024 08:38,7,699,108,38.09,46.29,145.49,101.09,4
05-01-2024 08:39,7,452,9,23.97,69.09,249.53,664.19,1
05-01-2024 08:40,10,884,449,52.75,52.37,102.92,292.21,3
05-01-2024 08:41,6,725,420,40.33,21.4,11.55,722.46,4
05-01-2024 08:42,7,949,226,32.65,76.68,102.81,151.36,4
05-01-2024 08:43,2,636,418,92.74,31.45,216.32,57.9,1
05-01-2024 08:44,9,282,209,52.68,68.01,41.47,359.09,1
05-01-2024 08:45,10,978,245,82.8,54.55,236.51,81.08,1
05-01-2024 08:46,10,333,288,26.6,66.79,245.56,68.21,3
05-01-2024 08:47,1,529,66,89.85,50.34,34.77,576.71,4
05-01-2024 08:48,1,938,356,77.53,67.69,33.86,220.75,1
05-01-2024 08:49,3,816,153,78.74,17.46,63.65,518.3,3
05-01-2024 08:50,3,58,491,43.13,18.06,110.13,465.25,3
05-01-2024 08:51,1,764,435,51.28,82.23,162.16,129.79,5
05-01-2024 08:52,7,951,191,60.44,71.23,148.23,320.91,1
05-01-2024 08:53,4,428,218,77.13,77.14,256.68,71.53,1
05-01-2024 08:54,10,866,429,82.17,49.24,46.96,348.91,1
05-01-2024 08:55,2,652,154,16.63,49.47,210.78,162.24,5
05-01-2024 08:56,10,430,277,86.85,55.05,166.92,95.12,1
05-01-2024 08:57,5,893,82,89.69,33.27,222.36,267.25,1
05-01-2024 08:58,6,711,221,60.4,70.01,105.87,22.67,3
05-01-2024 08:59,9,409,435,25.87,77.21,144.06,611.06,1
05-01-2024 09:00,4,225,280,79.57,83.04,13.43,143.38,4
05-01-2024 09:01,2,534,111,56.63,53.78,39.25,508.15,2
05-01-2024 09:02,5,454,92,79.46,46.09,115.62,669.41,1
05-01-2024 09:03,3,82,12,79.26,77.32,146.97,735.45,3
05-01-2024 09:04,2,514,139,17.37,71.45,30.3,454.91,5
05-01-2024 09:05,1,745,155,61.6,80.05,248.37,634.86,5
05-01-2024 09:06,10,206,23,51.07,64.18,284.09,374.72,2
05-01-2024 09:07,2,614,417,90.42,81.25,180.94,402.34,3
05-01-2024 09:08,6,857,464,35.21,21.68,20.75,446.48,1
05-01-2024 09:09,8,251,220,27.51,65.97,222.95,542.71,5
05-01-2024 09:10,3,835,348,86.25,21.66,69.06,542.54,5
05-01-2024 09:11,9,224,237,22.64,71.17,221.43,632.59,4
05-01-2024 09:12,9,293,253,68.35,62.13,133.13,501.22,2
05-01-2024 09:13,2,318,422,35.5,16.2,20.76,708.45,4
05-01-2024 09:14,8,972,183,58.27,59.94,87.23,573.2,5
05-01-2024 09:15,10,495,198,62.38,25.97,130.97,744.58,1
05-01-2024 09:16,5,123,170,45.48,25.68,222.19,605.34,1
05-01-2024 09:17,4,145,123,92.87,26.28,44.26,596.19,4
05-01-2024 09:18,10,922,413,21.21,51.29,89.67,691.11,1
05-01-2024 09:19,5,222,34,43.27,23.66,29.64,531.53,2
05-01-2024 09:20,4,948,381,46.58,24.42,186.66,160.07,4
05-01-2024 09:21,8,455,313,63.64,34.21,144.91,84.72,3
05-01-2024 09:22,4,204,3,44.62,15.06,279.06,266.34,1
05-01-2024 09:23,10,232,6,18.25,35.68,223.46,655.23,1
05-01-2024 09:24,6,372,304,90.53,61.38,234.48,36.93,3
05-01-2024 09:25,2,338,102,45.37,60.12,53.5,137.03,2
05-01-2024 09:26,5,307,192,39.13,87.72,83.65,102.77,4
05-01-2024 09:27,6,636,376,47.97,23.97,156.38,49,4
05-01-2024 09:28,5,223,13,28.41,79.92,8.98,652.02,2
05-01-2024 09:29,2,379,36,18.52,44.34,261.69,238.08,4
05-01-2024 09:30,7,280,463,22.63,44.03,234.43,588.56,1
05-01-2024 09:31,4,808,70,24.17,41.16,22.09,130.69,2
05-01-2024 09:32,8,210,289,26.8,24.36,255.47,338.97,1
05-01-2024 09:33,7,235,105,45.7,50.89,6.32,110.84,1
05-01-2024 09:34,7,952,204,63.03,74.05,38.69,21.93,1
05-01-2024 09:35,9,192,313,63.46,80.66,21.33,498.27,3
05-01-2024 09:36,1,331,55,10.01,87.21,146.35,395.17,2
05-01-2024 09:37,10,956,107,88.28,73.9,236.29,344.98,1
05-01-2024 09:38,6,689,141,79.94,61.73,57.67,81.35,2
05-01-2024 09:39,6,727,225,91.93,52.32,232.59,478.8,5
05-01-2024 09:40,6,76,307,40.6,80.62,59.55,628.4,1
05-01-2024 09:41,6,295,348,66.51,70.46,297.21,72.45,4
05-01-2024 09:42,10,536,309,24.28,27.09,256.77,342.5,5
05-01-2024 09:43,7,696,36,79.45,66.19,222.47,263.01,4
05-01-2024 09:44,10,946,133,23.72,47.33,179.55,715.66,5
05-01-2024 09:45,6,251,375,37.71,59.68,76.55,224.87,3
05-01-2024 09:46,1,70,25,51.72,82.38,40.18,756.54,3
05-01-2024 09:47,3,640,337,60.54,63.94,140.79,666.15,5
05-01-2024 09:48,2,719,37,57.57,85.4,123.78,98.12,5
05-01-2024 09:49,6,143,19,18.68,79.98,203.97,394.9,2
05-01-2024 09:50,8,57,35,45.84,24.67,55.18,526.22,3
05-01-2024 09:51,3,521,363,88.45,15.87,170.83,482.6,2
05-01-2024 09:52,10,388,418,84.15,43.83,209.54,549.8,4
05-01-2024 09:53,8,308,310,60.22,79.9,93.2,352.52,3
05-01-2024 09:54,8,104,430,58.65,32.26,235.1,725.7,2
05-01-2024 09:55,5,960,6,19.49,66.85,132.39,230.88,1
05-01-2024 09:56,8,597,467,27.02,50.7,52.98,93.4,4
05-01-2024 09:57,6,55,385,31.47,70.96,62.46,782.82,3
05-01-2024 09:58,5,426,199,51.5,27.37,87.28,528.53,1
05-01-2024 09:59,9,603,34,72.17,32.93,51.65,534.17,5
05-01-2024 10:00,7,99,56,49.16,33.19,171.06,657.67,1
05-01-2024 10:01,8,161,256,20.72,56.13,285,348.72,5
05-01-2024 10:02,1,195,211,47.34,36.72,269.34,321.26,5
05-01-2024 10:03,2,279,97,23.82,75.88,100.51,760.33,5
05-01-2024 10:04,8,772,282,73.85,41.01,260.08,321.69,5
05-01-2024 10:05,9,546,489,24.15,64.56,286.44,81.21,4
05-01-2024 10:06,4,355,241,51.02,86.14,91.78,260.11,5
05-01-2024 10:07,10,591,170,68.94,60.52,272.06,701.36,5
05-01-2024 10:08,10,510,347,29.4,33.16,299.24,94.07,5
05-01-2024 10:09,9,856,294,16.46,77.28,240.31,579.03,3
05-01-2024 10:10,4,677,410,57.88,15.94,120.12,227.79,2
05-01-2024 10:11,10,957,227,14.61,34.24,184.52,601.7,1
05-01-2024 10:12,10,275,315,59.96,44.06,112.44,421.35,1
05-01-2024 10:13,10,108,127,74.05,29.7,298.81,516.53,2
05-01-2024 10:14,9,125,468,37.99,60.3,25.02,209.69,4
05-01-2024 10:15,7,477,280,51.51,56.85,268.46,151.13,5
05-01-2024 10:16,2,777,367,88.94,45.49,26.99,69.38,3
05-01-2024 10:17,9,181,21,50.04,37.08,17.45,663.95,1
05-01-2024 10:18,4,981,316,94.71,47.54,282.28,574.18,2
05-01-2024 10:19,8,547,246,23.35,36.84,260.85,248.81,5
05-01-2024 10:20,7,865,90,70.26,31.59,111.66,672.79,1
05-01-2024 10:21,7,959,404,65.47,41.35,287.47,670.28,1
05-01-2024 10:22,8,642,6,84.15,60.18,259.25,127.45,1
05-01-2024 10:23,1,354,451,17.86,63.63,271.08,576.68,5
05-01-2024 10:24,5,116,266,33.82,37.3,180.56,247.98,4
05-01-2024 10:25,2,279,396,21.24,86.05,287.71,384.41,2
05-01-2024 10:26,2,382,97,89.31,34.65,243.83,355.51,2
05-01-2024 10:27,1,954,150,46.26,68.41,282.29,488.14,1
05-01-2024 10:28,5,326,446,87.36,21.11,88.05,290.76,4
05-01-2024 10:29,2,922,445,35.02,64.86,161.97,77.14,4
05-01-2024 10:30,4,633,80,20.74,49.5,260.96,544.67,5
05-01-2024 10:31,3,770,17,35.21,57.68,176.02,769.25,2
05-01-2024 10:32,3,833,138,60.76,28.81,241.32,540.94,1
05-01-2024 10:33,2,193,140,81.84,47.52,292.06,440.89,1
05-01-2024 10:34,6,300,339,42.76,72.47,242.35,147.62,4
05-01-2024 10:35,2,845,40,87.76,72.53,98.03,507.64,3
05-01-2024 10:36,8,740,407,30.76,32.82,40.02,496.65,5
05-01-2024 10:37,8,129,168,68.95,41.44,85.46,502.63,4
05-01-2024 10:38,5,106,74,72.54,15.29,200.52,716,5
05-01-2024 10:39,10,415,74,33.29,21.75,8.23,578.73,4
05-01-2024 10:40,7,357,50,12.29,24.5,60.97,631.05,4
05-01-2024 10:41,4,223,10,41.05,37.02,101.44,264.4,4
05-01-2024 10:42,1,511,103,13.84,71.93,263.19,230.89,3
05-01-2024 10:43,2,799,350,86.56,53.27,20.05,181.29,2
05-01-2024 10:44,10,727,388,91.05,74.45,19.73,627.13,1
05-01-2024 10:45,10,645,385,72.51,71.62,167.78,564.9,5
05-01-2024 10:46,4,542,299,71.77,59.04,57.44,286.83,4
05-01-2024 10:47,1,609,339,30.48,52.49,76.45,130.06,1
05-01-2024 10:48,8,688,389,16.28,84.85,59.35,680.4,4
05-01-2024 10:49,9,730,478,78.18,57.7,176.57,319.74,2
05-01-2024 10:50,4,915,474,57.53,51.21,21.39,168,2
05-01-2024 10:51,10,423,104,67.94,80.18,282.3,132.64,2
05-01-2024 10:52,3,398,290,76.27,20.36,41.33,737.35,4
05-01-2024 10:53,2,116,450,44.8,64.2,285.72,121.53,1
05-01-2024 10:54,5,379,280,22.29,23.48,234.55,300.55,2
05-01-2024 10:55,3,901,142,77.58,76.49,249.26,513.11,5
05-01-2024 10:56,10,243,297,48.57,74.45,55.98,338.3,3
05-01-2024 10:57,7,204,170,80.29,52.77,202.55,392.42,3
05-01-2024 10:58,6,209,13,47.2,64.58,246.04,646.04,3
05-01-2024 10:59,1,745,157,28.45,72.95,169.62,799.4,3
05-01-2024 11:00,8,315,449,24.54,51.25,167.57,384.43,3
05-01-2024 11:01,2,217,174,73.23,82.95,52.03,315.49,3
05-01-2024 11:02,5,194,162,58.87,47.78,127.2,337.28,4
05-01-2024 11:03,9,235,447,44.39,81.9,49.41,307.9,1
05-01-2024 11:04,8,935,132,51.83,58.71,291.99,389.54,5
05-01-2024 11:05,2,914,28,56.72,46.97,207.03,279.82,1
05-01-2024 11:06,9,823,83,30.35,15.31,19.28,380.84,5
05-01-2024 11:07,5,472,385,42.14,37.17,145.65,757.46,2
05-01-2024 11:08,10,835,420,34.85,80.09,193.2,243.25,5
05-01-2024 11:09,6,506,363,43.02,47.15,33.21,528.46,4
05-01-2024 11:10,3,889,269,52.55,46.61,201.17,399.81,2
05-01-2024 11:11,3,394,251,24.74,51.71,57.31,591.27,3
05-01-2024 11:12,10,784,370,43.45,36.47,125.32,388.39,4
05-01-2024 11:13,8,603,106,42.77,51.87,189.54,145.22,4
05-01-2024 11:14,10,565,261,34.31,43.18,112.69,700.49,1
05-01-2024 11:15,10,837,353,94.87,83.21,117.36,547.1,1
05-01-2024 11:16,2,845,14,16.26,57.3,253.87,430.18,2
05-01-2024 11:17,2,985,80,64.65,77.56,96.23,668.25,4
05-01-2024 11:18,5,754,376,24.83,66.52,198.28,781.42,2
05-01-2024 11:19,6,153,160,81.36,30.95,255.5,339.33,3
05-01-2024 11:20,2,296,178,87.71,80.07,50.03,295.39,1
05-01-2024 11:21,5,861,155,44.13,21.55,18.55,607.8,4
05-01-2024 11:22,7,72,35,80,48.65,248.53,374.59,3
05-01-2024 11:23,10,864,259,31.24,32.94,167.58,86.9,4
05-01-2024 11:24,10,574,260,21.91,55.32,249.17,296.44,3
05-01-2024 11:25,8,193,135,36.85,37.5,67.85,650.73,5
05-01-2024 11:26,7,779,461,39.04,69.21,250.63,571.22,3
05-01-2024 11:27,8,744,489,43.78,85.27,33.12,693.02,5
05-01-2024 11:28,9,912,131,41.7,68.18,265.54,134.37,1
05-01-2024 11:29,5,803,81,44.95,41.65,247.65,210.26,5
05-01-2024 11:30,5,242,367,70.35,60.01,172.36,187.49,2
05-01-2024 11:31,10,514,59,30.87,81.64,184.46,777.64,3
05-01-2024 11:32,4,833,74,11.58,35.25,107.02,151.76,1
05-01-2024 11:33,9,424,239,51.62,23.87,64.48,486.39,4
05-01-2024 11:34,5,726,129,48.1,24.81,139.35,513.67,3
05-01-2024 11:35,2,741,412,15.11,52.11,198.95,502.74,3
05-01-2024 11:36,10,678,315,21.37,69.91,299.55,559.5,5
05-01-2024 11:37,8,315,374,53.34,64.29,246.09,397.46,5
05-01-2024 11:38,7,427,437,29.95,49.04,133.12,85.28,3
05-01-2024 11:39,8,599,138,84.6,69.7,224.26,566.96,3
05-01-2024 11:40,3,605,455,24.73,62.55,36.87,239.26,2
05-01-2024 11:41,4,912,103,11.71,62.12,127.44,79.18,4
05-01-2024 11:42,5,123,387,48.04,30.18,130.35,152.43,2
05-01-2024 11:43,6,487,391,93.82,38.44,299.65,244.03,2
05-01-2024 11:44,1,930,9,63.88,40.83,120.35,357.3,4
05-01-2024 11:45,4,275,232,40.09,75.61,29.57,691.83,1
05-01-2024 11:46,10,868,99,11.43,73.13,24.83,438.47,4
05-01-2024 11:47,5,357,218,51.22,33.95,211.02,388.13,1
05-01-2024 11:48,7,397,453,27.55,19.14,90.28,169.18,3
05-01-2024 11:49,5,525,397,65.06,72.58,261.33,768.22,2
05-01-2024 11:50,1,364,237,59.56,45.74,147.47,728.64,3
05-01-2024 11:51,7,574,222,32.54,31.49,102.46,656.54,2
05-01-2024 11:52,8,474,168,15.86,23.78,228.94,272.06,5
05-01-2024 11:53,7,573,370,74.18,15.96,128.17,458.07,2
05-01-2024 11:54,4,611,62,59.76,47.08,222.53,323.3,2
05-01-2024 11:55,8,874,318,81.58,40.48,215.66,334.27,2
05-01-2024 11:56,5,995,487,32.08,67.24,218.35,76.26,1
05-01-2024 11:57,10,298,10,65.49,88.25,257.85,129.23,5
05-01-2024 11:58,9,680,234,20.09,30.51,255.28,769.71,1
05-01-2024 11:59,10,618,87,34.8,33.23,201.06,495.87,4
05-01-2024 12:00,5,231,267,65.81,40.3,287.3,24.92,4
05-01-2024 12:01,1,825,204,80.17,49.95,11.11,651.17,5
05-01-2024 12:02,9,155,318,37.28,67.33,279.47,87.89,4
05-01-2024 12:03,5,240,333,77.9,41.4,48.73,572.36,3
05-01-2024 12:04,6,186,360,67.61,22.82,67.43,504.26,1
05-01-2024 12:05,4,749,241,39.64,69.78,246.13,69.1,2
05-01-2024 12:06,6,169,56,84.49,74.6,123.13,434.13,3
05-01-2024 12:07,8,803,110,53.28,33.57,130.47,57,2
05-01-2024 12:08,3,880,49,65.1,25.26,82.06,70.22,4
05-01-2024 12:09,5,121,243,52.13,54.59,71.21,59.92,1
05-01-2024 12:10,2,804,16,48.48,30.62,36.34,219.24,4
05-01-2024 12:11,2,180,73,82.08,43.06,63.05,645.38,1
05-01-2024 12:12,7,506,372,35.05,73.3,172.19,302.71,2
05-01-2024 12:13,10,830,202,13.11,31.47,213.45,518.84,2
05-01-2024 12:14,10,954,93,84.78,75.47,222.96,117.38,2
05-01-2024 12:15,10,528,137,80.13,65.55,114.19,747.63,5
05-01-2024 12:16,6,101,33,41.16,31.48,276.98,413.31,4
05-01-2024 12:17,4,623,88,25.76,54.48,101.97,39.18,5
05-01-2024 12:18,5,168,419,67.42,61.06,37.79,439.18,3
05-01-2024 12:19,1,926,203,16.69,30.02,283.84,163.93,5
05-01-2024 12:20,7,313,39,46.02,25.87,164.5,172.74,2
05-01-2024 12:21,8,288,114,17.3,54.84,291.56,488.29,1
05-01-2024 12:22,9,400,333,60.82,67.04,121.13,196.58,4
05-01-2024 12:23,8,942,247,12.31,49.88,228.43,186.91,4
05-01-2024 12:24,5,304,343,63.49,20.25,37.43,441.95,4
05-01-2024 12:25,3,734,409,67.22,84.39,256.95,203.66,3
05-01-2024 12:26,10,358,370,51.41,67.12,55.36,106.2,4
05-01-2024 12:27,9,798,208,24.88,61.59,25.26,338.44,3
05-01-2024 12:28,6,880,312,18.62,63.27,33.84,60.56,2
05-01-2024 12:29,5,656,432,36.63,44.9,169.43,726.15,1
05-01-2024 12:30,3,898,469,49.54,88.83,91.1,372.2,2
05-01-2024 12:31,6,544,394,64.59,24.95,288.48,30.21,5
05-01-2024 12:32,3,106,297,10.11,70.44,256.54,195.23,4
05-01-2024 12:33,10,999,360,70.44,46.57,241.98,767.1,5
05-01-2024 12:34,6,452,211,70.58,81.08,243.84,407.18,3
05-01-2024 12:35,4,116,355,47.79,68.79,267.75,299.93,2
05-01-2024 12:36,2,95,59,39.19,57.17,260.24,265.79,4
05-01-2024 12:37,8,655,156,81.6,85.33,278.82,345.24,3
05-01-2024 12:38,4,699,122,76.69,83.43,280.64,185.18,2
05-01-2024 12:39,9,418,120,93.58,18.93,93,604.32,2
05-01-2024 12:40,7,654,297,41.61,29.44,69.77,416.48,3
05-01-2024 12:41,2,281,322,87.08,65.7,194.71,606.12,1
05-01-2024 12:42,4,451,435,17.43,84.14,41.38,218.42,2
05-01-2024 12:43,5,957,62,44.97,47.27,67.29,21.13,4
05-01-2024 12:44,3,610,158,49.56,17.87,233.02,773.66,5
05-01-2024 12:45,9,72,40,47.47,63.25,196.55,419.41,3
05-01-2024 12:46,5,623,242,63.13,29.6,197,82.2,1
05-01-2024 12:47,2,316,40,24.47,56.42,285.44,100.93,2
05-01-2024 12:48,3,890,453,83.65,43.85,201.95,359.05,5
05-01-2024 12:49,9,167,358,56.9,56.85,132.09,562.31,1
05-01-2024 12:50,7,649,190,86.86,84.93,87.7,329.38,3
05-01-2024 12:51,2,650,234,10.22,51.44,104.87,659.72,2
05-01-2024 12:52,9,104,15,63.55,17.59,86.95,276.67,2
05-01-2024 12:53,4,202,124,45.06,58.57,15.32,55.57,3
05-01-2024 12:54,9,288,228,52.93,39.43,82.16,26.47,5
05-01-2024 12:55,2,314,387,73.22,73.36,251.43,690.37,5
05-01-2024 12:56,10,317,280,29.31,50.24,219.83,787.88,4
05-01-2024 12:57,4,956,425,27.42,70.6,188.44,123.58,2
05-01-2024 12:58,5,162,447,69.76,83.16,271.15,68.39,3
05-01-2024 12:59,2,215,48,54.32,42.17,82.92,733.24,2
05-01-2024 13:00,10,717,189,29.86,89.2,175.42,98.59,4
05-01-2024 13:01,1,57,304,51.14,26.24,14.24,198.16,4
05-01-2024 13:02,7,763,47,49.06,63.29,268.14,645.28,1
05-01-2024 13:03,10,266,184,68.77,17.61,137.08,798.43,2
05-01-2024 13:04,1,480,105,10.23,30.98,57.47,399.09,3
05-01-2024 13:05,8,341,369,59.87,62.53,75.6,184.4,1
05-01-2024 13:06,3,942,460,61.48,18.46,255.23,681.22,3
05-01-2024 13:07,10,99,247,73.37,22.63,37.1,327.56,4
05-01-2024 13:08,6,156,264,85.58,36.83,277.93,232.66,5
05-01-2024 13:09,7,58,206,47.42,58.17,115.17,402.52,5
05-01-2024 13:10,10,794,18,39.11,16.2,79.07,687.52,3
05-01-2024 13:11,1,749,364,18.7,51.18,102.9,201.74,3
05-01-2024 13:12,6,505,251,38.63,61.93,125.65,350.59,5
05-01-2024 13:13,7,372,238,15.82,45.19,166.69,366.51,1
05-01-2024 13:14,6,358,340,78.24,20.07,178.11,669.56,5
05-01-2024 13:15,4,899,407,78.6,60.82,137.11,547.28,4
05-01-2024 13:16,1,671,453,45.47,60.44,136.68,628.78,2
05-01-2024 13:17,9,194,321,32.07,52.95,89.16,560.84,3
05-01-2024 13:18,4,789,365,20.03,66.99,118.22,482.29,1
05-01-2024 13:19,7,870,302,82.36,30.59,142.81,123.28,4
05-01-2024 13:20,7,461,66,84.59,65.89,181.29,669.7,2
05-01-2024 13:21,2,163,336,32.63,27.11,43.56,493.68,1
05-01-2024 13:22,1,624,453,62.85,44.45,230.37,566.91,3
05-01-2024 13:23,8,448,150,31.99,20.07,205.77,627.42,1
05-01-2024 13:24,8,324,193,29.14,76.43,93.14,263.13,4
05-01-2024 13:25,7,173,396,11.8,55.37,140.51,361.11,5
05-01-2024 13:26,8,135,147,59.06,87.83,284.34,442.21,3
05-01-2024 13:27,3,631,406,22.75,85.67,11.04,287.4,2
05-01-2024 13:28,2,96,183,11.05,89.89,244.35,221.66,3
05-01-2024 13:29,7,760,106,18.91,22.59,155.96,625.93,4
05-01-2024 13:30,8,925,236,36.67,60.49,187.55,607.91,2
05-01-2024 13:31,1,993,126,66.88,45.57,206.94,668.8,4
05-01-2024 13:32,10,250,446,27.22,54.95,139.53,563.42,3
05-01-2024 13:33,9,325,179,85.45,38.16,61.6,263.15,1
05-01-2024 13:34,4,598,432,34.52,18.61,273.33,275.06,4
05-01-2024 13:35,4,764,401,38.15,68.08,223.36,431.68,5
05-01-2024 13:36,3,179,13,28.53,87.44,170.08,671.76,5
05-01-2024 13:37,6,497,231,31.57,54.93,137.29,290.11,3
05-01-2024 13:38,1,853,28,16.3,39.72,152.3,617.43,2
05-01-2024 13:39,6,438,379,35.06,85.37,247.94,258.44,1
05-01-2024 13:40,2,625,323,83.07,42.35,8.69,284.05,2
05-01-2024 13:41,9,312,261,68.52,83.59,260.27,606.85,4
05-01-2024 13:42,2,681,100,84.4,79.18,18.79,549.29,3
05-01-2024 13:43,7,327,188,18.91,54.65,186.69,182.42,1
05-01-2024 13:44,1,763,399,48.73,65.77,103.27,665.08,3
05-01-2024 13:45,7,95,337,29.49,67.52,205.08,632,3
05-01-2024 13:46,5,217,300,71.3,63.08,30.24,641.99,3
05-01-2024 13:47,8,494,119,92.47,27.06,169.09,386.87,2
05-01-2024 13:48,4,671,46,79.31,66.96,257.29,276.34,4
05-01-2024 13:49,10,95,413,13,15.24,150.92,682.83,4
05-01-2024 13:50,7,773,68,36.92,68.25,29.88,478.81,2
05-01-2024 13:51,6,589,384,12.43,56.61,16.03,746.16,5
05-01-2024 13:52,5,136,480,13.41,34.48,188.25,217.99,1
05-01-2024 13:53,4,852,305,16.76,75.28,25.51,780.99,1
05-01-2024 13:54,7,434,171,33.49,45.4,26.03,315.79,2
05-01-2024 13:55,5,718,358,35.86,51.43,130.5,319.89,3
05-01-2024 13:56,5,314,196,44.04,17.08,66.8,206.28,3
05-01-2024 13:57,1,826,333,44.42,45.1,65.24,772.72,4
05-01-2024 13:58,2,71,20,75.57,27.55,146.89,50.98,2
05-01-2024 13:59,5,817,111,22.02,35.71,87.84,389.22,5
05-01-2024 14:00,3,752,146,23.41,33.91,69.68,305.08,5
05-01-2024 14:01,2,499,192,63.26,18.45,156.75,144.23,1
05-01-2024 14:02,4,281,433,58.6,49.54,90.81,576.33,1
05-01-2024 14:03,4,235,371,23.09,54.19,28.67,720.69,3
05-01-2024 14:04,4,375,426,82.44,57.83,206.41,209.98,3
05-01-2024 14:05,4,232,229,37.97,49.67,177.75,408.17,2
05-01-2024 14:06,3,446,12,41.19,80.21,67.57,471.01,3
05-01-2024 14:07,7,530,217,45.74,17.83,176.76,324.58,3
05-01-2024 14:08,9,452,478,37.43,61.04,286.9,738.8,4
05-01-2024 14:09,5,512,79,57.38,79.96,287.16,379.98,2
05-01-2024 14:10,4,466,375,43.04,18.08,161.92,786.57,1
05-01-2024 14:11,2,251,36,32.05,52.22,33.92,250.26,2
05-01-2024 14:12,2,114,264,86.88,59.18,140.16,77.13,5
05-01-2024 14:13,5,957,28,36.21,29.32,12.96,468.47,3
05-01-2024 14:14,7,604,372,69.37,33.94,127.48,662.21,1
05-01-2024 14:15,10,782,86,39.51,73.92,273.28,322.95,2
05-01-2024 14:16,10,66,188,46.99,57.55,142.9,164.38,1
05-01-2024 14:17,9,885,305,30.06,38.68,167.39,595.83,3
05-01-2024 14:18,7,846,254,73.95,72.36,51.62,231.29,1
05-01-2024 14:19,5,232,422,72.66,71,9.62,620.4,1
05-01-2024 14:20,10,440,80,11.89,40.91,298.05,224.61,1
05-01-2024 14:21,10,93,186,15.12,51.65,104.79,454.68,5
05-01-2024 14:22,10,950,5,88.4,64.84,87.41,712.39,4
05-01-2024 14:23,6,749,46,85.55,40.74,173.53,179.6,2
05-01-2024 14:24,3,951,354,53.02,62.18,224.87,660.14,1
05-01-2024 14:25,5,531,497,51.94,33.83,79.17,227.04,5
05-01-2024 14:26,8,312,102,79.06,36.9,159.62,535.32,1
05-01-2024 14:27,1,223,459,21.77,38.3,103.13,210.1,1
05-01-2024 14:28,1,490,2,65.56,85.2,146.88,109.36,4
05-01-2024 14:29,7,615,217,50.46,77.53,52.59,537.94,5
05-01-2024 14:30,5,269,25,73.18,57.39,155.48,484.01,4
05-01-2024 14:31,5,607,257,12.56,57.29,18.97,333.16,5
05-01-2024 14:32,1,443,223,60.38,19.21,252.8,48.61,2
05-01-2024 14:33,9,821,453,57.32,63.71,190.16,390.72,2
05-01-2024 14:34,1,244,424,81.47,39.61,282.74,135.99,4
05-01-2024 14:35,5,458,324,67.53,60.92,181.92,300.39,2
05-01-2024 14:36,10,520,499,84.81,78.02,58.74,477.23,1
05-01-2024 14:37,9,396,69,85.42,18.41,147.79,752.69,2
05-01-2024 14:38,4,511,197,44.69,60.53,201.09,418.82,2
05-01-2024 14:39,8,110,272,21.68,57.32,115.4,171.93,2
05-01-2024 14:40,6,215,182,63.57,30.51,168.03,758.06,1
05-01-2024 14:41,3,721,447,84.27,63.48,52.99,40.21,5
05-01-2024 14:42,4,200,18,16.37,56.61,234.25,521.4,2
05-01-2024 14:43,2,160,107,57.42,72.55,273.31,224.67,2
05-01-2024 14:44,1,537,17,19.77,23.3,97.89,610.86,3
05-01-2024 14:45,8,598,125,12.29,48.27,239.03,278.35,3
05-01-2024 14:46,1,52,483,67.77,89.84,32.12,354.42,5
05-01-2024 14:47,1,532,82,67.96,66.7,77.78,620.93,2
05-01-2024 14:48,4,62,4,61.06,66.32,141.25,720.3,2
05-01-2024 14:49,10,211,115,83.03,38.84,118.99,162.39,5
05-01-2024 14:50,10,393,351,16.87,22.04,187.79,251.11,5
05-01-2024 14:51,6,498,351,18.95,86.21,171.08,23.37,3
05-01-2024 14:52,9,381,137,83.49,22.91,30.75,688.13,1
05-01-2024 14:53,1,313,287,52.78,89.45,43.85,758.76,5
05-01-2024 14:54,7,132,389,33.21,24.43,20.25,237.97,3
05-01-2024 14:55,10,826,228,72.74,27.82,286.02,319.95,4
05-01-2024 14:56,5,973,16,86.02,38.13,195.38,354.59,1
05-01-2024 14:57,8,383,298,68.62,53.43,257.4,339.61,3
05-01-2024 14:58,7,429,425,77.31,74.28,164.67,326.44,5
05-01-2024 14:59,4,268,464,34.01,87.83,62.18,391.18,4
05-01-2024 15:00,4,707,212,34.55,41.91,189.85,139.95,4
05-01-2024 15:01,6,859,246,83.45,16.53,154.07,64.99,5
05-01-2024 15:02,6,858,286,62.26,61.25,125.42,584.35,5
05-01-2024 15:03,9,503,282,29.9,68.31,114.68,680.32,4
05-01-2024 15:04,5,722,177,54.55,44.81,196.77,651.95,1
05-01-2024 15:05,8,790,31,68.3,28.76,187.24,508.77,4
05-01-2024 15:06,5,795,50,28.58,37.95,49.71,775.67,5
05-01-2024 15:07,2,138,143,65.67,64.18,245.79,21.2,1
05-01-2024 15:08,6,382,52,13.58,52.06,192.65,269.24,3
05-01-2024 15:09,9,359,233,35.81,70.76,163.06,261.81,2
05-01-2024 15:10,3,776,166,67.29,31.36,225.93,292.74,2
05-01-2024 15:11,1,469,38,22.69,78.15,50.33,643.99,2
05-01-2024 15:12,1,658,491,28.89,26.69,276.32,294.17,3
05-01-2024 15:13,3,774,444,84.72,39.74,84.82,431.13,3
05-01-2024 15:14,10,403,20,67.32,59.34,82.51,498.87,4
05-01-2024 15:15,5,873,99,52.41,70.26,245.4,679.4,3
05-01-2024 15:16,3,149,215,27.93,34.96,103.53,500.37,3
05-01-2024 15:17,9,194,44,39.02,86.11,250.06,317.42,5
05-01-2024 15:18,8,59,111,58.82,67.96,101.76,561.9,3
05-01-2024 15:19,3,93,487,23.2,31.33,167.45,422.12,5
05-01-2024 15:20,9,812,89,50.95,69.43,73.1,432.15,4
05-01-2024 15:21,6,435,319,44.76,67.23,220.8,281.42,2
05-01-2024 15:22,7,788,118,50.52,71.45,54.25,21.25,1
05-01-2024 15:23,4,959,434,18.97,83.69,270.33,297.56,2
05-01-2024 15:24,4,810,406,19.05,68.38,114.64,256.12,4
05-01-2024 15:25,2,544,239,91.95,41.39,144.11,98.26,1
05-01-2024 15:26,5,542,72,93.25,74.29,12.09,174.94,2
05-01-2024 15:27,8,218,310,46.22,67.19,292.86,785.09,4
05-01-2024 15:28,7,691,393,77.06,58.07,244.89,238.26,4
05-01-2024 15:29,7,580,399,65.74,41.54,136.87,424.16,5
05-01-2024 15:30,6,385,304,19.94,84.08,276.48,448.48,3
05-01-2024 15:31,3,796,404,35.22,53.46,279.66,456.82,5
05-01-2024 15:32,5,906,163,36.66,62.11,162.25,56.92,5
05-01-2024 15:33,1,562,251,60.64,46.15,73.99,621.74,2
05-01-2024 15:34,7,179,357,59.3,73.56,148.7,589.67,4
05-01-2024 15:35,9,588,195,88.5,40.58,100.82,782.21,3
05-01-2024 15:36,1,563,60,77.15,75.8,137.16,164.06,4
05-01-2024 15:37,2,299,98,82.83,23.1,273.86,451.96,1
05-01-2024 15:38,3,783,418,85.75,68.17,88.14,646.99,2
05-01-2024 15:39,3,996,356,78.11,50.77,252.5,116.99,5
05-01-2024 15:40,8,187,355,38.29,67.41,280.91,635.87,3
05-01-2024 15:41,7,324,73,28.28,54.85,242.49,230.57,3
05-01-2024 15:42,6,513,222,58.6,25.07,160.54,239.06,3
05-01-2024 15:43,10,190,119,68.61,50.77,171.37,757.56,1
05-01-2024 15:44,10,993,182,42.86,87.34,246.79,264.82,5
05-01-2024 15:45,4,305,384,82.11,71.61,18.13,475.71,3
05-01-2024 15:46,9,931,218,91.65,37.51,222.1,363.27,4
05-01-2024 15:47,1,873,256,58.4,85.81,161.02,80.96,3
05-01-2024 15:48,2,505,396,48.81,73.42,122.16,761.38,3
05-01-2024 15:49,4,483,88,81.65,42.33,231.24,186.71,3
05-01-2024 15:50,3,656,361,12.06,60.27,83.54,228.8,1
05-01-2024 15:51,1,222,275,20.97,47,269.18,314.25,5
05-01-2024 15:52,5,522,492,81.88,22.25,208.1,408.86,4
05-01-2024 15:53,7,472,336,72.22,75.45,185,132.54,2
05-01-2024 15:54,2,966,26,45.37,29.33,159.32,511.35,3
05-01-2024 15:55,5,488,407,85.55,49.35,67.76,421.47,5
05-01-2024 15:56,6,106,121,39.87,67.7,187,256.35,1
05-01-2024 15:57,7,547,289,63.88,84.92,218.85,560.27,4
05-01-2024 15:58,1,663,362,63.92,19.7,8.45,420.98,5
05-01-2024 15:59,7,218,441,25.67,44.49,113.09,675.73,3
05-01-2024 16:00,4,631,30,34.21,61.1,250.58,687.22,5
05-01-2024 16:01,8,899,407,87.86,73.45,191.5,784.48,1
05-01-2024 16:02,4,610,202,25.59,84.07,186.5,72.52,2
05-01-2024 16:03,6,477,382,24.75,15.04,72.44,336.04,1
05-01-2024 16:04,9,468,36,50.77,62.08,191.47,411.18,2
05-01-2024 16:05,5,396,125,17.84,15.52,236.91,202.37,3
05-01-2024 16:06,4,566,223,86.04,74.04,123.52,739.19,4
05-01-2024 16:07,8,504,235,18.51,26.22,58.72,88.74,1
05-01-2024 16:08,9,763,124,62.41,82.1,27.8,354.23,4
05-01-2024 16:09,4,251,470,38.88,26.63,154.18,164.45,1
05-01-2024 16:10,3,228,171,78.36,72.32,206.74,552.07,4
05-01-2024 16:11,8,106,491,60.13,36.7,52.98,569.89,2
05-01-2024 16:12,5,747,486,43.01,56.79,129.33,700.56,5
05-01-2024 16:13,2,653,495,93.63,60.63,172.75,339,5
05-01-2024 16:14,10,853,450,15.63,30.51,50.98,624.59,2
05-01-2024 16:15,9,955,181,59.11,37.4,84.62,448.67,2
05-01-2024 16:16,3,995,215,94.11,23.06,184.48,653.57,3
05-01-2024 16:17,2,550,118,68.73,15.4,218.88,86.6,1
05-01-2024 16:18,1,788,227,72.88,32.96,192.62,381.49,4
05-01-2024 16:19,8,982,379,12.73,53.7,215.52,137.44,2
05-01-2024 16:20,3,161,444,11.82,68.52,176.54,636.48,4
05-01-2024 16:21,7,197,37,13.07,74.52,251.57,139.08,1
05-01-2024 16:22,1,830,317,94.3,20.23,248.89,26.29,4
05-01-2024 16:23,1,764,96,93.26,35.43,239.89,745.03,5
05-01-2024 16:24,9,427,120,38.43,72.77,174.76,397.99,3
05-01-2024 16:25,8,926,491,34.73,51.07,298.27,788.45,1
05-01-2024 16:26,3,964,437,22.41,28.66,16.54,373.34,1
05-01-2024 16:27,6,397,12,37.98,44.42,62.72,480.82,3
05-01-2024 16:28,3,407,122,41.46,35.25,243.62,600.46,1
05-01-2024 16:29,4,105,35,73.6,18.8,248.76,239.02,3
05-01-2024 16:30,1,862,489,83.63,72.27,246.53,123.63,2
05-01-2024 16:31,5,365,251,73.47,36.88,262.45,535.68,2
05-01-2024 16:32,1,234,67,64.95,85.88,129.67,418.34,4
05-01-2024 16:33,1,103,482,75.1,81.61,279.89,664.9,5
05-01-2024 16:34,10,86,38,72.77,68.72,66.71,55.15,5
05-01-2024 16:35,7,772,280,50.44,39.5,281.4,444.92,1
05-01-2024 16:36,6,854,230,38.55,35.99,169.22,164.89,1
05-01-2024 16:37,2,319,337,34.04,50.65,53.35,501.51,4
05-01-2024 16:38,2,912,168,67.75,41.6,222.14,613.14,5
05-01-2024 16:39,7,781,449,91.54,82.59,92.28,225.15,2
05-01-2024 16:40,1,557,441,59.39,24.26,70.03,395.8,2
05-01-2024 16:41,2,277,328,87.56,69.34,55.76,347.76,3
05-01-2024 16:42,8,477,246,11.21,60.82,13.67,608.8,2
05-01-2024 16:43,6,919,79,77.53,75.47,230.57,487.9,5
05-01-2024 16:44,2,772,114,82.56,55.69,148.52,114.15,3
05-01-2024 16:45,7,859,301,63.63,62.22,293.73,781.86,1
05-01-2024 16:46,4,50,217,89.4,87.21,134.59,731.62,4
05-01-2024 16:47,2,72,200,60.14,21.9,253.79,471.4,5
05-01-2024 16:48,6,552,381,30.45,22.86,290.59,626.43,2
05-01-2024 16:49,9,497,352,28.34,44.52,11.63,35.58,3
05-01-2024 16:50,9,845,242,57.25,50.45,36.07,177.16,2
05-01-2024 16:51,8,545,13,87.05,29.99,107.62,618.93,1
05-01-2024 16:52,3,949,366,16.15,21.2,261.68,102.83,2
05-01-2024 16:53,3,474,207,61.37,16.66,252.2,53.33,2
05-01-2024 16:54,2,749,262,75.43,72.34,113.19,500.26,4
05-01-2024 16:55,5,67,97,19.81,51.38,63.97,46.71,2
05-01-2024 16:56,4,494,71,19.93,78.26,241.68,162.83,4
05-01-2024 16:57,7,610,481,41.12,42.06,181.09,82.39,3
05-01-2024 16:58,4,608,303,33.28,67.76,14.32,436.73,1
05-01-2024 16:59,9,676,349,26.86,51.64,242.24,548.01,4
05-01-2024 17:00,2,88,230,26.89,60.91,287.3,162.98,2
05-01-2024 17:01,6,778,357,21.11,42.76,17.42,385.63,3
05-01-2024 17:02,7,259,300,61.92,21.09,89.33,35.73,4
05-01-2024 17:03,4,823,32,68.49,86.05,246.74,226.44,4
05-01-2024 17:04,6,260,250,69.75,77.71,177.47,160.09,3
05-01-2024 17:05,7,614,254,55.25,38.39,296.86,149.45,1
05-01-2024 17:06,4,330,259,91,86.9,275.07,195.52,3
05-01-2024 17:07,8,916,182,84.85,37.54,57.59,648.17,1
05-01-2024 17:08,9,882,340,91.4,48.22,203.84,760.81,1
05-01-2024 17:09,1,182,462,43.05,71.64,197.72,570.72,2
05-01-2024 17:10,7,498,476,84.61,38.18,37.7,76.36,4
05-01-2024 17:11,9,313,166,74.84,39.34,31.41,509.97,3
05-01-2024 17:12,10,856,4,38.9,45.76,172.99,592.61,1
05-01-2024 17:13,5,160,463,19.06,50.13,123.88,106.68,3
05-01-2024 17:14,2,604,145,68.02,24.27,165.91,249.57,4
05-01-2024 17:15,10,899,165,21.6,16.31,75.45,354.14,3
05-01-2024 17:16,6,287,344,34.97,83.94,169.22,262.36,5
05-01-2024 17:17,7,940,486,52.53,41.49,118.1,424.29,3
05-01-2024 17:18,2,506,362,67.79,22.63,266.82,122.12,1
05-01-2024 17:19,2,950,105,88.73,71.94,95.3,366.9,2
05-01-2024 17:20,10,808,36,60.43,37.13,261.9,591.96,5
05-01-2024 17:21,10,565,314,67.07,28.62,120.05,379.53,2
05-01-2024 17:22,1,925,169,36.35,87.2,175.56,184.14,2
05-01-2024 17:23,4,910,8,68.42,84.04,89.48,645.65,4
05-01-2024 17:24,7,946,451,47.21,22.93,243.68,327.63,2
05-01-2024 17:25,9,911,414,82.84,82.45,253.88,351.57,2
05-01-2024 17:26,3,873,86,43.36,81.82,243.67,298.95,3
05-01-2024 17:27,7,222,436,49.8,62.58,193.75,245.99,5
05-01-2024 17:28,7,242,97,46.77,54.73,94.91,489.52,5
05-01-2024 17:29,7,564,409,78.95,31.31,192.76,166.49,3
05-01-2024 17:30,2,839,436,91.06,24.1,288.06,620,1
05-01-2024 17:31,6,617,315,37.82,60.48,196.27,395.73,5
05-01-2024 17:32,2,835,30,50.38,76.65,287.14,709.2,5
05-01-2024 17:33,6,458,101,70,66.65,94.85,752.33,5
05-01-2024 17:34,10,737,67,86.11,28.56,254.57,318.72,4
05-01-2024 17:35,3,677,388,51.96,36.75,216.95,143.88,5
05-01-2024 17:36,2,133,349,19.26,55.98,246.67,414.1,1
05-01-2024 17:37,6,720,441,41.34,61.87,214.68,230.95,5
05-01-2024 17:38,2,847,63,56.78,20.42,146.71,352.69,1
05-01-2024 17:39,5,129,32,45.49,61.05,207.54,314.41,5
05-01-2024 17:40,2,627,87,25.86,70.22,279.97,371.37,1
05-01-2024 17:41,3,258,211,13.14,28.6,128.17,408.88,3
05-01-2024 17:42,3,571,463,68.43,33.47,285.76,509.39,5
05-01-2024 17:43,6,248,51,94.38,34.42,19.57,22.97,1
05-01-2024 17:44,6,620,63,88.13,85.49,9.18,220.01,4
05-01-2024 17:45,10,283,80,68.08,45.53,150.67,152.8,4
05-01-2024 17:46,3,868,343,81.53,54.79,255.31,574.15,3
05-01-2024 17:47,3,293,232,31.74,69.32,78.11,669.22,2
05-01-2024 17:48,1,940,366,62.91,42.86,209.56,586.09,4
05-01-2024 17:49,7,442,101,15.15,22.92,166.34,780.24,5
05-01-2024 17:50,8,615,129,70.11,64.07,90.78,80.25,3
05-01-2024 17:51,2,495,19,92.44,65.05,89.31,382.51,1
05-01-2024 17:52,4,898,357,83.17,34.54,26.62,721.51,1
05-01-2024 17:53,10,442,419,55.43,17.64,163.18,268.89,1
05-01-2024 17:54,7,58,447,77.04,64.9,137.79,645.81,1
05-01-2024 17:55,8,662,94,90.23,67.76,90.38,458.16,5
05-01-2024 17:56,1,969,81,28.36,16.95,291.28,783.27,4
05-01-2024 17:57,4,856,103,77.43,66.99,246.45,309.4,1
05-01-2024 17:58,6,764,369,32.94,85.42,159.86,345.39,5
05-01-2024 17:59,3,953,154,84.54,28.41,158.9,147.77,3
05-01-2024 18:00,5,202,269,18.36,54.1,62.12,144.52,5
05-01-2024 18:01,10,159,118,25.15,67.26,196.49,691.58,3
05-01-2024 18:02,9,883,342,71.25,32.26,286.32,337.69,4
05-01-2024 18:03,3,315,494,24.86,71.37,270,503.96,1
05-01-2024 18:04,5,422,279,23.43,80.11,30.01,606.76,2
05-01-2024 18:05,8,201,492,57.21,76.09,20.66,361.83,3
05-01-2024 18:06,6,644,363,80.97,34.42,288.57,763.95,2
05-01-2024 18:07,4,464,225,32.82,75.32,63.97,751.78,5
05-01-2024 18:08,8,956,475,81.5,46,167.37,550.49,5
05-01-2024 18:09,3,695,419,78.68,34.98,27.04,796.26,2
05-01-2024 18:10,3,375,268,59.22,27.6,253.77,22.07,4
05-01-2024 18:11,4,721,137,64.96,83.17,39.77,27.22,1
05-01-2024 18:12,9,600,226,13.44,47.02,194.91,72.68,5
05-01-2024 18:13,5,225,334,41.21,79.93,21.71,755.95,2
05-01-2024 18:14,8,574,229,32.39,26.97,51.22,491.77,2
05-01-2024 18:15,6,364,323,22.75,72.52,156.08,743.62,3
05-01-2024 18:16,3,116,108,43.12,23.25,18.48,119.14,2
05-01-2024 18:17,8,809,300,40.17,16.32,62.71,44.94,2
05-01-2024 18:18,9,602,445,71.96,89.63,45.17,443.76,3
05-01-2024 18:19,8,233,405,60.84,20.52,16.97,156.67,3
05-01-2024 18:20,4,84,7,87.61,49.62,291.44,690.67,5
05-01-2024 18:21,6,983,128,22.36,80.88,137.8,347.92,4
05-01-2024 18:22,1,554,353,15.08,76.45,258.39,620.96,5
05-01-2024 18:23,4,898,483,55.44,50.34,110.68,422.82,4
05-01-2024 18:24,8,851,267,10.09,60.81,17.56,432.36,1
05-01-2024 18:25,1,125,173,76.96,62.23,210.22,551.84,3
05-01-2024 18:26,3,521,416,53.01,23.24,16.43,281.65,5
05-01-2024 18:27,1,631,214,51.49,36.37,168.07,760.1,3
05-01-2024 18:28,9,795,247,40.81,37.57,46.04,332.32,3
05-01-2024 18:29,2,572,106,41.87,43.36,202.89,330.47,4
05-01-2024 18:30,9,929,83,46.65,35.54,268.35,571.79,2
05-01-2024 18:31,4,332,292,11.36,33.86,286.95,516.28,2
05-01-2024 18:32,2,865,374,17.1,41.61,160.69,796.71,3
05-01-2024 18:33,4,585,421,52.93,43.44,162.15,683.18,5
05-01-2024 18:34,10,323,203,22.76,51.54,16.29,241.98,5
05-01-2024 18:35,6,588,41,76.19,28.02,232.11,99.21,4
05-01-2024 18:36,7,103,205,33.33,74.13,287.08,103.17,1
05-01-2024 18:37,3,104,348,18.32,79.55,134.28,302.05,5
05-01-2024 18:38,3,937,49,29.99,33.61,239.14,392.21,1
05-01-2024 18:39,10,794,143,40.35,24.25,240.25,516.96,3
05-01-2024 18:40,8,326,141,13,69.17,236.78,689.03,4
05-01-2024 18:41,5,492,53,22.04,84.32,228.81,791.84,4
05-01-2024 18:42,4,932,107,37.53,17.64,68.45,338.8,3
05-01-2024 18:43,7,467,33,36.39,16.08,226.67,445.55,3
05-01-2024 18:44,7,681,200,78.03,28.76,47.6,488.58,1
05-01-2024 18:45,9,274,119,81.68,66.36,215.19,455.68,5
05-01-2024 18:46,9,619,288,26.44,87.36,6.04,90.44,5
05-01-2024 18:47,5,304,229,20.53,71.28,276.05,109.73,2
05-01-2024 18:48,8,225,118,63.9,57.98,249.08,713.23,1
05-01-2024 18:49,10,615,176,78.39,67.54,206.47,546.96,4
05-01-2024 18:50,1,195,452,91.92,32.3,32.87,549.43,1
05-01-2024 18:51,9,820,185,10.58,66.64,248.37,655.53,1
05-01-2024 18:52,8,713,318,45.16,39.11,263.18,85.63,3
05-01-2024 18:53,6,434,499,72.39,31.68,207.96,344.07,3
05-01-2024 18:54,3,311,338,80.43,32.74,292.89,212.41,3
05-01-2024 18:55,3,580,215,15.29,65.08,32.4,535.43,3
05-01-2024 18:56,8,903,221,67.85,72.54,214.05,187.65,3
05-01-2024 18:57,5,420,130,34.56,58.64,159.81,559.86,1
05-01-2024 18:58,10,732,333,16.34,19.79,47.95,322.56,3
05-01-2024 18:59,7,940,272,51.57,17.85,199.23,362.74,5
05-01-2024 19:00,5,953,246,23.44,31.29,240.86,658.05,5
05-01-2024 19:01,8,246,123,72.65,36.49,53.6,291.57,2
05-01-2024 19:02,10,997,8,73.01,45.36,239.08,220.15,5
05-01-2024 19:03,10,634,403,81.58,20.7,32.43,683.21,2
05-01-2024 19:04,4,864,416,42.09,69.39,179.46,554.61,5
05-01-2024 19:05,2,646,67,11.13,68.36,240.55,335.04,4
05-01-2024 19:06,3,333,115,32.08,41,48.06,408.88,2
05-01-2024 19:07,8,351,369,49.76,57.23,173.6,291.33,1
05-01-2024 19:08,7,181,288,68.99,22.57,130.34,449.94,3
05-01-2024 19:09,2,169,105,42.47,46.14,184.15,128.18,2
05-01-2024 19:10,6,777,469,55.56,79.32,130.15,712.98,5
05-01-2024 19:11,9,185,25,54.56,64.55,79.02,452.16,1
05-01-2024 19:12,4,677,53,24.02,22.8,79.87,320.51,5
05-01-2024 19:13,9,622,247,62.96,78.57,260.09,465.84,1
05-01-2024 19:14,2,578,337,47.34,66.05,51.15,145.73,5
05-01-2024 19:15,2,83,281,78.67,48.98,41.32,81.21,3
05-01-2024 19:16,9,581,33,68.7,66.91,33.64,447.54,4
05-01-2024 19:17,7,257,287,19.47,27.96,26.88,74.99,5
05-01-2024 19:18,7,723,36,51.54,56.29,9.28,535.48,5
05-01-2024 19:19,1,348,343,69.71,61.34,52.32,644.19,2
05-01-2024 19:20,6,571,379,17.4,84.58,61.85,790.93,3
05-01-2024 19:21,7,143,239,77.36,20.02,84.57,620.01,1
05-01-2024 19:22,6,463,492,28.87,43.11,41.59,779.82,2
05-01-2024 19:23,6,420,217,52.76,85.26,32.78,37.3,3
05-01-2024 19:24,2,458,177,89.95,31.29,164.74,455.9,3
05-01-2024 19:25,6,432,44,58.56,75.99,217.01,148.49,2
05-01-2024 19:26,4,490,304,46.04,15.12,190.91,211.21,1
05-01-2024 19:27,9,927,158,10.58,16.94,169.23,592.94,4
05-01-2024 19:28,1,496,269,21.34,39.57,134.97,217.2,2
05-01-2024 19:29,8,668,171,59.19,72.64,192.02,160.25,5
05-01-2024 19:30,5,666,495,51.98,22.81,271.05,310.04,4
05-01-2024 19:31,1,120,221,40.93,43.71,190.09,84.94,1
05-01-2024 19:32,4,992,400,88.47,24.86,22.95,134.27,1
05-01-2024 19:33,1,133,230,38.26,31.77,173.27,134.23,2
05-01-2024 19:34,6,258,91,55.66,52.72,159.64,196.32,2
05-01-2024 19:35,2,308,410,58.34,38.94,138.35,699.15,4
05-01-2024 19:36,5,288,459,54.83,30.89,172.79,250.28,4
05-01-2024 19:37,7,351,431,50.59,44.51,203.42,233.62,5
05-01-2024 19:38,2,281,421,38.65,67.58,15.99,118.27,5
05-01-2024 19:39,6,981,131,87.24,23.96,146.66,32.56,5
05-01-2024 19:40,6,331,410,48.32,50.97,246.08,145.1,4
05-01-2024 19:41,5,443,226,54.92,35.6,161.58,583.92,3
05-01-2024 19:42,5,467,225,65.8,43.4,25.02,776.48,4
05-01-2024 19:43,3,255,143,15.75,76.62,233.65,600.17,5
05-01-2024 19:44,10,313,66,76.41,84.73,282.69,685.52,3
05-01-2024 19:45,10,360,28,53.56,33.22,256.29,633.66,5
05-01-2024 19:46,2,908,125,65.86,62.25,111.96,250.92,3
05-01-2024 19:47,7,955,212,75.62,65.75,162.77,590.36,1
05-01-2024 19:48,1,746,422,84.3,78.19,179.44,605.46,4
05-01-2024 19:49,6,675,428,43.34,82.43,216.16,221.68,1
05-01-2024 19:50,6,128,437,78.97,50.1,201.49,738.11,2
05-01-2024 19:51,3,918,80,32,88.69,63.73,798.4,1
05-01-2024 19:52,2,391,238,66.13,87.81,253.7,457.81,1
05-01-2024 19:53,2,862,132,18.73,52.99,255.51,266.94,2
05-01-2024 19:54,9,611,328,11.7,55.65,124.28,298.94,4
05-01-2024 19:55,5,881,300,18.14,65.08,43.62,474.31,5
05-01-2024 19:56,7,144,119,37.15,43.04,184.53,26.07,4
05-01-2024 19:57,5,819,46,12.64,64.65,110.39,260.5,5
05-01-2024 19:58,7,990,84,63.59,53.57,223.71,58.22,2
05-01-2024 19:59,4,400,282,36.91,17.66,98.12,506.86,3
05-01-2024 20:00,8,111,352,72.59,78.95,82.58,491.16,2
05-01-2024 20:01,10,191,13,13.9,85.53,260.97,481.02,4
05-01-2024 20:02,10,891,125,28.42,16.97,186.67,137.77,3
05-01-2024 20:03,7,783,325,44.68,74.19,30.37,756.76,2
05-01-2024 20:04,10,917,172,42.53,43.94,208.36,436.7,4
05-01-2024 20:05,5,160,234,21.13,58.92,227.06,453.57,3
05-01-2024 20:06,6,665,181,94.5,52.5,74.39,444.52,4
05-01-2024 20:07,5,576,51,34.18,56.35,290.46,429.04,2
05-01-2024 20:08,7,831,269,71.29,52.14,114.99,751.97,1
05-01-2024 20:09,2,720,169,28.7,79,282.47,489.58,1
05-01-2024 20:10,5,206,395,84.62,66.26,91.62,398.4,2
05-01-2024 20:11,10,588,421,42.96,45.95,184.71,617.83,5
05-01-2024 20:12,3,646,316,86.58,66.64,157.68,216.14,4
05-01-2024 20:13,9,58,288,39.06,87.38,297.69,169.77,2
05-01-2024 20:14,6,325,429,10.73,21.02,125.46,362.59,1
05-01-2024 20:15,10,276,490,53.95,44.11,57.89,32.23,4
05-01-2024 20:16,3,235,274,54.61,80.28,250.8,248.94,5
05-01-2024 20:17,7,640,349,20.19,70.43,17.4,347.66,1
05-01-2024 20:18,4,265,207,29.97,85.12,266.06,471.39,3
05-01-2024 20:19,3,482,148,76.6,17.99,37.62,443.7,5
05-01-2024 20:20,8,618,300,13.12,79.71,173.74,306.57,4
05-01-2024 20:21,4,705,420,51.61,74.38,215.46,287.75,1
05-01-2024 20:22,1,405,453,55.08,76.13,104.22,21.03,4
05-01-2024 20:23,6,892,488,68.54,59.79,254.2,707.27,1
05-01-2024 20:24,10,441,37,13.18,18.89,180.14,200.39,1
05-01-2024 20:25,1,628,161,59.78,55.43,121.57,299.24,3
05-01-2024 20:26,5,324,466,10.26,45.58,100.98,35.8,3
05-01-2024 20:27,7,543,383,32.54,54.53,38.04,766.34,1
05-01-2024 20:28,6,666,275,52.47,70.52,193.91,405.77,3
05-01-2024 20:29,2,500,435,87.46,59.7,112.39,38.15,3
05-01-2024 20:30,4,469,288,20.76,36.94,99.57,215.93,5
05-01-2024 20:31,2,749,106,24.39,59.96,285.23,705.82,3
05-01-2024 20:32,1,213,22,66.89,21.24,85.48,313.05,5
05-01-2024 20:33,3,828,233,41.86,15.4,263.59,557.74,2
05-01-2024 20:34,3,612,122,62.99,45.11,292.59,498.8,5
05-01-2024 20:35,7,687,129,94.78,71.79,247.71,388.11,5
05-01-2024 20:36,1,641,310,93.88,76.7,10.76,669.91,1
05-01-2024 20:37,9,232,217,40.07,56.24,261.24,51.48,2
05-01-2024 20:38,6,359,148,52.83,80.1,67.96,731.69,2
05-01-2024 20:39,4,66,58,86.9,24.44,109.22,580.08,4
05-01-2024 20:40,3,495,419,17.83,87.31,297.52,693.7,2
05-01-2024 20:41,3,219,237,48.45,84.13,124.47,33.21,4
05-01-2024 20:42,2,329,70,42.09,59.94,198.18,86.14,4
05-01-2024 20:43,2,962,454,35.07,19.4,96.66,180.59,5
05-01-2024 20:44,10,865,189,94.51,49.07,113.98,482.98,5
05-01-2024 20:45,5,389,242,72.35,28.45,181.3,92.09,1
05-01-2024 20:46,9,775,63,43.04,62.13,284.74,746.61,1
05-01-2024 20:47,2,759,485,80.47,29.25,88.32,603.9,3
05-01-2024 20:48,2,568,241,51.62,51.13,77.97,649.93,4
05-01-2024 20:49,6,959,445,84.19,30.42,12.75,475.4,3
05-01-2024 20:50,10,60,185,32.64,28.64,64.62,512.14,1
05-01-2024 20:51,2,573,259,29.01,33.59,82.41,192.43,2
05-01-2024 20:52,4,671,229,31.02,17.19,23.55,729.83,3
05-01-2024 20:53,6,182,223,55.77,68.71,171.26,526.16,1
05-01-2024 20:54,5,950,99,34.76,38,42.4,345.84,5
05-01-2024 20:55,1,689,247,22.51,67.36,155.77,707.7,4
05-01-2024 20:56,6,197,45,94.54,64.01,60.75,693.78,3
05-01-2024 20:57,1,615,399,86.54,19.96,281.04,20.42,1
05-01-2024 20:58,3,872,273,63.98,38.4,95.59,741.37,3
05-01-2024 20:59,10,128,399,85.78,57.51,32.41,303.47,3
05-01-2024 21:00,5,395,5,89.51,83.88,251.67,349.27,1
05-01-2024 21:01,10,658,470,67.47,45.1,123.6,86.54,1
05-01-2024 21:02,5,298,430,54.09,52.86,246.94,704.51,4
05-01-2024 21:03,10,688,11,84.97,71.26,97.18,440.58,3
05-01-2024 21:04,6,591,448,58.26,75.25,152.51,726.45,2
05-01-2024 21:05,10,73,348,20.78,84.25,136.38,629.04,3
05-01-2024 21:06,8,520,398,41.18,52.29,169.58,720.43,5
05-01-2024 21:07,5,250,39,47.9,29.54,123.49,759.64,1
05-01-2024 21:08,1,180,451,89.51,72.33,151.56,711.01,5
05-01-2024 21:09,5,683,439,66.03,24.42,205.4,183.67,5
05-01-2024 21:10,3,405,42,84.4,46.38,127.33,74.69,3
05-01-2024 21:11,4,993,203,74.4,62.12,206.9,503.8,3
05-01-2024 21:12,8,888,94,36.34,66.89,215.72,140.94,3
05-01-2024 21:13,7,199,486,71.09,69.98,225.93,693.22,3
05-01-2024 21:14,5,575,5,26.6,29.51,143.93,759.02,4
05-01-2024 21:15,2,353,52,44.69,88.62,6.12,114.6,5
05-01-2024 21:16,6,590,150,78.52,28.38,227.29,203.95,2
05-01-2024 21:17,6,99,205,62.01,22.21,273.18,507.68,4
05-01-2024 21:18,10,513,300,80.16,64.8,197.52,585.7,5
05-01-2024 21:19,10,289,499,31.65,83.25,159.74,419.6,1
05-01-2024 21:20,6,531,371,73.73,56.95,170.08,307.85,3
05-01-2024 21:21,9,955,469,27.2,59.66,194.04,258.7,3
05-01-2024 21:22,8,504,187,56.35,55.39,299.56,539.46,3
05-01-2024 21:23,8,332,485,46.85,18.21,23.31,600.76,5
05-01-2024 21:24,1,384,153,57.3,66.1,11.25,245.29,1
05-01-2024 21:25,5,401,383,21.52,41.86,289.43,274.28,1
05-01-2024 21:26,7,717,116,40.7,85.18,134.94,378.85,4
05-01-2024 21:27,6,698,149,66.69,29.01,185.64,371.17,4
05-01-2024 21:28,5,376,220,57.48,37.66,227.27,677.27,5
05-01-2024 21:29,8,385,192,56.66,52.86,223.92,360.79,4
05-01-2024 21:30,3,715,233,53.42,50.8,195.92,783.16,4
05-01-2024 21:31,6,130,324,90.23,45.02,144.21,262.55,3
05-01-2024 21:32,5,136,221,89.44,38.58,174.94,560.4,4
05-01-2024 21:33,8,825,47,40.61,26.04,220.25,611.97,4
05-01-2024 21:34,4,307,127,39.91,76.57,255.99,511.72,4
05-01-2024 21:35,8,234,291,57.17,48.66,42.55,306.3,5
05-01-2024 21:36,10,741,215,18.13,57.97,87,220.78,4
05-01-2024 21:37,2,747,7,35.76,55.99,122.29,491.34,2
05-01-2024 21:38,9,172,184,29.62,58.16,201.32,533.73,2
05-01-2024 21:39,9,938,116,28.99,67.86,121.72,220.95,4
05-01-2024 21:40,10,145,52,64.27,62.2,75.47,282.46,2
05-01-2024 21:41,10,654,366,42.67,35.54,14.78,692.41,3
05-01-2024 21:42,6,564,46,24.55,56.53,253.54,652.2,5
05-01-2024 21:43,4,953,393,85.44,33.34,128.59,163.35,4
05-01-2024 21:44,4,492,442,84.3,59.16,102.12,748.02,2
05-01-2024 21:45,6,563,23,83.31,47.4,161.59,509.87,3
05-01-2024 21:46,5,420,131,43.21,17.96,41.26,407.47,3
05-01-2024 21:47,6,354,127,14.84,70.05,122.22,176.67,4
05-01-2024 21:48,7,406,445,19.07,35.6,226.78,589.55,3
05-01-2024 21:49,7,197,265,33.46,84.01,222.15,738.22,3
05-01-2024 21:50,9,334,309,28.7,36.04,232.71,70.66,4
05-01-2024 21:51,8,706,196,84.29,89.75,142.89,426.18,2
05-01-2024 21:52,6,891,433,93.84,49.72,113.83,704.16,1
05-01-2024 21:53,6,922,473,79.42,16.98,250.27,762.97,5
05-01-2024 21:54,5,967,454,72.04,20.72,56.12,76.27,4
05-01-2024 21:55,1,311,48,60.03,21.16,218.92,637.02,2
05-01-2024 21:56,9,623,379,75.44,19.22,266.94,239.5,3
05-01-2024 21:57,9,540,82,90.5,35.08,89.41,442.37,1
05-01-2024 21:58,9,787,109,61.11,39.34,63.35,631.31,3
05-01-2024 21:59,8,80,263,23.14,23.35,156.19,445.2,1
05-01-2024 22:00,10,751,355,23.93,47.86,68.84,105.85,1
05-01-2024 22:01,3,936,31,59.63,42.4,261.88,480.62,2
05-01-2024 22:02,1,317,358,38.34,62.72,77.1,111.89,4
05-01-2024 22:03,8,61,56,87.37,29.69,97.62,291.01,2
05-01-2024 22:04,7,240,480,61.99,83.55,267.08,455.42,4
05-01-2024 22:05,5,449,355,67.5,53.7,65.66,793.3,2
05-01-2024 22:06,10,586,189,10.49,61.78,266.01,587.01,1
05-01-2024 22:07,7,967,476,52.4,17.96,66.89,256.58,2
05-01-2024 22:08,10,140,492,46.65,56.93,273.98,703.71,5
05-01-2024 22:09,4,649,5,70,42.61,98.7,196.39,4
05-01-2024 22:10,9,893,286,42.52,84.31,77.64,319.51,4
05-01-2024 22:11,10,550,278,93.01,81.42,145.77,524.68,2
05-01-2024 22:12,2,835,145,66.97,62.82,113.92,340.24,1
05-01-2024 22:13,9,350,394,66.09,72.59,64.52,589.07,1
05-01-2024 22:14,9,160,455,88.14,63.34,104.81,527.47,3
05-01-2024 22:15,5,129,196,94.59,16.27,215.4,540.48,2
05-01-2024 22:16,1,885,426,26.81,67.73,250.41,347.81,3
05-01-2024 22:17,7,701,27,78.9,28.28,247.12,63,1
05-01-2024 22:18,10,482,127,23.8,66.19,228.26,700.71,3
05-01-2024 22:19,10,466,135,48.85,15.79,6.6,77.74,4
05-01-2024 22:20,4,263,23,18.52,38.32,130.85,381.95,4
05-01-2024 22:21,9,496,331,62.99,53.77,54.85,255.51,5
05-01-2024 22:22,6,67,117,49.82,39.99,26.68,251.14,4
05-01-2024 22:23,3,103,392,63.44,67.05,222.09,196.77,5
05-01-2024 22:24,6,929,8,67.63,54.2,239.08,231.89,1
05-01-2024 22:25,10,658,101,62.65,86.98,245.31,765.17,5
05-01-2024 22:26,6,844,261,34.99,41.84,267.64,778.2,2
05-01-2024 22:27,5,795,199,81.14,69.14,179.06,465.32,2
05-01-2024 22:28,2,289,86,56.89,77.69,299.45,429.23,4
05-01-2024 22:29,10,895,228,51.64,34.02,147.7,57.72,5
05-01-2024 22:30,10,970,386,93.9,71.56,265.63,646.91,2
05-01-2024 22:31,2,467,472,34.1,44.5,38.32,153.03,5
05-01-2024 22:32,7,905,179,54.88,24.65,48.93,131.22,1
05-01-2024 22:33,2,535,450,68,15.27,179.15,350.78,3
05-01-2024 22:34,6,493,240,20.64,70.78,41.62,291.08,2
05-01-2024 22:35,5,615,12,40.11,28.97,27.21,95.38,5
05-01-2024 22:36,4,648,303,78.14,18.84,62.84,135.39,2
05-01-2024 22:37,7,822,234,30.12,52.29,237.32,794.02,2
05-01-2024 22:38,8,797,183,51.93,41,278.6,593.16,1
05-01-2024 22:39,4,172,282,63.6,66.89,103.37,486.87,2
05-01-2024 22:40,1,469,358,67.05,23.05,292.55,256.82,3
05-01-2024 22:41,1,615,376,71.91,24.95,243.82,354.18,2
05-01-2024 22:42,1,265,429,83.61,45.31,71.7,509.83,1
05-01-2024 22:43,1,469,190,43.39,54.03,177.9,631.74,4
05-01-2024 22:44,5,758,326,70.06,76.81,294.63,758.2,1
05-01-2024 22:45,4,600,215,72.23,58.92,255.39,115.69,1
05-01-2024 22:46,9,926,258,35.52,82.69,112.19,169.48,5
05-01-2024 22:47,3,277,26,92.29,31.33,95.37,462.71,5
05-01-2024 22:48,7,286,270,83.54,59.72,246.68,752.02,4
05-01-2024 22:49,8,693,82,34.64,64.14,167,372.98,3
05-01-2024 22:50,6,379,358,67.38,69.44,53.22,514.48,2
05-01-2024 22:51,10,882,185,71.01,89.15,101.71,249.11,1
05-01-2024 22:52,1,518,288,46.68,50.1,200.23,653.16,4
05-01-2024 22:53,8,729,62,83.42,42.7,50.18,492.1,3
05-01-2024 22:54,10,536,371,68.67,78.92,211.12,317.81,2
05-01-2024 22:55,3,598,462,65.94,28.26,214.43,443.24,5
05-01-2024 22:56,8,628,30,28.77,17.78,84.87,561.91,4
05-01-2024 22:57,4,672,397,44.67,48.27,122.42,186.54,1
05-01-2024 22:58,8,464,424,46.88,33.54,280.96,286.33,4
05-01-2024 22:59,1,268,31,72.36,44.74,226.01,215.4,2
05-01-2024 23:00,3,770,293,62.56,88.96,237.4,768.92,1
05-01-2024 23:01,6,430,173,17.3,41.14,157.3,53.52,1
05-01-2024 23:02,9,136,102,36.15,68.1,67.88,64.02,3
05-01-2024 23:03,2,510,128,50.21,33.78,179.42,297.47,1
05-01-2024 23:04,1,864,86,72.62,37.76,232.77,439.66,2
05-01-2024 23:05,10,460,315,73.2,33.24,6.15,276.54,2
05-01-2024 23:06,3,740,28,51.7,57.91,38.56,688.41,2
05-01-2024 23:07,4,965,122,19.94,31.96,144.92,152.12,1
05-01-2024 23:08,5,574,251,34.9,68.88,133.97,304.41,5
05-01-2024 23:09,3,496,61,31.65,66.02,294.77,400.6,4
05-01-2024 23:10,10,349,403,76.39,46.6,32.19,177.69,2
05-01-2024 23:11,2,457,171,25.3,16.92,100.49,246.27,3
05-01-2024 23:12,2,686,443,49.52,16.7,245.46,758.98,3
05-01-2024 23:13,7,424,272,67.01,54.96,185.67,425.78,1
05-01-2024 23:14,9,282,325,92.01,77.94,170.68,698.34,1
05-01-2024 23:15,10,812,300,94.94,59.92,223.65,230.11,3
05-01-2024 23:16,2,948,113,91,47.67,16.79,497.65,1
05-01-2024 23:17,7,687,194,71.05,81.16,284.51,615.33,3
05-01-2024 23:18,7,796,394,73.45,29.77,61.42,348.84,4
05-01-2024 23:19,7,699,431,74.53,41.96,29.14,507.28,5
05-01-2024 23:20,3,98,19,83.32,57.4,104.99,693.31,2
05-01-2024 23:21,7,941,340,90.9,36.88,212.2,129.81,4
05-01-2024 23:22,1,235,93,47.89,89.83,73.29,296.7,1
05-01-2024 23:23,10,254,217,45.4,48.92,19.71,662.64,4
05-01-2024 23:24,1,127,465,49.14,18.88,21.94,200.1,5
05-01-2024 23:25,5,530,179,66.08,28.21,80.69,453.77,3
05-01-2024 23:26,2,435,499,75.91,54.94,44.91,361.65,3
05-01-2024 23:27,9,243,397,84,56.25,114.87,538.62,3
05-01-2024 23:28,7,152,191,48.78,88.81,56.06,541.04,1
05-01-2024 23:29,4,666,493,40.89,60,106.57,471.22,5
05-01-2024 23:30,4,425,400,93.58,65,136.12,758.49,5
05-01-2024 23:31,2,336,437,29.71,31.03,224.05,156.75,1
05-01-2024 23:32,5,885,163,28.87,23.01,72.08,671.37,2
05-01-2024 23:33,4,531,100,70.81,60.15,145.14,401.75,3
05-01-2024 23:34,1,772,187,25.27,79.87,245.53,536.21,4
05-01-2024 23:35,8,299,295,43.95,59.05,295.98,233.52,4
05-01-2024 23:36,3,854,67,34.85,48.21,169.41,93.8,4
05-01-2024 23:37,6,250,73,24.34,58.37,132.53,626.61,2
05-01-2024 23:38,4,585,232,59.28,50.16,191.3,216.37,1
05-01-2024 23:39,9,510,189,41.75,25.64,148.46,324.43,1
05-01-2024 23:40,7,349,50,49.29,70.59,53.6,57.07,3
05-01-2024 23:41,9,527,309,26.65,54.98,140.54,527.16,2
05-01-2024 23:42,10,132,302,75.27,44.95,293.83,556.21,4
05-01-2024 23:43,3,858,308,36.75,56.97,193.93,723.29,1
05-01-2024 23:44,1,507,124,39.13,33.09,88.61,715,2
05-01-2024 23:45,5,740,157,31.43,47.1,284.41,570.01,5
05-01-2024 23:46,3,347,261,46.92,61.68,119.63,271.26,2
05-01-2024 23:47,6,413,195,49.4,31.96,120.09,312.21,3
05-01-2024 23:48,8,767,330,55.02,71.17,186.9,317.73,4
05-01-2024 23:49,4,89,351,92.24,54.08,172.85,121.11,1
05-01-2024 23:50,5,865,331,86.9,79.63,90.68,758.88,1
05-01-2024 23:51,5,674,256,61.8,78.54,142.79,658.17,5
05-01-2024 23:52,4,389,465,13.31,52.09,103.09,133.31,5
05-01-2024 23:53,4,565,424,62.04,29.66,222.65,758.24,5
05-01-2024 23:54,4,157,489,17.62,70.25,41.14,677.71,3
05-01-2024 23:55,4,365,200,70.38,46.4,226.32,736.71,4
05-01-2024 23:56,4,163,372,43.16,59.6,52.54,242.8,5
05-01-2024 23:57,5,216,386,81.2,23.04,95.26,281.74,4
05-01-2024 23:58,2,310,68,90.11,62.37,103.33,386.54,4
05-01-2024 23:59,2,667,446,45.45,43.02,297.17,194.88,5
06-01-2024 00:00,9,273,80,49.15,40.06,179,383.03,4
06-01-2024 00:01,2,311,233,60.16,88.49,234.38,27.18,1
06-01-2024 00:02,6,300,186,26.76,47.43,168.84,704.48,4
06-01-2024 00:03,2,575,105,88.82,65.85,295.03,146.59,4
06-01-2024 00:04,5,759,469,46.8,62.08,57.33,410.66,1
06-01-2024 00:05,4,175,325,24.18,22.82,183.44,744.48,1
06-01-2024 00:06,7,255,442,74.83,71.09,240.23,660.37,2
06-01-2024 00:07,7,189,419,28.63,39.24,190.42,625.38,2
06-01-2024 00:08,6,111,142,22.2,74.92,269.6,492.25,5
06-01-2024 00:09,10,332,399,57.84,60.57,182.21,360.29,3
06-01-2024 00:10,5,103,390,67.08,38.78,248.8,367.91,4
06-01-2024 00:11,1,395,272,58.41,41.72,56.86,87.83,4
06-01-2024 00:12,3,573,343,65.8,69.86,82.31,70.53,3
06-01-2024 00:13,9,185,124,19.82,56.25,136,677.88,5
06-01-2024 00:14,1,379,223,50.46,65.13,256.23,338.75,4
06-01-2024 00:15,5,193,490,40.35,26.87,130.84,62.13,2
06-01-2024 00:16,2,485,174,92.74,74.02,190.1,537.18,4
06-01-2024 00:17,4,331,191,14.22,39.03,121.76,552.98,1
06-01-2024 00:18,1,185,140,35.36,61.49,242.69,197.4,4
06-01-2024 00:19,3,538,297,90.06,23.6,64.08,340.36,4
06-01-2024 00:20,10,862,119,93.6,39.11,180.16,467.27,1
06-01-2024 00:21,7,782,275,80.12,63.67,175.48,485.1,2
06-01-2024 00:22,10,901,76,16.46,35.57,123.96,418.67,1
06-01-2024 00:23,3,770,109,57.72,81.02,213.01,304.07,3
06-01-2024 00:24,4,964,119,44.01,64.59,13.4,73.68,2
06-01-2024 00:25,2,450,461,78.55,80.27,253.24,37.38,4
06-01-2024 00:26,3,920,369,14.68,44.65,107.65,378.44,1
06-01-2024 00:27,9,941,258,26.76,17.55,238.94,178.3,1
06-01-2024 00:28,3,498,20,51.58,58.21,94.99,752.02,2
06-01-2024 00:29,5,684,119,23.4,40.44,60.43,519.53,1
06-01-2024 00:30,2,677,351,68.88,48.61,119.9,476.7,3
06-01-2024 00:31,4,718,137,79.77,66.08,240.22,337.11,5
06-01-2024 00:32,7,319,277,69.88,67.55,212.54,277.03,4
06-01-2024 00:33,7,66,255,47.42,17.07,123.3,160.25,3
06-01-2024 00:34,3,318,264,84.66,72.7,281.67,66.91,1
06-01-2024 00:35,5,910,167,21.7,52.01,125.59,514.91,5
06-01-2024 00:36,1,531,165,32.13,56.75,108.47,627.78,4
06-01-2024 00:37,10,268,29,51.61,37.35,47.69,689.05,3
06-01-2024 00:38,10,368,467,15.21,46.56,25.73,584.96,2
06-01-2024 00:39,10,287,35,18.13,68.28,108.22,719.62,4
06-01-2024 00:40,1,594,237,43.78,73.25,32.14,786.59,2
06-01-2024 00:41,5,334,294,90.23,44.03,141.48,770.1,4
06-01-2024 00:42,10,86,90,87.22,66.83,258.7,481.94,1
06-01-2024 00:43,9,152,203,49.61,34.35,145.45,194.88,3
06-01-2024 00:44,1,772,228,22.08,77.4,146.77,102.96,4
06-01-2024 00:45,1,479,419,25.14,60.74,79.76,795.26,2
06-01-2024 00:46,4,841,68,42.09,73.14,54.06,260.54,4
06-01-2024 00:47,4,703,131,27.86,50.79,70.59,46.5,4
06-01-2024 00:48,2,288,365,17.05,32.18,172.56,325.02,4
06-01-2024 00:49,9,790,111,67.27,47.19,179.58,603.52,1
06-01-2024 00:50,9,694,12,59.42,43.61,69.96,714.82,3
06-01-2024 00:51,2,174,288,34.76,39.95,122.68,392.5,5
06-01-2024 00:52,9,614,175,76.21,30.91,172.76,249.34,4
06-01-2024 00:53,6,649,319,75.96,71.94,229.34,627.16,4
06-01-2024 00:54,8,659,154,51.74,21.48,99.33,412.94,1
06-01-2024 00:55,10,931,43,18.21,81.57,85.05,87.1,2
06-01-2024 00:56,4,656,363,88.07,28.13,220.49,712.44,5
06-01-2024 00:57,2,975,205,66.84,88.49,156.57,531.53,5
06-01-2024 00:58,2,237,172,31,89.14,257.74,48.71,5
06-01-2024 00:59,9,937,294,61.89,44.88,67.25,27.06,1
06-01-2024 01:00,1,305,285,44.43,89.09,232.43,88.42,5
06-01-2024 01:01,7,634,311,64,80.18,52.8,661.13,2
06-01-2024 01:02,3,973,52,50.28,21.18,177.51,395.42,3
06-01-2024 01:03,3,923,115,51.27,86.05,88.67,281.53,5
06-01-2024 01:04,2,843,19,72.55,18.19,34.82,214.45,4
06-01-2024 01:05,10,579,35,62.17,28.64,186.95,415.35,2
06-01-2024 01:06,6,725,48,16.8,58.84,154.51,84.77,2
06-01-2024 01:07,10,441,233,15.56,21.06,148.36,501.4,5
06-01-2024 01:08,2,707,219,35.93,27.13,179.79,316.81,4
06-01-2024 01:09,10,517,110,46.57,86.51,114.87,689.58,2
06-01-2024 01:10,4,875,254,33.39,89.6,202.7,608.45,1
06-01-2024 01:11,10,302,188,65.37,74.86,43.6,34.33,5
06-01-2024 01:12,9,721,31,26.58,53.64,215.92,149.87,4
06-01-2024 01:13,9,910,259,69.85,82.52,176.05,389.75,3
06-01-2024 01:14,6,610,163,75.72,23.39,148.51,533.77,2
06-01-2024 01:15,4,225,344,20.57,85.72,42.66,577.8,3
06-01-2024 01:16,7,515,308,65.32,41.37,87.09,656.67,4
06-01-2024 01:17,1,888,71,91.72,79.61,92.11,58.39,1
06-01-2024 01:18,4,626,307,26.39,65.13,73.97,34.42,4
06-01-2024 01:19,5,338,56,87.29,87.02,286.48,488.39,3
06-01-2024 01:20,8,99,99,61.51,79.85,275.11,584.59,4
06-01-2024 01:21,2,53,21,60.23,81.59,166.11,633.62,4
06-01-2024 01:22,5,680,385,14.41,62.38,65.67,141.46,2
06-01-2024 01:23,6,901,108,73.61,77.49,273.79,775.61,4
06-01-2024 01:24,5,934,53,50.65,71.78,226.07,198.95,1
06-01-2024 01:25,9,549,6,71.3,27.12,16.44,215.26,2
06-01-2024 01:26,10,725,231,78.78,63.64,149.76,140.35,1
06-01-2024 01:27,1,272,482,54.52,26.11,183.46,53.73,3
06-01-2024 01:28,3,919,82,32.41,80.21,24.61,651.58,4
06-01-2024 01:29,2,717,446,22.03,19.95,19.7,24.4,5
06-01-2024 01:30,3,948,217,23.64,89.03,141.74,381.75,4
06-01-2024 01:31,10,311,335,83.69,45.05,5.58,91.73,5
06-01-2024 01:32,9,734,47,20.5,27.8,18.82,54.94,2
06-01-2024 01:33,9,584,352,42.7,85.18,53.72,749.03,3
06-01-2024 01:34,10,952,362,38.41,18.41,273.44,663.81,5
06-01-2024 01:35,2,425,241,83.56,50.26,231.05,328,4
06-01-2024 01:36,3,110,178,50.6,72.77,137.88,377.7,4
06-01-2024 01:37,4,405,82,94.7,38.76,146.37,697.13,4
06-01-2024 01:38,9,882,287,72.65,54.66,207.38,641.53,3
06-01-2024 01:39,3,695,192,82.33,67.53,144.94,559.46,5
06-01-2024 01:40,7,73,413,18.39,86.4,23.86,438.52,5
06-01-2024 01:41,3,342,143,31.51,22.7,222.93,494.1,3
06-01-2024 01:42,7,606,314,21.51,26.79,22.04,326.82,1
06-01-2024 01:43,7,740,279,49.41,53.17,148.4,431.92,2
06-01-2024 01:44,9,405,422,71.05,46.39,259.2,440.96,3
06-01-2024 01:45,2,919,41,24.37,45.81,39.63,694.57,4
06-01-2024 01:46,6,990,459,21.06,37.27,213.46,190.55,1
06-01-2024 01:47,9,624,271,62.24,57.05,18.67,212.36,5
06-01-2024 01:48,2,78,87,29.58,81.25,297.95,184.53,2
06-01-2024 01:49,2,406,3,50.74,27.07,206.22,471.75,4
06-01-2024 01:50,5,414,211,14.35,31.15,290.85,562.22,4
06-01-2024 01:51,10,657,1,67.85,65.31,202.13,206.03,4
06-01-2024 01:52,10,458,472,56.01,19.21,76.47,548.03,3
06-01-2024 01:53,10,315,497,65.03,65.53,278.28,509.91,5
06-01-2024 01:54,8,340,75,33.41,38.58,189.87,270.44,1
06-01-2024 01:55,9,616,478,33.68,41.84,174.9,199.26,2
06-01-2024 01:56,2,202,498,78.12,45.42,131.59,707.81,4
06-01-2024 01:57,5,268,395,71.08,41.22,88.96,464.34,3
06-01-2024 01:58,7,222,444,59.28,78.09,161.37,569.04,3
06-01-2024 01:59,6,657,231,63.39,85.96,112.99,741.76,2
06-01-2024 02:00,6,684,449,17.99,56.1,256.94,180.21,1
06-01-2024 02:01,7,61,76,82.77,58.64,13.5,293.43,3
06-01-2024 02:02,3,565,260,75.44,20.29,161.38,358.87,3
06-01-2024 02:03,3,411,25,60.19,68.49,251.79,201.66,5
06-01-2024 02:04,10,907,200,88.08,58.81,13.14,675.53,5
06-01-2024 02:05,9,628,463,24.33,18.78,88.28,85.05,1
06-01-2024 02:06,8,706,427,68.37,29.88,20.2,206.54,2
06-01-2024 02:07,5,526,94,91.85,30.15,180.53,169.01,4
06-01-2024 02:08,6,626,424,36.35,27.82,98.44,763.65,3
06-01-2024 02:09,10,131,352,11.3,64.4,288.12,509.34,4
06-01-2024 02:10,1,666,108,72.46,84.63,186.81,578.65,4
06-01-2024 02:11,10,742,355,10.59,72.22,170.73,104.57,4
06-01-2024 02:12,1,389,469,84.17,50.8,275.59,171.33,1
06-01-2024 02:13,4,490,95,14.79,45.3,70.95,651.71,2
06-01-2024 02:14,2,666,356,65.49,43.98,170.86,462.83,2
06-01-2024 02:15,7,275,91,42.06,60.09,165.12,55.19,5
06-01-2024 02:16,2,420,44,27.28,41.94,29.22,461.22,4
06-01-2024 02:17,10,77,456,86.35,31.96,279.96,390.8,4
06-01-2024 02:18,2,65,443,73.43,60.21,211.57,139.88,3
06-01-2024 02:19,5,326,384,38.94,44.3,266.99,482.49,1
06-01-2024 02:20,4,382,23,34.15,16.06,294.85,155.58,4
06-01-2024 02:21,8,532,190,72.56,16.67,146.5,652.93,1
06-01-2024 02:22,4,859,23,81.11,35.56,242.08,502.42,5
06-01-2024 02:23,6,615,234,70.85,53.43,175.38,699.62,1
06-01-2024 02:24,5,337,186,64.4,41.57,293.25,351.24,2
06-01-2024 02:25,2,163,311,29.37,16.8,77.93,419.3,1
06-01-2024 02:26,8,87,417,82.49,31.74,9.08,613.26,4
06-01-2024 02:27,2,503,333,73.72,22.23,59.85,446.1,4
06-01-2024 02:28,9,931,63,53.97,86.15,42.77,466.15,4
06-01-2024 02:29,9,791,103,53.48,38.46,133.9,451.6,4
06-01-2024 02:30,3,215,316,58.38,16.11,27.84,403.23,1
06-01-2024 02:31,4,743,483,80.4,64.54,69.96,648.44,4
06-01-2024 02:32,8,254,189,73.09,32.43,33.4,398.47,2
06-01-2024 02:33,9,927,336,82.78,57.51,148.59,722.62,3
06-01-2024 02:34,3,294,460,53.12,26.31,83.7,650.72,4
06-01-2024 02:35,5,920,189,63.1,88.8,143.95,560.1,5
06-01-2024 02:36,8,382,351,82.64,87.77,31.22,720.95,3
06-01-2024 02:37,3,992,69,29.75,64.2,157.48,438.93,1
06-01-2024 02:38,7,445,114,47.74,68.04,43.37,661.04,2
06-01-2024 02:39,8,870,104,62.76,46.94,34.31,208.62,2
06-01-2024 02:40,10,556,108,87.79,87.16,96.46,76.92,5
06-01-2024 02:41,3,978,345,11.35,46.78,262.95,554.3,4
06-01-2024 02:42,2,973,21,28.07,32.96,237.61,255.26,5
06-01-2024 02:43,10,170,387,29.93,23.65,287.95,514.99,4
06-01-2024 02:44,7,308,432,37.76,30.61,140.76,80.37,4
06-01-2024 02:45,9,771,266,33.95,57.92,97.17,765.41,2
06-01-2024 02:46,1,459,343,60.16,33.38,291.42,421.79,2
06-01-2024 02:47,3,359,209,85.28,64.07,117.62,27.43,4
06-01-2024 02:48,5,857,170,64.14,43.66,7.69,391.34,2
06-01-2024 02:49,3,755,483,30.53,81.52,246.93,635.98,2
06-01-2024 02:50,1,117,473,83.42,56.89,54.92,694.87,2
06-01-2024 02:51,7,163,194,63.72,61.7,216.78,379.78,4
06-01-2024 02:52,7,269,347,28.61,56.74,9.46,118.23,4
06-01-2024 02:53,10,269,430,40.74,81.42,37.74,726.81,3
06-01-2024 02:54,8,522,393,77.15,19.76,147.65,785.31,2
06-01-2024 02:55,5,779,123,72.81,20.05,25.03,69.29,4
06-01-2024 02:56,10,798,177,59.01,67.63,267.15,80.89,2
06-01-2024 02:57,5,992,4,22.31,72.6,226.21,461.16,3
06-01-2024 02:58,5,435,188,78.28,47.52,101.81,436.44,3
06-01-2024 02:59,1,347,346,36.14,41.42,181.27,479.15,1
06-01-2024 03:00,10,979,352,75.59,35.85,216.08,267.35,4
06-01-2024 03:01,5,655,29,65.04,32.58,227.84,59.27,3
06-01-2024 03:02,6,302,86,32.45,83.4,121.72,472.67,4
06-01-2024 03:03,1,454,47,28.05,37.14,270.15,138.13,4
06-01-2024 03:04,7,541,77,21.13,63.61,282.83,286.18,2
06-01-2024 03:05,1,406,343,30.57,74.03,62.74,474.31,4
06-01-2024 03:06,2,477,191,23.42,16.65,273.82,182.62,2
06-01-2024 03:07,2,264,31,62.45,17.54,215.24,443.12,2
06-01-2024 03:08,5,429,307,60.9,39.99,267,577.48,2
06-01-2024 03:09,10,819,169,59.82,67.2,130.3,71.31,5
06-01-2024 03:10,7,908,36,64.56,34.56,200.05,503.19,4
06-01-2024 03:11,1,801,245,79.26,15.11,74.44,417.36,3
06-01-2024 03:12,10,876,424,87.65,36.61,226.58,96.01,4
06-01-2024 03:13,1,263,351,29.58,21.76,176.61,570.95,1
06-01-2024 03:14,1,147,188,59.96,31.46,146.88,262.49,4
06-01-2024 03:15,6,577,15,16.66,39.99,209.34,162.19,5
06-01-2024 03:16,2,965,334,20.21,24.6,167.94,240.32,1
06-01-2024 03:17,1,715,483,65.62,67.98,230.78,446.04,1
06-01-2024 03:18,6,577,216,51.36,34.19,258.24,472.44,2
06-01-2024 03:19,2,759,158,74.46,64.58,241.18,152.33,3
06-01-2024 03:20,6,669,414,46.18,59.93,95.71,750.58,1
06-01-2024 03:21,10,584,155,20.85,82.35,292.96,276.58,5
06-01-2024 03:22,8,603,241,84.12,21.59,196.67,229.27,3
06-01-2024 03:23,2,598,296,17.05,31.1,100.42,165.64,4
06-01-2024 03:24,9,377,462,26.06,79.89,17.56,114.01,5
06-01-2024 03:25,8,951,45,33.54,76.66,296.49,786.02,3
06-01-2024 03:26,10,214,495,94.6,29.41,181.71,546.28,5
06-01-2024 03:27,1,165,459,45.43,23.08,72.12,633.88,1
06-01-2024 03:28,7,199,175,52.65,79.22,149.88,333.16,2
06-01-2024 03:29,10,567,492,75.42,28.36,122.27,343.4,2
06-01-2024 03:30,6,81,346,64.1,80.33,285.65,789.78,3
06-01-2024 03:31,6,706,56,81.52,87.08,150.33,176.54,2
06-01-2024 03:32,6,855,54,51.35,31.56,147.98,275.01,1
06-01-2024 03:33,6,962,341,92.64,78.03,239.41,172.23,5
06-01-2024 03:34,10,342,265,77.73,46.79,120.32,240.45,2
06-01-2024 03:35,7,968,374,44.12,74.16,62.97,537.59,1
06-01-2024 03:36,3,738,239,42.41,45.55,231.68,260.96,5
06-01-2024 03:37,6,226,321,89.01,20.28,273.48,702.91,1
06-01-2024 03:38,3,110,108,68.18,68.45,18.49,57.95,3
06-01-2024 03:39,7,638,198,62.82,26.3,258.67,296.68,5
06-01-2024 03:40,7,465,385,74.42,84.53,134.17,691.35,5
06-01-2024 03:41,8,432,214,57.67,46.33,90.29,504.68,1
06-01-2024 03:42,2,647,499,23.53,21.15,16.56,621.35,2
06-01-2024 03:43,9,752,246,37.13,32.14,65.63,272.44,3
06-01-2024 03:44,5,56,397,57.43,79.69,103.2,308.06,2
06-01-2024 03:45,9,967,38,11.54,39.08,25.85,712.82,4
06-01-2024 03:46,10,134,497,47.17,79.22,60.69,604.67,3
06-01-2024 03:47,5,823,173,74.24,27.92,222.37,319.72,3
06-01-2024 03:48,7,447,105,23.96,50.12,207.62,187.98,1
06-01-2024 03:49,9,961,40,15.49,80.87,232.1,102.91,1
06-01-2024 03:50,4,820,479,81.06,18.63,53.75,692.23,3
06-01-2024 03:51,2,442,399,62.47,37.82,17.69,564.17,3
06-01-2024 03:52,9,96,434,25.01,83.24,143.23,493.73,5
06-01-2024 03:53,2,390,130,78.54,59.74,106.12,625.74,2
06-01-2024 03:54,3,547,181,65.94,68.72,234.14,733.69,1
06-01-2024 03:55,10,655,479,38.4,78.16,163.95,614.04,5
06-01-2024 03:56,2,527,410,41.98,54.27,279.7,348.11,4
06-01-2024 03:57,3,475,194,23.25,78.4,23.06,157.65,3
06-01-2024 03:58,6,475,331,81,62.91,112.28,576.78,1
06-01-2024 03:59,3,785,289,53.27,66.42,124.55,212.44,3
06-01-2024 04:00,10,840,466,57.35,26.46,42.14,630.44,5
06-01-2024 04:01,8,564,341,85.1,85.43,176.99,284.21,3
06-01-2024 04:02,6,178,59,11.35,74.71,16.86,142.28,3
06-01-2024 04:03,7,884,351,15.69,34.06,215.25,218.62,5
06-01-2024 04:04,1,298,26,23.73,58.5,16.05,227.98,2
06-01-2024 04:05,3,790,478,12.55,43.23,262.67,315.46,5
06-01-2024 04:06,3,888,103,65.94,64.53,24.18,220.69,3
06-01-2024 04:07,2,180,21,63.88,89.53,139.62,195.93,2
06-01-2024 04:08,7,789,433,27.92,18.43,50.84,325.56,5
06-01-2024 04:09,9,738,80,22.7,86.44,44.27,697.12,5
06-01-2024 04:10,4,372,327,22.38,20.43,217.76,74.96,1
06-01-2024 04:11,5,872,470,91.03,49.56,233.4,251.07,5
06-01-2024 04:12,3,949,199,68.95,51.16,223.06,458.6,3
06-01-2024 04:13,9,592,322,59.76,35.15,124.18,702.09,1
06-01-2024 04:14,4,115,37,37.41,57.5,297.28,241.62,2
06-01-2024 04:15,5,767,14,46.81,77.55,105.29,292.02,1
06-01-2024 04:16,1,150,456,17.6,37.05,77.36,642.4,4
06-01-2024 04:17,2,881,221,94.84,20.28,298.97,310.56,2
06-01-2024 04:18,9,80,364,74.18,62.42,293.3,684.21,4
06-01-2024 04:19,2,934,391,62.82,71.38,179.59,375.11,3
06-01-2024 04:20,5,240,166,59.96,86.59,66.67,463.9,2
06-01-2024 04:21,8,627,173,52.87,26.96,75.36,457.49,2
06-01-2024 04:22,3,464,150,31.88,82.6,158.66,113.06,1
06-01-2024 04:23,6,864,172,29.24,51.16,233.95,296.86,4
06-01-2024 04:24,4,796,81,56.71,32.68,27.85,208.44,4
06-01-2024 04:25,7,839,336,15.97,87.21,207.86,552.76,1
06-01-2024 04:26,10,763,225,16.33,32.88,35.42,748.24,1
06-01-2024 04:27,3,549,359,57.67,70.01,254.01,185.69,1
06-01-2024 04:28,6,911,35,88.18,73.87,161.97,91.18,1
06-01-2024 04:29,10,786,358,87.71,47.29,296.96,415.14,5
06-01-2024 04:30,9,644,188,10.92,66.75,227.13,324.85,1
06-01-2024 04:31,10,95,224,19.13,57.94,151.68,47.86,1
06-01-2024 04:32,1,138,131,59.56,29.4,46.65,738.86,1
06-01-2024 04:33,3,747,374,82.12,71.99,165.01,753.32,5
06-01-2024 04:34,2,424,451,91.13,84.6,38.76,683.32,3
06-01-2024 04:35,8,750,456,83.15,51.65,272.02,238.81,3
06-01-2024 04:36,7,295,494,67.6,89.57,72.87,115.49,1
06-01-2024 04:37,2,607,351,27.04,47.1,260.28,482.15,2
06-01-2024 04:38,6,306,311,16.17,50.98,94.65,239.58,5
06-01-2024 04:39,3,401,9,14.04,65.54,70.46,177.34,1
06-01-2024 04:40,8,970,69,62.03,28.93,94.75,520.22,5
06-01-2024 04:41,10,622,28,13.08,82.65,213.73,605.3,5
06-01-2024 04:42,3,154,399,72.84,75.1,159.94,431.28,3
06-01-2024 04:43,10,386,369,70.56,80.43,36.7,269.6,4
06-01-2024 04:44,9,575,475,16.77,60.72,45.43,419.77,4
06-01-2024 04:45,1,350,234,87.06,81.28,116.67,487.79,4
06-01-2024 04:46,5,126,31,54.36,66,104.87,60.47,1
06-01-2024 04:47,3,560,315,86.88,53.37,256.26,366.17,4
06-01-2024 04:48,6,279,232,86.64,84.88,173.81,486.7,1
06-01-2024 04:49,10,728,338,26.75,47.98,60.08,121,2
06-01-2024 04:50,2,627,486,42.35,52.54,13.36,370.09,3
06-01-2024 04:51,9,81,497,21.44,27.72,35.2,290.45,2
06-01-2024 04:52,6,657,54,75.87,86.07,211.62,696.95,1
06-01-2024 04:53,7,107,452,52.85,31.58,254.89,401.72,2
06-01-2024 04:54,5,153,469,88.95,30.11,235.85,352.49,4
06-01-2024 04:55,9,361,175,27.7,22.59,238.01,210.23,2
06-01-2024 04:56,1,695,298,68.51,49,81.98,766.83,5
06-01-2024 04:57,5,778,279,94.09,35.52,296.78,769.71,5
06-01-2024 04:58,10,116,365,66.56,70.56,30.49,306.07,3
06-01-2024 04:59,6,739,86,15.85,38.06,247.22,744.65,2
06-01-2024 05:00,7,423,65,60.02,69.06,33.56,502.51,1
06-01-2024 05:01,4,808,89,25.29,29.7,83.92,629.22,3
06-01-2024 05:02,1,855,54,12.59,32.25,151.15,90.08,4
06-01-2024 05:03,8,284,118,38.47,75.46,20.74,36.62,4
06-01-2024 05:04,10,692,361,32.62,42.83,121.28,420.98,5
06-01-2024 05:05,4,161,476,77.05,23.38,108.28,79.21,3
06-01-2024 05:06,3,438,229,41.76,87.11,195.92,715.53,4
06-01-2024 05:07,7,457,267,72.3,28.3,216.81,659.72,2
06-01-2024 05:08,2,103,319,11.38,26.26,31.7,577.57,3
06-01-2024 05:09,8,851,22,11.26,41.88,16.23,44.49,2
06-01-2024 05:10,6,288,438,12.49,22.17,233.89,377.5,2
06-01-2024 05:11,7,801,247,28.65,26.67,160.76,80.91,2
06-01-2024 05:12,5,344,473,41.79,78.48,162.72,744.34,3
06-01-2024 05:13,9,161,373,61.67,27.86,294.31,497.84,3
06-01-2024 05:14,5,137,469,93.8,23.36,134.13,142.1,5
06-01-2024 05:15,5,789,420,40.12,81,62.88,457.28,3
06-01-2024 05:16,3,525,314,14.73,48.28,205.79,112.46,1
06-01-2024 05:17,1,353,20,26.57,26.79,245.63,133.63,3
06-01-2024 05:18,2,354,400,86.32,58.61,153.2,83.15,5
06-01-2024 05:19,8,339,476,69.45,18.11,209.09,699.95,3
06-01-2024 05:20,1,257,184,77.17,47.05,156.61,445.63,1
06-01-2024 05:21,7,917,349,20.55,59.27,125.17,275.77,3
06-01-2024 05:22,5,952,50,21.47,86.78,15.11,20.53,5
06-01-2024 05:23,3,835,90,19.54,39.48,56.25,388.18,1
06-01-2024 05:24,7,631,104,82.86,72.38,146.53,419.96,5
06-01-2024 05:25,9,419,194,27.85,24.95,121.98,282.52,4
06-01-2024 05:26,2,269,383,64.67,47.52,253.65,397.77,2
06-01-2024 05:27,8,280,369,53.87,31.74,36.99,98.56,5
06-01-2024 05:28,9,851,74,56.27,51.94,19.79,739.21,4
06-01-2024 05:29,3,868,269,26.61,46.29,30.71,221.51,3
06-01-2024 05:30,2,922,15,64,88.48,205.04,759.83,1
06-01-2024 05:31,7,398,329,13.66,83.81,180.37,404.45,5
06-01-2024 05:32,5,304,283,94.45,58.67,191.5,688.25,1
06-01-2024 05:33,5,501,392,12.27,28.24,51.29,470.22,4
06-01-2024 05:34,10,191,198,14.26,56.77,157.32,678.64,5
06-01-2024 05:35,5,118,484,37.6,74.41,231.46,27.91,3
06-01-2024 05:36,4,138,434,80.69,17.85,206.74,165.45,3
06-01-2024 05:37,5,920,344,31.86,47.55,134.41,296.05,3
06-01-2024 05:38,4,185,195,50.11,18.2,35.53,250.98,2
06-01-2024 05:39,6,704,410,11.53,33.3,261.84,758.45,3
06-01-2024 05:40,4,900,36,16.7,21.91,160.23,327.84,2
06-01-2024 05:41,2,748,405,61.68,87.04,267.45,778.25,5
06-01-2024 05:42,9,572,205,26.52,27.66,134.42,527.79,5
06-01-2024 05:43,2,709,308,69.01,26.26,74.92,671.73,4
06-01-2024 05:44,9,853,139,76.76,87.9,95.69,327.21,4
06-01-2024 05:45,10,899,264,82.28,53.7,128.35,168.26,1
06-01-2024 05:46,6,959,57,21.37,71.85,186.2,59.36,5
06-01-2024 05:47,9,491,110,48.72,39.55,231.83,532,1
06-01-2024 05:48,9,87,174,90.5,54.96,76.58,778,4
06-01-2024 05:49,3,906,496,75.63,15.51,60.38,112.24,1
06-01-2024 05:50,1,257,206,19.94,45.66,64.78,621.97,4
06-01-2024 05:51,1,259,225,52.71,56.63,280.68,304.4,2
06-01-2024 05:52,3,562,386,88.4,53.58,53.36,794.9,4
06-01-2024 05:53,5,409,64,47.4,45.44,106.99,698.63,5
06-01-2024 05:54,3,626,252,81.18,74.09,148.33,200,5
06-01-2024 05:55,9,50,436,52.15,52.62,169.08,617.29,2
06-01-2024 05:56,9,804,449,19.08,62.71,258.14,592.7,2
06-01-2024 05:57,3,430,267,22.57,28.85,38.3,615.46,4
06-01-2024 05:58,3,877,390,13.97,79.61,36.86,84.6,5
06-01-2024 05:59,5,586,352,26.6,42.21,98.34,651.34,4
06-01-2024 06:00,2,908,463,85.96,51.16,126.89,223.92,4
06-01-2024 06:01,6,443,332,65.27,41.41,115.26,480.53,2
06-01-2024 06:02,7,99,320,72.8,81.89,120.61,110.01,4
06-01-2024 06:03,9,445,357,62.84,82.56,256.18,455.34,4
06-01-2024 06:04,6,909,93,42.86,31.82,251.82,727.01,2
06-01-2024 06:05,3,802,183,28.43,71.45,242.62,158.2,2
06-01-2024 06:06,5,81,300,88.68,22.72,227.81,686.93,3
06-01-2024 06:07,4,594,214,53.76,17.24,16.91,359.65,4
06-01-2024 06:08,5,761,494,50.89,77.74,49.07,271.42,3
06-01-2024 06:09,8,283,142,94.67,24.84,221,64.54,2
06-01-2024 06:10,8,75,83,42.63,26.61,180.48,432.24,5
06-01-2024 06:11,6,603,389,82.6,60.49,203.81,175.95,3
06-01-2024 06:12,1,483,99,83.3,76.26,216.49,753.28,1
06-01-2024 06:13,8,110,281,29.78,29.22,273.85,205.75,1
06-01-2024 06:14,8,602,434,18.06,23.56,192.37,477.69,3
06-01-2024 06:15,2,490,102,92.93,20.8,86.29,455.66,1
06-01-2024 06:16,4,179,329,46.2,16.86,29.49,282.72,5
06-01-2024 06:17,2,916,378,10.19,23.74,132.46,684.61,4
06-01-2024 06:18,4,403,71,52.42,85.7,214.41,162.93,5
06-01-2024 06:19,10,247,373,62.64,22.15,88.16,657.31,1
06-01-2024 06:20,7,848,338,75.97,59.82,40.42,181.83,4
06-01-2024 06:21,9,712,386,90.15,84.07,299.63,50.5,1
06-01-2024 06:22,8,765,372,87.79,62.09,128.57,756.2,3
06-01-2024 06:23,9,743,266,89.91,17.46,68.81,517.09,5
06-01-2024 06:24,8,420,492,12.73,59.73,53.54,511.77,4
06-01-2024 06:25,2,973,130,70.5,82.73,259.52,226.74,2
06-01-2024 06:26,7,768,60,29.2,39.19,246.78,128.55,5
06-01-2024 06:27,2,196,301,25.94,38.52,185.93,570.73,2
06-01-2024 06:28,2,765,392,78.03,33.66,166.42,424.62,3
06-01-2024 06:29,4,547,442,45.46,52.92,285.67,267.97,1
06-01-2024 06:30,1,97,119,87.91,32.85,72.34,267.09,3
06-01-2024 06:31,5,819,263,13.61,69.28,127.54,713.62,2
06-01-2024 06:32,6,700,483,78.19,63.36,12.28,713.94,4
06-01-2024 06:33,9,221,471,21.63,45.06,128.48,234.21,3
06-01-2024 06:34,10,662,328,25.01,69.19,118.34,639.44,1
06-01-2024 06:35,8,748,21,50.57,22.39,285.1,196.81,4
06-01-2024 06:36,2,945,97,43.63,71.21,110.68,650.21,4
06-01-2024 06:37,1,364,303,51.32,60.22,251.26,118.5,1
06-01-2024 06:38,2,425,1,89.9,62.26,231.15,611.36,4
06-01-2024 06:39,7,855,396,65.88,19.85,48.45,453.43,5
06-01-2024 06:40,4,970,203,34.68,61.36,289,111.74,4
06-01-2024 06:41,10,924,432,24.7,52.06,191.13,500.29,2
06-01-2024 06:42,5,582,128,45.7,51.44,180.98,170.08,5
06-01-2024 06:43,7,859,350,48.39,39.14,8.45,171.41,3
06-01-2024 06:44,3,469,132,61.11,15.57,211.27,368.93,4
06-01-2024 06:45,10,954,34,32.61,46.7,21.41,772.14,1
06-01-2024 06:46,2,445,87,75.24,45.07,59.69,715.94,5
06-01-2024 06:47,7,571,32,18.37,46.71,34.09,664.66,4
06-01-2024 06:48,5,236,259,57.64,60.9,116.57,683.89,2
06-01-2024 06:49,1,694,476,63,37.49,239.73,407.89,4
06-01-2024 06:50,1,82,324,27.58,35.2,213.68,312.28,4
06-01-2024 06:51,9,118,313,80.21,52.33,36.48,709.51,5
06-01-2024 06:52,5,641,370,62.31,59.42,240.55,83.08,2
06-01-2024 06:53,1,240,460,64.89,57.55,140.95,796.95,4
06-01-2024 06:54,7,150,408,52.31,81.12,14.63,451.32,5
06-01-2024 06:55,9,534,33,87.32,72.69,71.03,441.56,1
06-01-2024 06:56,1,334,387,68.98,18.91,236.63,247.72,4
06-01-2024 06:57,10,963,388,42.46,57.26,221.32,152.88,3
06-01-2024 06:58,4,782,286,30.28,46.34,60.56,550.63,1
06-01-2024 06:59,3,439,326,16.04,42.08,16.21,302.14,4
06-01-2024 07:00,5,614,49,24.06,86.84,92.08,255.91,1
06-01-2024 07:01,7,209,286,94.38,49.26,239.5,146.63,3
06-01-2024 07:02,8,941,456,44.58,68.96,281.83,437.4,1
06-01-2024 07:03,2,603,82,86.39,87.53,174,478.88,4
06-01-2024 07:04,7,96,144,24.5,26.33,31.88,365.59,3
06-01-2024 07:05,1,208,437,46.16,19.1,153.12,29.39,2
06-01-2024 07:06,7,495,390,91.64,38.52,299.64,403.51,5
06-01-2024 07:07,8,745,280,17.75,18.33,281.91,232.13,5
06-01-2024 07:08,2,807,371,60.49,23.76,298,128.14,4
06-01-2024 07:09,9,572,92,88.13,89.38,211.33,470.51,5
06-01-2024 07:10,1,715,224,90.72,87.01,130.7,543.56,5
06-01-2024 07:11,6,781,217,81.91,66.85,268.47,424.64,4
06-01-2024 07:12,1,204,156,82.75,71.47,269.08,499.15,4
06-01-2024 07:13,3,388,277,65.44,25.54,47.59,493.11,1
06-01-2024 07:14,6,414,8,28.74,59.64,233.74,116.91,5
06-01-2024 07:15,3,844,36,72.11,26.58,276.2,188.33,1
06-01-2024 07:16,8,748,124,93.16,43.38,270.06,27.4,5
06-01-2024 07:17,5,623,9,54.7,40.9,213.52,785.88,5
06-01-2024 07:18,2,197,40,32.16,61.05,163.52,184.76,2
06-01-2024 07:19,4,948,469,58.75,20.98,234.14,655.47,5
06-01-2024 07:20,9,193,179,68.7,22.76,157.27,629.36,4
06-01-2024 07:21,4,152,129,27.7,60.74,99.76,569.91,5
06-01-2024 07:22,10,861,447,71.13,62.71,81.39,370.8,3
06-01-2024 07:23,10,142,373,59.93,40.49,164.49,475.42,2
06-01-2024 07:24,8,335,68,62.05,26.02,139.51,165.34,1
06-01-2024 07:25,5,473,458,36.01,81.46,159.73,102.76,5
06-01-2024 07:26,10,168,154,23.2,18.97,81.91,294.37,5
06-01-2024 07:27,1,78,424,62.99,68.8,179.22,663.96,1
06-01-2024 07:28,7,560,3,59.83,25.5,200.31,459.94,2
06-01-2024 07:29,3,79,364,38.73,62.8,243.02,615.81,1
06-01-2024 07:30,10,921,378,35.15,64.77,179.05,714.45,5
06-01-2024 07:31,8,415,265,39.52,75.32,228.04,457.22,1
06-01-2024 07:32,3,849,416,51.64,44.63,54.97,306.48,1
06-01-2024 07:33,1,187,451,92.86,16.63,40.71,687.43,5
06-01-2024 07:34,5,524,4,74.9,75.83,57.99,199.11,2
06-01-2024 07:35,2,612,262,82.4,48.31,254.65,39.32,4
06-01-2024 07:36,4,441,329,52.98,78.53,169.06,59.53,2
06-01-2024 07:37,1,484,282,54.72,73.2,139.32,474.15,4
06-01-2024 07:38,9,853,386,27.37,52.37,229.84,716.02,5
06-01-2024 07:39,6,283,450,71.29,89.95,41.6,460.14,5
06-01-2024 07:40,8,104,370,45.83,49.66,6.83,339.17,4
06-01-2024 07:41,4,980,85,73.11,67.24,96.73,470.11,5
06-01-2024 07:42,9,341,342,44.77,65.24,78.42,543.46,5
06-01-2024 07:43,2,801,387,19.22,53.86,95.66,611.63,4
06-01-2024 07:44,9,361,35,24.71,58.9,292.2,290.9,1
06-01-2024 07:45,5,597,114,78.98,74.9,172.48,321.78,2
06-01-2024 07:46,6,138,59,31.98,57.87,178.79,38.44,2
06-01-2024 07:47,3,261,38,32.47,48.76,198.42,526.71,3
06-01-2024 07:48,4,367,33,89,64.66,122.33,625.85,5
06-01-2024 07:49,6,926,377,65.9,17.66,293.8,418.51,1
06-01-2024 07:50,7,806,399,19.72,23.19,292.11,313.71,1
06-01-2024 07:51,1,514,203,22.2,24.41,231.93,279.86,5
06-01-2024 07:52,7,136,202,33.15,46.93,67.45,523.13,2
06-01-2024 07:53,1,458,100,60.49,80.38,264.66,277.98,3
06-01-2024 07:54,5,289,398,73.99,63.25,34.77,487.28,3
06-01-2024 07:55,6,881,450,33.33,87.95,190.82,743.03,3
06-01-2024 07:56,2,749,301,84,18,139.88,277.88,4
06-01-2024 07:57,10,106,304,19.28,69.15,16.57,73.28,4
06-01-2024 07:58,9,162,428,27.65,38.57,271.65,701.73,5
06-01-2024 07:59,10,784,118,92.49,16.75,288.52,233.37,3
06-01-2024 08:00,6,119,421,21.45,76.94,272.68,791.08,1
06-01-2024 08:01,7,788,243,85.49,27.2,61.78,675.3,4
06-01-2024 08:02,10,817,29,69.83,31.06,103.23,352.98,4
06-01-2024 08:03,8,741,227,16.21,40.53,286.94,509.99,5
06-01-2024 08:04,10,233,340,51.12,74.13,36.4,236.48,4
06-01-2024 08:05,1,752,213,54.11,61.84,177.07,85.65,5
06-01-2024 08:06,8,793,418,89.23,34.86,148.23,430.13,1
06-01-2024 08:07,4,325,187,45.79,27.64,49.81,351.24,5
06-01-2024 08:08,10,282,113,47.97,23.22,266.54,776.54,3
06-01-2024 08:09,8,103,373,19.56,26.24,44.58,486.01,4
06-01-2024 08:10,6,306,299,64.33,80.11,179.85,602.77,2
06-01-2024 08:11,9,139,161,27.93,84.2,98.86,125.49,5
06-01-2024 08:12,4,787,19,16.59,87.6,128.3,584.46,1
06-01-2024 08:13,2,808,264,94.74,77.6,67.35,63.94,3
06-01-2024 08:14,2,955,159,32.92,81.55,189.28,498.19,5
06-01-2024 08:15,5,712,11,21.99,76.21,296.66,674.07,3
06-01-2024 08:16,10,484,8,69.46,86.85,250.9,396.79,1
06-01-2024 08:17,9,674,153,79.84,78.42,206.55,187.76,3
06-01-2024 08:18,3,457,113,15.45,49.65,228.13,366.09,1
06-01-2024 08:19,8,318,148,18.96,39.24,252.59,676.07,4
06-01-2024 08:20,4,718,38,17.66,58.82,144.4,577.23,3
06-01-2024 08:21,6,415,135,13.99,60.61,172.28,492.25,2
06-01-2024 08:22,10,908,373,66.05,58.12,269.17,561.19,2
06-01-2024 08:23,6,400,461,60.01,68,210.3,670.67,2
06-01-2024 08:24,3,348,423,66.34,67.42,45.13,138.45,5
06-01-2024 08:25,5,955,235,52.98,21.54,234.96,676.7,4
06-01-2024 08:26,3,208,255,79.49,36.41,11.7,649.14,4
06-01-2024 08:27,1,536,74,56.47,81.74,255.02,392.44,1
06-01-2024 08:28,7,891,328,88.09,59.25,237.55,334.25,1
06-01-2024 08:29,4,786,362,51.28,39.64,250.07,747.4,5
06-01-2024 08:30,7,575,374,77.21,78.78,11.96,659.15,3
06-01-2024 08:31,3,404,491,44.63,33.68,291.87,791.16,5
06-01-2024 08:32,5,670,276,46.99,45.69,186.17,520.57,2
06-01-2024 08:33,5,979,209,82.16,35.72,241.01,44.59,4
06-01-2024 08:34,2,450,267,19.15,80.35,172.13,140.03,1
06-01-2024 08:35,10,454,144,58.02,69.62,105.23,659.84,1
06-01-2024 08:36,2,145,485,71.74,49.52,92.36,518.41,4
06-01-2024 08:37,4,756,42,73.79,84.92,25.63,174.48,2
06-01-2024 08:38,4,619,224,60.28,84.56,165.04,29.31,2
06-01-2024 08:39,4,441,346,48.09,68.36,47.36,225.05,2
06-01-2024 08:40,6,401,52,32.17,81.9,172.42,127.3,4
06-01-2024 08:41,2,855,421,87.3,68.95,189.35,703.46,5
06-01-2024 08:42,6,715,308,41.43,62.12,135.41,708.57,2
06-01-2024 08:43,7,625,137,77.91,46.56,51.12,677.02,5
06-01-2024 08:44,10,719,419,12.69,35.51,132.65,93.79,3
06-01-2024 08:45,3,826,195,29.73,19.52,264.21,125.33,1
06-01-2024 08:46,8,682,95,39.37,75.07,140.12,125.71,5
06-01-2024 08:47,2,337,490,67.08,24.16,106.11,221.56,3
06-01-2024 08:48,8,572,391,37.14,45.78,190.78,76.85,4
06-01-2024 08:49,5,775,258,13.52,32.6,187.56,785.62,3
06-01-2024 08:50,2,211,25,24.78,49.1,31.73,687.02,3
06-01-2024 08:51,7,666,232,32.03,38.62,74.76,73.97,1
06-01-2024 08:52,2,963,332,24.96,77.23,150.85,132.07,3
06-01-2024 08:53,6,708,94,27.32,88.36,113.07,224.61,3
06-01-2024 08:54,10,231,350,75.36,85.62,99.39,624.51,1
06-01-2024 08:55,3,899,221,45.02,61.68,136.49,577,4
06-01-2024 08:56,9,598,297,44.44,88.45,90.64,511.79,2
06-01-2024 08:57,3,131,203,92.16,45.05,107.5,731.51,5
06-01-2024 08:58,3,573,499,47.97,54.19,233.22,48.3,5
06-01-2024 08:59,5,53,436,88.85,34.26,155.52,145.81,3
06-01-2024 09:00,7,544,343,35.42,82.35,262.49,168.06,2
06-01-2024 09:01,8,604,81,44.05,28.48,284.83,66.53,2
06-01-2024 09:02,7,972,205,43.68,60.79,277.01,502.26,3
06-01-2024 09:03,9,100,481,56.42,74.96,79.84,183.57,5
06-01-2024 09:04,5,310,449,59.66,59.65,144.5,396.46,5
06-01-2024 09:05,10,183,380,31.09,20.91,162.84,554.64,2
06-01-2024 09:06,3,648,488,77.45,60.86,256.4,484.42,2
06-01-2024 09:07,6,411,77,52.2,72.53,169.91,246.3,3
06-01-2024 09:08,5,617,38,10.6,29.09,79.55,343.06,5
06-01-2024 09:09,4,266,195,60.26,70.27,166.52,285.06,5
06-01-2024 09:10,2,927,464,77.84,80.89,18.06,684.92,3
06-01-2024 09:11,7,117,42,31.29,88.98,251.07,347.55,3
06-01-2024 09:12,5,913,455,13.22,45.75,171.97,68.1,4
06-01-2024 09:13,4,605,182,78.61,16.89,197.26,503.1,2
06-01-2024 09:14,8,192,245,92.98,46.43,64.28,174.19,2
06-01-2024 09:15,9,395,195,16.51,64.52,169.65,284.13,2
06-01-2024 09:16,9,603,78,89.73,81.85,161.54,275.61,1
06-01-2024 09:17,3,700,320,40.54,85.36,187.79,76.49,1
06-01-2024 09:18,3,634,464,90.02,83.22,254.99,761.74,3
06-01-2024 09:19,5,828,388,65.15,64.35,230.54,446.71,4
06-01-2024 09:20,5,243,415,85.67,66.19,166.33,141.87,1
06-01-2024 09:21,10,716,125,76.8,15.18,268.55,453.49,2
06-01-2024 09:22,2,295,141,12.38,42.28,110.73,372.23,4
06-01-2024 09:23,1,363,27,15.56,83.01,150.3,289,5
06-01-2024 09:24,8,779,315,54.69,66.72,196.58,388.53,3
06-01-2024 09:25,3,433,321,21.02,50.09,135.03,542.3,1
06-01-2024 09:26,1,814,448,49.19,22.82,111.62,175.63,4
06-01-2024 09:27,1,838,281,91.14,33.47,38.16,439.55,1
06-01-2024 09:28,2,326,293,35.05,56.62,192.59,654.13,1
06-01-2024 09:29,6,121,242,51.56,82.31,61.82,193.54,3
06-01-2024 09:30,6,178,236,42.66,22.19,45.79,422.11,1
06-01-2024 09:31,3,407,203,63.54,26.53,58.74,773.27,3
06-01-2024 09:32,4,747,457,26.48,64.13,208.1,644.39,3
06-01-2024 09:33,2,574,380,32.09,37.06,45.82,482.55,5
06-01-2024 09:34,2,890,327,83,27.73,292.99,604.31,2
06-01-2024 09:35,7,269,142,78.96,28.38,228.77,429.99,5
06-01-2024 09:36,1,55,94,77.08,51.95,120.86,789.52,1
06-01-2024 09:37,7,800,152,75.53,58.78,180.02,151.96,5
06-01-2024 09:38,1,673,253,49.05,82.83,7.25,581.27,4
06-01-2024 09:39,6,277,67,71.96,54.74,254.14,24.64,5
06-01-2024 09:40,3,66,176,42.91,66.85,85.01,118.04,5
06-01-2024 09:41,8,634,103,18.56,28.55,26.21,583.01,5
06-01-2024 09:42,6,61,91,43.44,68.51,228.65,612.29,3
06-01-2024 09:43,2,647,193,23.49,63.65,102.23,50.73,2
06-01-2024 09:44,8,548,166,43.22,31.21,172.42,280.41,5
06-01-2024 09:45,5,741,90,35.28,65.2,253.99,112.19,5
06-01-2024 09:46,8,683,326,60.93,30.86,233.9,714.31,2
06-01-2024 09:47,8,765,315,40.73,59.52,104.37,374.03,5
06-01-2024 09:48,6,551,490,69.98,65.16,261.27,365.18,2
06-01-2024 09:49,2,119,268,53.53,67,119.71,662.62,5
06-01-2024 09:50,8,157,438,88.16,83.19,152.51,562.39,5
06-01-2024 09:51,6,250,51,17.74,86.09,185.68,739.39,4
06-01-2024 09:52,6,101,166,68.46,75.76,25.94,752.15,4
06-01-2024 09:53,8,598,174,67.15,80.91,181.16,264.29,4
06-01-2024 09:54,1,678,227,90.8,16.45,175.34,525.74,3
06-01-2024 09:55,2,308,266,41.58,42.2,262.68,442.6,1
06-01-2024 09:56,9,531,9,35.96,17.98,109.33,484.74,4
06-01-2024 09:57,8,313,87,24.65,31.86,76.45,507.74,1
06-01-2024 09:58,7,955,94,32.55,43.63,145.57,66.81,2
06-01-2024 09:59,7,352,52,52.66,80.07,207.76,718.15,1
06-01-2024 10:00,5,986,179,81.21,53.38,170.76,129.42,2
06-01-2024 10:01,2,625,278,34.16,63.66,45.77,351.06,1
06-01-2024 10:02,6,603,239,23.41,42.21,107.63,247.82,2
06-01-2024 10:03,10,604,73,33.13,60.22,23.82,451.92,4
06-01-2024 10:04,3,174,339,18.58,76.17,223.1,769.96,4
06-01-2024 10:05,4,954,72,88.77,37.59,265.47,341.69,4
06-01-2024 10:06,10,319,374,84.17,84.92,18.47,490.48,2
06-01-2024 10:07,2,908,68,36.22,31,160,130.09,3
06-01-2024 10:08,2,794,5,30.99,83.95,171.96,381.15,1
06-01-2024 10:09,8,529,339,86.96,17.12,134.45,734.31,2
06-01-2024 10:10,8,181,238,10.15,55.71,153.31,747.28,4
06-01-2024 10:11,10,51,466,61.05,88.89,214.56,446.22,1
06-01-2024 10:12,6,164,121,87.86,60.73,147.7,619.5,4
06-01-2024 10:13,5,530,413,53.23,56.61,276.3,22.51,3
06-01-2024 10:14,8,50,211,10.25,66.19,164.56,434.57,5
06-01-2024 10:15,4,380,262,28.6,36.7,26.18,591.33,4
06-01-2024 10:16,4,626,325,88.41,19.04,286.23,277.3,5
06-01-2024 10:17,5,991,58,11.45,33.83,48.31,722.9,3
06-01-2024 10:18,1,686,43,43.56,28.22,236.42,628.11,5
06-01-2024 10:19,1,817,197,77.13,84.27,160.44,620.36,4
06-01-2024 10:20,2,440,72,81.24,78.92,223.56,36.56,3
06-01-2024 10:21,8,883,91,50.6,38.83,156.46,163.43,1
06-01-2024 10:22,7,192,37,29.76,77.71,22.4,576.61,5
06-01-2024 10:23,10,377,491,60.97,30.88,115.6,458.14,5
06-01-2024 10:24,9,807,314,32.42,29.97,188.1,471.2,2
06-01-2024 10:25,5,677,237,31.7,72.57,190.52,31.55,4
06-01-2024 10:26,2,426,486,78.65,39.52,292.05,364.8,4
06-01-2024 10:27,7,864,383,23.11,19.86,183.87,633.42,5
06-01-2024 10:28,8,139,293,10.47,69,89.5,537.58,5
06-01-2024 10:29,7,857,466,38.63,89.22,17.81,466.49,5
06-01-2024 10:30,7,91,154,51.73,57.45,237.58,563.35,4
06-01-2024 10:31,5,996,170,69.93,34.78,267.34,683.77,2
06-01-2024 10:32,2,84,272,76.39,42.97,186.02,682.63,5
06-01-2024 10:33,6,543,406,66.4,63.65,147.3,375.7,4
06-01-2024 10:34,4,602,110,63.25,67.6,258.99,260.08,4
06-01-2024 10:35,10,902,151,66.59,81.47,75.91,305.78,2
06-01-2024 10:36,2,173,431,33.08,83.16,122.63,426.68,2
06-01-2024 10:37,9,106,451,42.5,79.6,154.76,89.71,2
06-01-2024 10:38,7,855,131,62.4,63.64,19.56,480.97,1
06-01-2024 10:39,6,505,268,15.57,48.74,208.13,373.54,1
06-01-2024 10:40,5,284,23,35.1,65.95,60.63,611.97,5
06-01-2024 10:41,3,657,367,44.55,64.99,103.28,233.67,4
06-01-2024 10:42,10,441,139,55.34,31.35,127.28,71.72,2
06-01-2024 10:43,10,541,490,51.35,53.07,193.36,717.76,1
06-01-2024 10:44,4,880,308,71.04,30.62,24.32,73.1,5
06-01-2024 10:45,3,392,239,50.24,82.43,105.55,743.28,4
06-01-2024 10:46,8,693,434,86.85,39.24,85.94,408.05,2
06-01-2024 10:47,3,225,441,42.33,75.41,5.45,63.9,1
06-01-2024 10:48,7,101,192,54.66,43.29,209.04,118.16,1
06-01-2024 10:49,7,599,127,10.27,72.28,74.6,435.7,4
06-01-2024 10:50,7,527,430,36.39,31.57,54.1,32.31,1
06-01-2024 10:51,7,538,29,83.66,72.28,240.4,733.8,4
06-01-2024 10:52,2,904,121,38.35,28.46,16.56,641.09,2
06-01-2024 10:53,10,54,198,31.52,51.81,270.57,413.55,4
06-01-2024 10:54,3,774,174,56.2,23.52,207.64,742.47,2
06-01-2024 10:55,10,681,144,16.69,54.59,55.67,222.6,3
06-01-2024 10:56,9,887,482,55.19,76.55,108.28,685.66,1
06-01-2024 10:57,3,930,179,35.81,71.67,285.25,648,3
06-01-2024 10:58,2,258,357,42.56,18.8,187.56,473.82,4
06-01-2024 10:59,9,266,11,77.27,51.91,184.57,268.7,2
06-01-2024 11:00,10,585,139,66.27,78.92,197.66,455.5,1
06-01-2024 11:01,9,391,447,47.92,63.76,141.51,766.63,5
06-01-2024 11:02,4,766,437,59.09,19.44,54.35,85.97,1
06-01-2024 11:03,9,450,253,75.18,39.42,49.51,176.79,5
06-01-2024 11:04,3,511,345,73.39,56.74,207.76,522.24,1
06-01-2024 11:05,7,787,314,25.75,27.95,265.76,549.17,2
06-01-2024 11:06,7,779,19,35.58,66.14,93.56,148.29,4
06-01-2024 11:07,8,260,160,39.6,62.61,153.5,648.91,2
06-01-2024 11:08,10,75,306,25.94,30.18,297.71,744.22,1
06-01-2024 11:09,4,301,122,11.03,56.28,80.86,82.14,5
06-01-2024 11:10,3,52,72,24.79,75.88,120.11,779.91,2
06-01-2024 11:11,3,51,55,78.7,43.11,112.24,239.35,2
06-01-2024 11:12,5,653,460,56.4,33.52,14.61,260.91,5
06-01-2024 11:13,1,51,169,39.04,67.59,155.31,55.02,3
06-01-2024 11:14,10,199,99,61.71,20.31,66.56,407.98,1
06-01-2024 11:15,3,632,70,72.89,77.45,42.94,764.71,2
06-01-2024 11:16,6,53,149,40.13,85.76,214.57,145.57,2
06-01-2024 11:17,3,546,117,49.62,87.36,230.9,469.95,1
06-01-2024 11:18,5,599,26,15.46,47.44,267.22,234.07,5
06-01-2024 11:19,9,920,248,60.75,61.74,280.57,34.54,1
06-01-2024 11:20,2,517,385,40.29,79.3,261.37,789.97,4
06-01-2024 11:21,2,119,209,46.85,31.76,41.14,578.62,4
06-01-2024 11:22,6,250,227,45.92,17.08,70.97,593.66,2
06-01-2024 11:23,6,357,411,63.75,43.84,41.13,537.11,4
06-01-2024 11:24,8,301,434,58.66,81.33,109.29,132.12,1
06-01-2024 11:25,2,336,114,45.88,52.88,41.6,181.22,2
06-01-2024 11:26,9,971,194,11.44,54.77,197.72,320.82,4
06-01-2024 11:27,2,341,484,62.78,66.86,216.43,796.46,5
06-01-2024 11:28,1,203,321,84.76,58.09,52.08,544.61,4
06-01-2024 11:29,10,973,10,75.41,19.09,188.36,365.06,5
06-01-2024 11:30,2,182,95,93.44,57.06,11.78,398.09,4
06-01-2024 11:31,7,932,121,21.82,63.6,133.14,739.32,5
06-01-2024 11:32,8,635,126,28.91,63.12,89.18,173.22,1
06-01-2024 11:33,5,323,37,55.84,69.63,299.56,270.28,1
06-01-2024 11:34,6,832,69,30.05,53.99,277.22,309.28,3
06-01-2024 11:35,1,746,297,12.94,82.5,48.53,720.15,1
06-01-2024 11:36,6,558,174,44.19,49.82,275.62,625.89,4
06-01-2024 11:37,8,402,461,34.45,53.86,128.54,480.81,2
06-01-2024 11:38,3,54,45,32.42,73.52,175.11,265.49,5
06-01-2024 11:39,1,342,123,91.02,77.49,162.46,177.72,1
06-01-2024 11:40,4,409,382,30.27,63.63,219.22,277.99,2
06-01-2024 11:41,1,647,472,21,24.48,103.81,744.97,5
06-01-2024 11:42,8,263,27,20.65,39.9,25.56,729.98,5
06-01-2024 11:43,5,455,193,78.54,16.51,128.2,349.12,5
06-01-2024 11:44,1,485,497,70.76,37.16,165.63,273.91,1
06-01-2024 11:45,8,64,340,21.01,57.77,168.7,709.98,5
06-01-2024 11:46,9,322,136,28.68,75.39,238.82,368.06,3
06-01-2024 11:47,10,612,195,73.52,58.92,18.05,50.19,1
06-01-2024 11:48,2,814,49,33.34,17.99,296.49,289.68,2
06-01-2024 11:49,9,94,96,93.43,34.43,297.22,493.69,3
06-01-2024 11:50,8,752,492,55.95,58.35,34.21,756.78,3
06-01-2024 11:51,7,683,121,26.32,68.18,106.49,351.18,1
06-01-2024 11:52,3,461,249,83,79.98,179.14,207.3,5
06-01-2024 11:53,2,236,473,37.16,87.57,115.13,319.91,3
06-01-2024 11:54,7,775,217,34.55,81.88,148.85,64.51,4
06-01-2024 11:55,5,710,114,37.83,50.05,101.15,721.09,2
06-01-2024 11:56,6,219,14,75.3,71.02,215.08,46.07,4
06-01-2024 11:57,4,770,62,24.72,33.04,112.39,20.76,1
06-01-2024 11:58,2,643,43,42.45,19.79,131.82,499.02,3
06-01-2024 11:59,9,450,411,12.62,19.13,174.89,140.11,5
06-01-2024 12:00,3,757,240,80.26,33.1,290.91,250.94,5
06-01-2024 12:01,7,295,96,38.96,17.82,194.33,402.97,3
06-01-2024 12:02,8,952,27,31.09,78.77,33.59,637.85,3
06-01-2024 12:03,2,906,324,59.29,51.74,99.08,322.26,5
06-01-2024 12:04,6,918,383,69.92,75.82,128.82,766.54,2
06-01-2024 12:05,8,601,242,79.1,85.49,223.35,373.49,1
06-01-2024 12:06,7,729,487,39.56,89.54,136.83,737.59,2
06-01-2024 12:07,3,92,459,79.05,85.29,199.44,372.82,5
06-01-2024 12:08,1,890,240,49.51,68.74,252.65,422.6,1
06-01-2024 12:09,6,772,304,18.6,48.15,35.78,767.3,1
06-01-2024 12:10,8,228,67,81.94,59.85,230.89,546.42,5
06-01-2024 12:11,6,506,281,56.55,76.24,224.95,136.51,5
06-01-2024 12:12,5,584,192,61.21,82.32,246.82,486.87,3
06-01-2024 12:13,8,656,119,89.69,86.74,287.04,195.67,3
06-01-2024 12:14,2,721,152,57.53,69.8,96.33,261.54,3
06-01-2024 12:15,1,293,265,10.47,55.5,131.56,673.76,5
06-01-2024 12:16,1,976,392,84,87.63,82.49,552.07,2
06-01-2024 12:17,4,66,231,34.2,86.9,101.5,243.77,1
06-01-2024 12:18,6,161,351,52.65,50.82,102.3,23.66,2
06-01-2024 12:19,9,664,249,27.42,63.65,261.58,434.32,4
06-01-2024 12:20,1,875,59,35.24,75.7,23.56,215.13,2
06-01-2024 12:21,1,647,17,68.37,47.48,64.8,42.08,4
06-01-2024 12:22,5,596,171,46.51,77.2,185.11,69.36,4
06-01-2024 12:23,10,79,351,63.31,23.36,230.73,545.14,1
06-01-2024 12:24,5,241,452,80,51.09,210.73,343.14,1
06-01-2024 12:25,5,486,132,38.97,51.2,18.74,224.73,4
06-01-2024 12:26,10,228,357,58.31,66.35,138.87,706.17,5
06-01-2024 12:27,6,665,136,76.09,23.73,59.42,663.57,4
06-01-2024 12:28,8,726,42,70.79,22.74,296.5,383.63,3
06-01-2024 12:29,3,523,305,55.89,82.54,299.67,234.96,1
06-01-2024 12:30,9,683,6,42.59,37.78,20.02,415.6,2
06-01-2024 12:31,1,183,329,44.64,39.52,201.98,607.28,1
06-01-2024 12:32,4,851,170,46.82,73.26,244.85,28.38,5
06-01-2024 12:33,9,361,456,39.65,46.12,100.81,497.8,3
06-01-2024 12:34,8,785,288,69.42,77.47,209.62,573.9,5
06-01-2024 12:35,10,74,399,20.66,45.11,60.36,657.1,2
06-01-2024 12:36,9,420,338,92.23,72.04,42.75,188.96,1
06-01-2024 12:37,1,574,215,76.21,54.4,277.96,178.68,2
06-01-2024 12:38,9,368,69,35.34,85.19,194.55,188.27,3
06-01-2024 12:39,3,279,370,13.62,39.55,246,746.52,2
06-01-2024 12:40,10,151,27,70.46,42.2,162.15,129.96,4
06-01-2024 12:41,9,499,225,72.42,87.75,50.64,616.42,3
06-01-2024 12:42,1,427,322,91.91,70.31,116.11,789.67,5
06-01-2024 12:43,1,937,234,31.56,72.94,265.09,758.1,5
06-01-2024 12:44,9,950,486,17.03,37.2,9.6,339.72,2
06-01-2024 12:45,6,252,443,87.79,54.9,66.12,674.69,3
06-01-2024 12:46,4,316,412,31.99,38.52,79.72,542.71,2
06-01-2024 12:47,7,511,408,71.33,34.49,82.58,697.4,4
06-01-2024 12:48,5,414,51,15.16,55.14,34.08,145.71,3
06-01-2024 12:49,10,783,149,74.65,89.08,255.22,616.65,1
06-01-2024 12:50,7,153,415,20.8,31.1,52.06,477.51,5
06-01-2024 12:51,8,160,75,69.12,33.19,249.75,441.29,2
06-01-2024 12:52,8,477,306,55.25,33.23,109.74,588.54,4
06-01-2024 12:53,1,518,92,91.22,74.38,139.91,232.99,5
06-01-2024 12:54,8,630,368,13.14,53.29,141.54,78.18,3
06-01-2024 12:55,6,919,424,34.82,43.86,215.38,411.65,5
06-01-2024 12:56,4,819,68,15.91,78.28,220.73,255.66,5
06-01-2024 12:57,8,729,235,84.73,37.31,194,220,1
06-01-2024 12:58,3,854,362,60.48,44.42,233.26,798.85,1
06-01-2024 12:59,4,935,144,55.47,20.52,7.45,174.33,4
06-01-2024 13:00,6,610,76,21.17,23.92,153.92,203.75,4
06-01-2024 13:01,7,299,86,51.57,25.25,159.59,280.43,2
06-01-2024 13:02,4,531,227,43.89,41.02,75.61,407.66,1
06-01-2024 13:03,4,380,363,36.84,54.31,169.13,697.91,3
06-01-2024 13:04,7,981,447,75.64,15.06,142.81,157.59,2
06-01-2024 13:05,6,636,56,15.21,29.24,144.27,500.45,3
06-01-2024 13:06,8,250,80,64.97,28.17,39.94,307.45,1
06-01-2024 13:07,1,503,24,79.95,34,133.4,641.59,3
06-01-2024 13:08,10,553,227,87.12,27.46,231.1,489.47,3
06-01-2024 13:09,7,595,28,73.4,29.63,125.95,640.17,1
06-01-2024 13:10,7,875,121,34.01,88.79,148.81,686.97,1
06-01-2024 13:11,7,160,490,61.04,59.6,290.42,731.46,5
06-01-2024 13:12,7,982,93,22.02,72.2,262.18,796.63,3
06-01-2024 13:13,10,913,341,19.95,76.45,278.97,502.71,2
06-01-2024 13:14,10,877,112,64.28,65.08,27.91,517.28,4
06-01-2024 13:15,8,957,378,82.34,67.81,187.48,129.65,5
06-01-2024 13:16,9,798,345,15.72,62.42,70.91,101.97,4
06-01-2024 13:17,9,593,487,19.01,63.7,124.25,400.35,2
06-01-2024 13:18,2,258,31,58.08,84.63,205.53,561.08,2
06-01-2024 13:19,7,693,143,28.55,28.93,175.78,213.59,1
06-01-2024 13:20,7,667,367,62,35.6,154.19,275.19,3
06-01-2024 13:21,4,82,298,28.24,21.99,245.26,566.1,1
06-01-2024 13:22,9,604,227,19.9,77.8,206.37,185.1,3
06-01-2024 13:23,8,929,358,56.37,48.66,247.21,426.67,5
06-01-2024 13:24,1,156,250,83.29,83.03,279.92,440.13,1
06-01-2024 13:25,2,314,50,68.24,45.88,215.03,735.22,1
06-01-2024 13:26,2,275,214,79.59,48.2,121.64,333.77,2
06-01-2024 13:27,8,536,380,32.64,48.63,67.77,184.23,3
06-01-2024 13:28,1,228,389,85.31,60.94,84.92,155.64,2
06-01-2024 13:29,4,271,432,42.05,72.46,122.01,248.66,1
06-01-2024 13:30,10,419,269,82.46,41.35,223.33,237.56,3
06-01-2024 13:31,5,686,288,50.05,62.26,16.85,605.15,3
06-01-2024 13:32,9,837,195,32.77,30.3,245.21,483.1,5
06-01-2024 13:33,7,216,254,32.12,56.55,228.65,552.29,2
06-01-2024 13:34,8,712,79,58.25,55.99,152.33,511.63,5
06-01-2024 13:35,9,602,475,16.72,81.65,122.9,395.37,2
06-01-2024 13:36,7,349,244,89.05,82.19,38.25,744.06,2
06-01-2024 13:37,5,430,91,33.07,51.54,90.46,657.59,3
06-01-2024 13:38,5,84,414,38.53,16.84,37.34,184.44,3
06-01-2024 13:39,10,456,6,29.83,78.35,246.57,350.46,4
06-01-2024 13:40,6,551,281,10.26,15.05,155.25,244.56,1
06-01-2024 13:41,5,363,412,68.87,50.87,77.8,601.64,5
06-01-2024 13:42,9,865,446,60.2,16.48,10.34,288.68,4
06-01-2024 13:43,3,792,150,78.82,41.44,159.56,519.37,5
06-01-2024 13:44,3,776,324,13.49,62.76,226.87,247.93,5
06-01-2024 13:45,7,875,399,88.94,42.84,231.12,153.88,1
06-01-2024 13:46,7,150,282,38.13,84.52,68.26,27.17,5
06-01-2024 13:47,6,618,191,87.61,63.06,298.54,795.81,5
06-01-2024 13:48,3,264,274,19.11,63.48,172.79,191.22,3
06-01-2024 13:49,7,984,73,73.23,43.08,102.94,669.15,3
06-01-2024 13:50,5,717,447,59.25,17.89,120.88,661.23,3
06-01-2024 13:51,7,625,318,40.45,70.36,41.71,204.05,1
06-01-2024 13:52,2,111,68,16.73,68.72,150.54,344.2,3
06-01-2024 13:53,6,900,304,61.4,54.76,227.22,672.17,4
06-01-2024 13:54,8,418,434,12.25,46.22,125.78,558.05,4
06-01-2024 13:55,1,417,63,52.61,55.37,260.72,308.5,4
06-01-2024 13:56,4,623,453,61.36,71.01,145.64,760.33,1
06-01-2024 13:57,1,143,493,72.26,68.46,270.68,287.03,2
06-01-2024 13:58,1,518,134,94.26,64.36,212.45,185.41,2
06-01-2024 13:59,10,902,442,32.11,82.78,21.23,134.44,4
06-01-2024 14:00,8,75,307,37.4,60.74,24.77,567.03,2
06-01-2024 14:01,7,484,268,39,16.09,241.03,42.62,5
06-01-2024 14:02,10,170,223,72.18,61.35,110.26,679.76,1
06-01-2024 14:03,1,99,431,89.2,60.94,60.83,257.29,4
06-01-2024 14:04,2,932,126,92.82,20.22,260.27,308.45,4
06-01-2024 14:05,4,813,265,90.39,47.08,295.08,645.43,4
06-01-2024 14:06,1,85,7,84.75,63.83,243.58,655.06,5
06-01-2024 14:07,3,459,413,94.23,67.84,218.91,332.01,3
06-01-2024 14:08,8,338,206,41.96,81.98,5.28,451.98,4
06-01-2024 14:09,8,428,179,90.61,78.1,36.26,549.78,2
06-01-2024 14:10,8,149,468,74.69,23.74,202.93,557.11,3
06-01-2024 14:11,6,373,496,24.32,60.66,125.82,436.56,5
06-01-2024 14:12,6,378,183,13.86,59.74,10.75,678.4,4
06-01-2024 14:13,5,697,480,28.23,37.78,223.56,676.32,3
06-01-2024 14:14,9,755,443,76.19,28.81,128.54,682.07,4
06-01-2024 14:15,4,270,440,63.69,29.96,199.35,229.21,4
06-01-2024 14:16,10,840,406,29.07,28.32,143.16,220.39,5
06-01-2024 14:17,7,887,228,73.06,75.47,12.82,129.06,2
06-01-2024 14:18,1,616,236,22.01,26.13,192.6,664.59,5
06-01-2024 14:19,9,988,146,79.86,34.83,237.49,67.32,5
06-01-2024 14:20,7,159,58,77.5,31.33,51.01,125.54,2
06-01-2024 14:21,10,198,296,92.67,68.46,267.87,742.44,3
06-01-2024 14:22,9,455,241,22.77,26.88,58.56,117.59,5
06-01-2024 14:23,7,826,345,87.06,16.8,129.74,114.6,4
06-01-2024 14:24,2,723,287,38.99,43.07,160.52,729.11,5
06-01-2024 14:25,6,748,440,45.37,37.88,97.59,261.88,2
06-01-2024 14:26,10,459,163,49.82,44.83,152.63,707.51,3
06-01-2024 14:27,4,178,26,63.29,71.54,216.92,314.57,2
06-01-2024 14:28,3,533,452,94.55,15.93,215.76,311.44,4
06-01-2024 14:29,2,157,106,61,17.83,277.07,125.44,3
06-01-2024 14:30,6,438,240,88.77,34.17,259.32,736.53,5
06-01-2024 14:31,8,474,340,31.68,81.69,295.61,614.12,3
06-01-2024 14:32,6,496,418,43.86,27.68,180.64,196.01,5
06-01-2024 14:33,9,967,332,52.88,89.78,123.15,587.68,5
06-01-2024 14:34,5,117,400,37.45,75.43,75.83,100.88,1
06-01-2024 14:35,2,993,379,93.03,49.21,76.97,428.57,5
06-01-2024 14:36,8,115,42,71.68,71.09,49.52,218.33,5
06-01-2024 14:37,9,705,133,50.7,53.91,219.37,683.46,5
06-01-2024 14:38,10,614,317,73.86,57.45,198,418.68,1
06-01-2024 14:39,4,689,44,49.73,58.56,91.23,738.55,3
06-01-2024 14:40,6,553,35,11.46,63.65,268.18,476.43,1
06-01-2024 14:41,10,553,364,56.17,19.56,167.92,413.1,2
06-01-2024 14:42,8,370,347,63.14,61.24,25.36,561.27,5
06-01-2024 14:43,9,768,384,93.4,68.77,23.13,631.5,1
06-01-2024 14:44,5,881,1,13.47,38.3,47.24,31.9,1
06-01-2024 14:45,6,777,226,53.53,88.39,67.32,427.38,3
06-01-2024 14:46,4,629,299,18.34,25.83,266.79,625.06,3
06-01-2024 14:47,5,496,288,22.66,83.28,234.64,337.85,3
06-01-2024 14:48,7,623,236,61.89,65.73,64.51,55.19,4
06-01-2024 14:49,9,259,359,29.68,64.82,78.31,33.69,3
06-01-2024 14:50,10,898,447,73.68,80.7,192.85,639.2,5
06-01-2024 14:51,6,888,33,53.71,77.38,262.1,174.5,1
06-01-2024 14:52,6,419,95,28.55,40.91,98.44,156.44,2
06-01-2024 14:53,8,990,205,51.97,67.9,160.02,245.86,2
06-01-2024 14:54,4,613,109,10.07,18.8,267.66,99.69,2
06-01-2024 14:55,3,677,322,83.33,49.8,232.34,61.56,5
06-01-2024 14:56,7,942,30,11.08,85.33,268,700.36,1
06-01-2024 14:57,5,507,266,10.6,35.56,87.03,256.17,4
06-01-2024 14:58,2,944,23,61.98,18.75,208.83,474.27,4
06-01-2024 14:59,2,626,97,92.75,58.72,38.63,689.08,3
06-01-2024 15:00,6,691,39,82.75,41.63,186.78,782.42,4
06-01-2024 15:01,8,738,173,31.42,43.48,94.69,557.02,1
06-01-2024 15:02,1,839,248,26.72,58.68,211.94,761.13,3
06-01-2024 15:03,6,974,379,63.22,61.62,46.85,350.35,5
06-01-2024 15:04,2,212,413,79.92,47.8,201.35,635.84,2
06-01-2024 15:05,2,381,414,40.78,53.07,214.01,751.33,2
06-01-2024 15:06,7,713,162,46.75,89.49,257.86,61.46,3
06-01-2024 15:07,10,399,180,19.82,86.79,207.69,267.61,3
06-01-2024 15:08,1,797,103,22.99,68.05,159.24,597.4,3
06-01-2024 15:09,6,719,209,58.31,27.11,236.33,265.91,1
06-01-2024 15:10,7,517,22,18.73,42,88.91,33.29,3
06-01-2024 15:11,8,475,5,27.17,81.23,204.85,649.48,1
06-01-2024 15:12,7,376,139,29.95,46.77,218.74,148.48,3
06-01-2024 15:13,6,155,214,47.73,86.65,120.8,270.28,1
06-01-2024 15:14,9,867,160,13.88,51.62,296.75,730.25,1
06-01-2024 15:15,3,304,408,52.48,79.63,110.05,182.91,4
06-01-2024 15:16,6,407,395,88.94,17.65,29.92,717.91,4
06-01-2024 15:17,4,493,139,12.08,47.56,94.52,349.59,3
06-01-2024 15:18,2,162,145,63.63,67.52,34.33,736.14,3
06-01-2024 15:19,1,79,160,81.05,79.77,105.09,703.94,1
06-01-2024 15:20,1,573,83,36.56,60.72,42.72,343.89,1
06-01-2024 15:21,10,738,155,21.18,27.99,134.66,739.06,4
06-01-2024 15:22,3,899,288,13.68,81.43,234.5,513.52,5
06-01-2024 15:23,4,95,317,64.73,58.11,24.9,390.98,2
06-01-2024 15:24,2,220,281,56.94,23.1,171.12,433.94,2
06-01-2024 15:25,1,179,64,29.49,49.79,17.93,69.37,5
06-01-2024 15:26,4,806,192,80.69,67.42,265.96,649.92,5
06-01-2024 15:27,7,402,156,72.52,48.83,276.81,248.12,2
06-01-2024 15:28,10,252,424,33.5,80.31,150.25,230.73,4
06-01-2024 15:29,6,275,91,74.04,46.78,231.92,578.01,2
06-01-2024 15:30,6,129,142,30.82,58.76,179.91,309.23,5
06-01-2024 15:31,9,359,42,67.4,30.84,105.5,421.05,2
06-01-2024 15:32,2,84,249,20.08,53.45,77.32,348.83,2
06-01-2024 15:33,4,613,295,68.84,31.71,228.79,413.62,5
06-01-2024 15:34,5,210,258,30.3,31.89,131.84,193.29,4
06-01-2024 15:35,1,645,337,58.66,35.99,276.47,710.25,2
06-01-2024 15:36,8,889,1,24.66,18.31,292.83,495.94,3
06-01-2024 15:37,8,484,109,71.71,27.25,67.07,202.29,3
06-01-2024 15:38,6,587,416,15.17,46.83,170.51,91.4,2
06-01-2024 15:39,5,274,467,24.06,24.83,163.4,437.67,5
06-01-2024 15:40,8,495,125,25.65,25,261.09,385.13,3
06-01-2024 15:41,3,366,64,13.51,87.59,208.84,747.34,2
06-01-2024 15:42,3,715,206,73.33,47.03,184.18,199.95,5
06-01-2024 15:43,2,854,415,93.38,45.28,205.31,707.65,3
06-01-2024 15:44,5,463,442,76.16,35.08,119.89,617.87,4
06-01-2024 15:45,3,144,338,83.15,53.43,288.29,391.67,5
06-01-2024 15:46,3,274,244,10.51,59.7,22,701.54,3
06-01-2024 15:47,6,828,78,20.02,46.36,13.59,692.27,1
06-01-2024 15:48,8,998,111,57.52,44.54,127.6,577.25,1
06-01-2024 15:49,2,602,142,93.12,67.53,50.6,99.21,5
06-01-2024 15:50,4,694,216,66.16,86.23,165.72,144.95,3
06-01-2024 15:51,7,115,453,41.8,80.84,7.66,481.45,4
06-01-2024 15:52,1,446,16,22.42,23.9,140.61,211.43,5
06-01-2024 15:53,1,259,453,22.99,63.92,92,449.91,5
06-01-2024 15:54,10,523,54,40.83,15.53,64.7,457.41,4
06-01-2024 15:55,7,714,141,70.67,62.48,136.17,477.93,2
06-01-2024 15:56,7,733,380,12.7,49.83,257.09,464.48,2
06-01-2024 15:57,1,959,336,82.44,51.83,198.34,315.82,4
06-01-2024 15:58,1,886,79,90.03,59.1,52.18,183.99,4
06-01-2024 15:59,4,620,415,85.55,70.7,152.17,424.46,3
06-01-2024 16:00,5,745,453,87.61,69.71,279.84,406.23,4
06-01-2024 16:01,5,539,149,11.3,18.34,134.57,234.65,1
06-01-2024 16:02,4,229,127,93.11,70.24,143.81,59.92,1
06-01-2024 16:03,8,883,158,41.14,77.24,282.7,180.34,2
06-01-2024 16:04,7,885,279,83.89,20.11,45.06,449.61,1
06-01-2024 16:05,9,573,38,25.88,39.22,221.84,437.78,1
06-01-2024 16:06,7,508,157,47.95,74.4,93.25,124.24,3
06-01-2024 16:07,10,117,333,13.75,51.98,260.44,492.72,2
06-01-2024 16:08,1,988,288,13.41,67.12,21.04,349.67,3
06-01-2024 16:09,7,378,112,90.18,52.67,297.17,529.86,5
06-01-2024 16:10,1,251,190,78.9,88.37,231.74,712.64,1
06-01-2024 16:11,7,524,106,55.04,85.21,88.88,260.67,1
06-01-2024 16:12,10,567,91,54.66,36.09,229.45,290.9,3
06-01-2024 16:13,8,64,354,73.64,43.94,277.28,547.92,5
06-01-2024 16:14,9,91,301,39.04,47.35,38.31,760.34,1
06-01-2024 16:15,3,592,49,74.76,22.82,274.51,399.18,4
06-01-2024 16:16,4,742,161,51.23,45.31,111.25,152.04,3
06-01-2024 16:17,4,823,4,64.22,73.11,6.91,749.3,2
06-01-2024 16:18,9,338,402,92.01,78.52,38.16,386.43,5
06-01-2024 16:19,7,974,198,50.06,81.46,266.01,379.35,1
06-01-2024 16:20,3,582,320,45.56,16.09,294.89,441.05,1
06-01-2024 16:21,10,941,412,86.99,74.16,269.13,216.95,2
06-01-2024 16:22,5,743,364,86.72,52.7,135.25,632.06,1
06-01-2024 16:23,7,745,377,94.36,30.46,288.62,520.01,4
06-01-2024 16:24,8,293,442,56.82,52.41,125.02,764.8,4
06-01-2024 16:25,1,911,475,39.26,78.32,38.54,179.03,5
06-01-2024 16:26,2,710,254,30.43,47.57,105.58,502.92,4
06-01-2024 16:27,7,817,90,12.9,89.28,299.53,422.97,5
06-01-2024 16:28,2,661,312,71.77,61.25,189.65,717.91,5
06-01-2024 16:29,7,616,20,29.85,51.73,105.3,43.69,3
06-01-2024 16:30,9,747,77,61.56,37.12,189.13,613.42,1
06-01-2024 16:31,2,881,220,87.91,15.83,131.6,505.99,1
06-01-2024 16:32,7,647,162,90.77,60.79,19.62,493.89,4
06-01-2024 16:33,4,223,497,10.37,58.31,64.33,702.75,1
06-01-2024 16:34,2,583,343,36.95,53.76,10.67,480.04,5
06-01-2024 16:35,7,558,394,81.18,55.33,80.16,578.42,5
06-01-2024 16:36,5,293,115,55.6,78.26,223.17,523.65,2
06-01-2024 16:37,1,109,94,78.64,38.77,62.03,74.21,1
06-01-2024 16:38,5,153,406,82.53,56.27,160.78,108.01,1
06-01-2024 16:39,3,700,133,47.62,66,211.97,284.03,4
06-01-2024 16:40,7,352,172,40.51,30.74,166.86,547.05,4
06-01-2024 16:41,6,720,114,48.71,84.36,9.53,40.63,3
06-01-2024 16:42,8,793,9,65.49,70.28,112.19,622.62,4
06-01-2024 16:43,5,126,299,41.21,19,135.28,178.35,5
06-01-2024 16:44,2,67,260,75.87,79.88,106.11,456.43,5
06-01-2024 16:45,9,583,170,86.84,84.74,166.15,176.9,1
06-01-2024 16:46,8,233,321,34,74.53,156.38,157.26,2
06-01-2024 16:47,6,706,98,92.02,46.97,60.3,280.67,1
06-01-2024 16:48,10,599,169,62.93,89.58,226.83,738.78,2
06-01-2024 16:49,7,330,448,84.64,24.33,52.54,205.52,4
06-01-2024 16:50,9,337,311,18.83,55.25,140.39,57.85,3
06-01-2024 16:51,7,704,218,31.38,27.78,228.11,708.15,3
06-01-2024 16:52,3,574,402,37.29,47.95,210.69,362.37,3
06-01-2024 16:53,6,747,400,35.74,84.56,132.49,504.42,4
06-01-2024 16:54,7,523,343,24.61,74.57,237.73,710.91,2
06-01-2024 16:55,2,995,430,83.8,73.66,215.56,609.41,1
06-01-2024 16:56,3,316,420,45.58,41.54,118.44,641.27,3
06-01-2024 16:57,4,830,346,91.87,85.07,269.18,394.47,1
06-01-2024 16:58,10,658,450,59.6,42.62,46.88,556.13,3
06-01-2024 16:59,6,995,44,21.76,18,110.75,771.74,2
06-01-2024 17:00,1,406,261,56.4,62.84,210.85,714.04,4
06-01-2024 17:01,9,855,285,94.45,42.2,262.53,497.69,2
06-01-2024 17:02,5,50,126,58.04,26.53,100.16,86.59,2
06-01-2024 17:03,7,856,260,10.16,85.1,170.57,784.17,5
06-01-2024 17:04,9,76,495,89.31,62.79,8.49,195.88,3
06-01-2024 17:05,9,597,355,29.97,85.54,114.4,301.39,2
06-01-2024 17:06,1,209,214,68.52,58.72,102.63,129.48,5
06-01-2024 17:07,1,986,305,53.78,19.79,253.53,149.96,1
06-01-2024 17:08,3,448,200,37.66,17.25,26.82,640.71,2
06-01-2024 17:09,6,592,236,34.02,82.54,23.32,120.05,4
06-01-2024 17:10,2,176,341,88.94,17.9,135.6,167.71,5
06-01-2024 17:11,10,823,136,87.51,61.14,125.18,153.76,4
06-01-2024 17:12,1,906,378,53.62,37.35,52.66,308.75,5
06-01-2024 17:13,1,997,436,31.97,66.57,82.69,561.86,3
06-01-2024 17:14,5,259,116,18.7,36.35,292.39,522.19,1
06-01-2024 17:15,4,199,453,23.31,17.79,156.39,585.26,4
06-01-2024 17:16,1,80,405,54.39,69.81,30.92,586.91,2
06-01-2024 17:17,4,661,155,36.17,38.32,19.68,22.34,1
06-01-2024 17:18,3,890,422,13.58,56.31,17.37,553.94,1
06-01-2024 17:19,2,351,389,48.69,73.04,119.76,553.97,2
06-01-2024 17:20,9,914,341,73.43,67.71,260.36,68.45,4
06-01-2024 17:21,1,780,317,85.79,41.14,250.71,353.15,4
06-01-2024 17:22,7,814,392,59.75,71.09,113.53,81.34,3
06-01-2024 17:23,4,732,342,71.48,84.43,233.45,168.85,5
06-01-2024 17:24,5,306,18,40.95,60.75,226.91,402.01,1
06-01-2024 17:25,10,989,388,52.18,67.76,147.48,29.37,1
06-01-2024 17:26,5,106,4,72.02,79.94,124.29,94.1,3
06-01-2024 17:27,1,58,165,71.85,78.27,58.26,86.24,5
06-01-2024 17:28,6,54,127,46.08,41.37,87.24,117.14,5
06-01-2024 17:29,9,896,399,56.21,89.38,104.92,58.83,5
06-01-2024 17:30,2,163,422,88.53,17.14,244.75,497.42,2
06-01-2024 17:31,7,826,411,63.72,89,168.12,159.31,3
06-01-2024 17:32,6,734,213,64.62,33.45,64.27,692.83,2
06-01-2024 17:33,5,781,48,76.69,48.03,33.27,710.14,5
06-01-2024 17:34,4,254,46,19.79,81.28,151.52,559.01,2
06-01-2024 17:35,4,73,46,54.45,33.32,201.56,70.67,1
06-01-2024 17:36,6,542,48,91.55,31.86,246.57,715.45,2
06-01-2024 17:37,4,731,187,40.74,63.23,240.21,346.57,2
06-01-2024 17:38,5,455,120,35.07,67.91,248.13,161.27,4
06-01-2024 17:39,6,152,132,61.1,15.56,137.11,627.45,3
06-01-2024 17:40,5,109,459,28.8,48.78,260.37,290.42,5
06-01-2024 17:41,7,135,19,57.26,51.68,136.16,414.74,3
06-01-2024 17:42,9,816,441,23.23,35.39,54.6,599.57,1
06-01-2024 17:43,10,726,275,59.28,55.96,122.23,98.87,5
06-01-2024 17:44,7,421,475,61.2,26.59,105.31,152.25,1
06-01-2024 17:45,7,728,232,45.56,39.27,120.69,775.48,2
06-01-2024 17:46,4,645,42,42.53,68.49,199.29,576.56,4
06-01-2024 17:47,1,251,92,30.86,80.53,198.79,200.28,5
06-01-2024 17:48,8,651,261,38.13,59.2,71.35,467.55,1
06-01-2024 17:49,4,138,48,52.36,20.61,98.2,166.63,2
06-01-2024 17:50,1,486,409,31.05,65.91,180.63,695.06,5
06-01-2024 17:51,5,169,451,76.54,82.32,29.82,369.92,5
06-01-2024 17:52,8,205,282,70.27,52.82,208.16,649.36,3
06-01-2024 17:53,4,448,74,32.89,52.03,57.77,778.09,5
06-01-2024 17:54,8,749,216,18.28,89.36,255.96,785.08,1
06-01-2024 17:55,8,237,446,10.02,62.72,123.47,127.34,4
06-01-2024 17:56,3,823,221,60.72,75.45,70.14,756.95,5
06-01-2024 17:57,9,101,109,27.97,63.49,202.01,230.83,1
06-01-2024 17:58,3,701,135,11.07,31.57,168.44,300.51,2
06-01-2024 17:59,1,580,428,40.52,36.31,55.72,69.13,2
06-01-2024 18:00,2,529,343,91.77,64.93,249.01,523.57,5
06-01-2024 18:01,6,636,238,68.65,49.21,138.72,522.41,4
06-01-2024 18:02,10,279,155,82.91,45.33,49.91,626.09,5
06-01-2024 18:03,2,530,426,22.3,16.68,239.87,758.08,3
06-01-2024 18:04,6,179,329,16.23,81.33,44.36,353.97,5
06-01-2024 18:05,1,104,492,10.98,81.34,290.57,337.8,3
06-01-2024 18:06,1,320,56,91.23,49.57,135.33,518.51,3
06-01-2024 18:07,5,149,387,35.52,67.56,219.83,540.58,3
06-01-2024 18:08,10,118,382,49.06,28.34,138.33,367.29,3
06-01-2024 18:09,9,960,397,43.53,52.79,60.33,737.08,3
06-01-2024 18:10,8,348,198,72.09,47.91,228.64,60.7,2
06-01-2024 18:11,3,578,315,36.35,64.25,90.36,609.99,5
06-01-2024 18:12,3,403,38,55.51,50.22,206.31,182.2,5
06-01-2024 18:13,1,677,341,94.62,52.38,80.92,406.36,3
06-01-2024 18:14,3,201,339,47.75,37.18,76.13,684.16,3
06-01-2024 18:15,1,379,217,56.86,18.63,139.95,277.09,3
06-01-2024 18:16,8,165,231,52.71,83.78,245.79,721.75,5
06-01-2024 18:17,1,591,452,78.27,15.92,186.02,371.53,3
06-01-2024 18:18,5,372,342,32.68,36.1,24.08,568.15,3
06-01-2024 18:19,9,612,453,24.49,48.57,221.49,583.69,4
06-01-2024 18:20,7,621,257,74.1,38.93,176.03,223.43,5
06-01-2024 18:21,4,278,434,45.33,56.39,188.95,722.51,4
06-01-2024 18:22,9,820,209,87.67,49.62,109.31,117.2,1
06-01-2024 18:23,9,409,201,64.75,34.16,169.07,480.26,4
06-01-2024 18:24,2,54,137,57.97,21.6,114.71,744.63,4
06-01-2024 18:25,10,77,128,15.99,25.32,29.04,44.17,1
06-01-2024 18:26,10,815,53,72.09,51.47,254.11,434.38,4
06-01-2024 18:27,6,413,344,68.31,78.45,205.02,212.22,4
06-01-2024 18:28,4,511,394,64.41,22.55,202.78,170.12,3
06-01-2024 18:29,8,280,84,32.77,65.79,62.14,202.34,1
06-01-2024 18:30,7,444,209,90.47,74.41,200.76,724.1,3
06-01-2024 18:31,7,918,333,37.34,35.76,73.45,351.9,2
06-01-2024 18:32,10,761,285,22.94,65.12,207.82,204,5
06-01-2024 18:33,9,893,36,93.91,66.5,103.39,743.49,4
06-01-2024 18:34,5,320,215,73.43,68.08,51.47,270.86,2
06-01-2024 18:35,6,900,27,45.26,81.81,272.35,584.3,1
06-01-2024 18:36,1,353,146,89.55,44.89,35.87,438.99,2
06-01-2024 18:37,6,432,18,17.74,33.28,229.73,549.75,1
06-01-2024 18:38,2,607,118,17.45,55.79,35.02,162.49,1
06-01-2024 18:39,6,77,137,68.01,19.69,206.99,549.25,1
06-01-2024 18:40,9,568,67,25.13,40.04,37.56,726.54,4
06-01-2024 18:41,8,793,391,87.96,81.24,155.1,98.71,1
06-01-2024 18:42,9,248,314,81.43,54.9,60.46,274.69,4
06-01-2024 18:43,10,655,463,36.04,47.75,260.64,778.63,2
06-01-2024 18:44,8,131,30,85.55,34.93,123.44,195.65,2
06-01-2024 18:45,3,137,73,13.65,33.78,9.55,66.45,4
06-01-2024 18:46,8,439,123,56.63,32.75,190.31,62.95,2
06-01-2024 18:47,6,747,445,89.52,77.19,136.32,234.73,3
06-01-2024 18:48,6,804,489,82.71,88.88,258.62,406,2
06-01-2024 18:49,6,629,475,40.27,55.11,132.78,229.69,3
06-01-2024 18:50,3,872,228,25.54,20.99,126.29,239.1,2
06-01-2024 18:51,10,500,338,27.9,71.33,138.96,668.51,2
06-01-2024 18:52,1,482,479,53.73,80.78,258.66,618.21,1
06-01-2024 18:53,4,423,273,60.73,84.84,178.11,262.46,3
06-01-2024 18:54,10,484,246,12.79,62.16,202.46,289.01,4
06-01-2024 18:55,6,236,437,45.15,53.02,217.52,776.34,1
06-01-2024 18:56,10,800,390,80.58,61.54,281.57,761.12,3
06-01-2024 18:57,2,439,39,47.77,15.97,252.07,779.02,1
06-01-2024 18:58,7,267,409,24.38,64.16,278.55,752.58,5
06-01-2024 18:59,7,157,170,91.16,68.22,106.27,509.91,1
06-01-2024 19:00,4,868,426,32.63,69.15,68.38,260.49,4
06-01-2024 19:01,4,599,315,77.87,57.23,65,776.21,5
06-01-2024 19:02,1,956,102,26.47,67.5,258.05,599.4,4
06-01-2024 19:03,2,997,294,45.97,62.91,250.02,574.77,4
06-01-2024 19:04,9,398,415,51.69,23.66,196.87,642.14,3
06-01-2024 19:05,10,837,243,52.55,82.38,23.57,486.81,2
06-01-2024 19:06,8,571,157,53.9,61.7,98.82,474.94,1
06-01-2024 19:07,8,75,360,29.12,69.58,221.59,301.84,4
06-01-2024 19:08,9,97,265,53.85,40.72,78.33,137.58,5
06-01-2024 19:09,7,908,257,50.95,83.94,189.1,362.05,3
06-01-2024 19:10,9,419,464,27.74,52.7,165.11,423.55,1
06-01-2024 19:11,10,63,358,94,65.93,82.49,704.69,1
06-01-2024 19:12,2,661,343,83.57,86.41,280.63,333.25,3
06-01-2024 19:13,6,236,123,85.44,83.71,80.74,708.75,1
06-01-2024 19:14,3,573,456,68.27,63.36,268.96,267.66,2
06-01-2024 19:15,6,933,47,23.59,27.43,164.57,756.85,2
06-01-2024 19:16,3,940,332,58.29,86.29,32.09,50.37,1
06-01-2024 19:17,8,328,10,79.82,88.81,250.92,429.76,1
06-01-2024 19:18,4,390,144,13.29,22.75,238.47,270.84,3
06-01-2024 19:19,10,377,431,52.15,48.77,250.14,249.64,5
06-01-2024 19:20,6,728,299,43.67,56.12,193.25,81.93,4
06-01-2024 19:21,9,683,152,28.03,21.91,214.93,551.4,4
06-01-2024 19:22,2,954,487,42.15,29.23,272.58,326.19,5
06-01-2024 19:23,2,656,136,93.6,55.33,42.67,760.26,1
06-01-2024 19:24,7,74,75,71.48,87.23,29.5,575.69,4
06-01-2024 19:25,2,578,361,35.46,17.09,41.9,365.45,2
06-01-2024 19:26,2,475,26,61.46,83.43,261.67,509.29,3
06-01-2024 19:27,4,78,7,30.97,82.4,171.07,71.48,5
06-01-2024 19:28,9,372,79,61.92,79.29,56.94,479.53,4
06-01-2024 19:29,8,902,15,86.17,43.32,46.81,539.6,5
06-01-2024 19:30,2,362,432,57.33,51.81,136.4,102.81,1
06-01-2024 19:31,8,633,387,72.33,45.27,245.64,552.3,4
06-01-2024 19:32,4,319,400,48.53,86.07,242.53,389.73,5
06-01-2024 19:33,2,811,207,54.55,54.1,256.12,394.1,4
06-01-2024 19:34,10,344,89,69.08,21.05,231.84,584.39,4
06-01-2024 19:35,7,705,97,79.05,35.55,23.18,370.85,4
06-01-2024 19:36,6,835,398,66.05,49.65,217.45,202.79,5
06-01-2024 19:37,10,272,216,93.09,86.52,158.09,252.66,3
06-01-2024 19:38,5,124,459,79.68,57.67,219.29,595.91,3
06-01-2024 19:39,1,151,259,76.06,67.21,147.86,75.38,5
06-01-2024 19:40,2,581,329,81.83,21.64,147.64,675.84,2
06-01-2024 19:41,8,678,454,33.9,80.8,42.21,474.12,1
06-01-2024 19:42,1,735,287,46.72,55.43,272.04,587.04,5
06-01-2024 19:43,3,934,375,57.98,84.09,115.51,288.08,2
06-01-2024 19:44,2,222,464,49.3,48.41,176.8,193.74,5
06-01-2024 19:45,5,53,75,82.03,66.23,66.11,647.57,1
06-01-2024 19:46,4,901,242,12.3,50.31,113.82,99.72,5
06-01-2024 19:47,7,528,17,27.78,25.69,261.82,149.37,4
06-01-2024 19:48,5,709,177,84.95,35.4,66.83,242.24,5
06-01-2024 19:49,8,444,259,15.02,20.04,65.8,293.95,2
06-01-2024 19:50,4,675,123,29.29,48.02,81.85,178.85,5
06-01-2024 19:51,6,882,467,39.86,63.7,174.53,731.85,3
06-01-2024 19:52,4,963,472,73.81,33.28,158.6,41.2,5
06-01-2024 19:53,2,216,311,57.62,51.78,56.72,646.7,2
06-01-2024 19:54,1,349,111,91.14,49.42,209.13,340.63,5
06-01-2024 19:55,1,167,256,29.37,55.01,272.72,672.17,3
06-01-2024 19:56,8,561,234,84.13,28.84,63.65,640.85,5
06-01-2024 19:57,4,661,456,34.05,55.05,203.52,114.41,1
06-01-2024 19:58,5,835,497,30.87,42.32,177.98,539.8,3
06-01-2024 19:59,8,224,356,52.36,36.45,102.04,315.19,1
06-01-2024 20:00,7,208,40,16.05,58.95,187.26,660.39,3
06-01-2024 20:01,8,433,122,42.67,26.1,66.92,683.79,2
06-01-2024 20:02,8,276,450,40.23,82.55,251.02,167.46,5
06-01-2024 20:03,6,984,215,23.61,85.11,11.55,393.35,5
06-01-2024 20:04,10,87,296,83.17,64.55,172.28,483.63,1
06-01-2024 20:05,2,512,286,42.8,37.74,99.04,444.38,3
06-01-2024 20:06,6,480,281,93.46,61.95,265,216.38,2
06-01-2024 20:07,1,759,7,86.48,60.11,152.31,232.54,3
06-01-2024 20:08,1,697,92,26.56,44.34,241.73,689.39,4
06-01-2024 20:09,3,153,361,52.94,36.54,277.53,45.51,1
06-01-2024 20:10,3,242,434,61.15,27.63,103.63,224.64,3
06-01-2024 20:11,5,299,123,79.61,31.3,264.7,194,1
06-01-2024 20:12,1,62,337,85.28,63.98,219.25,309.12,4
06-01-2024 20:13,10,616,96,63.04,81.44,36.91,555.16,3
06-01-2024 20:14,6,905,1,12.99,43.87,35.66,435.16,3
06-01-2024 20:15,7,646,91,50.91,24.14,246.12,441.69,1
06-01-2024 20:16,10,670,428,85.21,15.96,143.15,590.4,4
06-01-2024 20:17,3,604,484,70.7,45.44,151.07,653.49,2
06-01-2024 20:18,4,437,433,83.96,32.44,267.92,144.7,5
06-01-2024 20:19,10,120,7,67.3,39.19,271.62,104.26,1
06-01-2024 20:20,10,829,120,13.74,33.13,38.25,254.95,1
06-01-2024 20:21,10,620,387,92.28,64.81,115.23,665.49,5
06-01-2024 20:22,10,487,350,88.03,62.89,269.09,442.56,3
06-01-2024 20:23,10,93,129,20.76,83.42,246.86,131.4,1
06-01-2024 20:24,3,321,179,19.58,67.48,217.7,147.72,2
06-01-2024 20:25,1,951,98,55.82,27.37,35.08,720.65,4
06-01-2024 20:26,8,63,422,74.35,71.37,188.25,306.24,3
06-01-2024 20:27,10,420,43,42.48,28.6,176.65,219.12,1
06-01-2024 20:28,10,161,183,21.59,56.9,54.31,561.12,2
06-01-2024 20:29,2,428,185,53.4,20.78,233.29,691.41,5
06-01-2024 20:30,1,363,53,38.69,18.55,97.03,365.08,3
06-01-2024 20:31,8,464,228,39.9,49.82,188.08,637.08,2
06-01-2024 20:32,7,789,161,64.82,22.87,111.74,355.43,1
06-01-2024 20:33,7,534,235,85.28,38,29.9,559.31,5
06-01-2024 20:34,4,218,464,57.48,40.41,159.81,468.36,1
06-01-2024 20:35,9,937,446,68.45,72.71,95.46,717.67,4
06-01-2024 20:36,6,852,358,66.1,39.95,26.04,273.54,1
06-01-2024 20:37,2,295,395,56.85,52.07,63.56,620.93,5
06-01-2024 20:38,1,315,200,36.41,72.94,187.56,553.47,4
06-01-2024 20:39,1,898,436,42.11,30.37,34.91,674.28,4
06-01-2024 20:40,9,292,1,36.83,75.37,30.8,493.88,3
06-01-2024 20:41,4,719,14,87.99,77.38,283.49,378.91,1
06-01-2024 20:42,5,349,478,80.26,89.16,36.72,58.57,3
06-01-2024 20:43,3,376,213,59.24,48.3,115.94,674.96,5
06-01-2024 20:44,4,579,378,87.54,42.8,44.36,729.75,3
06-01-2024 20:45,8,644,277,85.34,67.65,282.08,370.73,3
06-01-2024 20:46,4,896,34,88.85,19.36,146.94,193.36,5
06-01-2024 20:47,9,792,486,28.85,17.98,37.78,524.78,4
06-01-2024 20:48,9,391,474,70.99,40.12,231.8,114.93,1
06-01-2024 20:49,6,814,361,61.78,69.71,235.33,51.86,3
06-01-2024 20:50,2,728,270,72.38,23.73,270.85,246.28,2
06-01-2024 20:51,10,603,168,32.39,62.67,213.17,550.33,4
06-01-2024 20:52,7,298,378,69.06,35.21,21.14,655.08,3
06-01-2024 20:53,9,809,419,44.84,63.88,167.34,142.35,2
06-01-2024 20:54,6,999,170,80.9,49.27,118.29,758,5
06-01-2024 20:55,3,429,82,77.61,23.64,225.83,450.62,3
06-01-2024 20:56,7,847,404,27.97,33.55,179.32,741.7,1
06-01-2024 20:57,5,581,316,25.63,31.48,218.93,136.84,4
06-01-2024 20:58,1,943,137,71.01,27.34,58.23,377.22,3
06-01-2024 20:59,3,913,233,56.79,50.13,133.94,356.03,1
06-01-2024 21:00,5,430,115,57.36,86.6,132.47,341.12,3
06-01-2024 21:01,7,91,252,73.96,64.36,294.39,746.01,2
06-01-2024 21:02,3,394,493,82.67,77.7,10.64,682.54,4
06-01-2024 21:03,6,648,289,30.31,88.58,245.73,639.54,1
06-01-2024 21:04,5,310,49,57.22,55.55,33.65,243.18,1
06-01-2024 21:05,1,355,452,80.46,32.86,28.71,284.45,5
06-01-2024 21:06,10,858,4,84.19,84.59,101.81,222.26,4
06-01-2024 21:07,6,911,379,34.43,67.42,211.73,638.92,3
06-01-2024 21:08,8,289,176,18.85,86.92,205.14,326.4,2
06-01-2024 21:09,1,728,272,29.79,63.83,190.22,783.38,3
06-01-2024 21:10,2,362,431,90.37,73.14,233.49,304.17,2
06-01-2024 21:11,4,780,26,49.31,81.8,73.55,152.43,5
06-01-2024 21:12,2,490,70,45.58,71.94,191.98,745.29,1
06-01-2024 21:13,9,982,293,11.11,57.2,193.22,630.51,2
06-01-2024 21:14,10,952,406,14.34,50.39,198.03,474.92,1
06-01-2024 21:15,8,182,234,66.84,76.75,180.36,689.58,1
06-01-2024 21:16,8,768,231,60.14,72.9,70.35,760.57,3
06-01-2024 21:17,4,100,263,58.92,42.48,274.72,691.87,2
06-01-2024 21:18,5,667,426,19.38,52.37,292.92,725.52,2
06-01-2024 21:19,4,441,286,39.93,62.62,208.31,231.57,1
06-01-2024 21:20,9,745,74,79.05,17.13,136,418.46,2
06-01-2024 21:21,2,762,121,24.87,33.57,163.47,640.33,4
06-01-2024 21:22,8,572,463,85.03,33.77,36.97,430.3,5
06-01-2024 21:23,2,815,6,20.33,81.24,112.2,520.63,4
06-01-2024 21:24,1,557,24,24.38,39.86,292.96,739.82,3
06-01-2024 21:25,10,711,194,50.61,55.89,166.58,250.37,3
06-01-2024 21:26,3,403,168,90.35,77.37,170.39,440.74,4
06-01-2024 21:27,9,916,377,38.01,34.48,286.42,459.56,5
06-01-2024 21:28,3,444,399,65.95,24.28,266.47,300.44,2
06-01-2024 21:29,9,145,437,60.04,86.13,172.77,307.25,5
06-01-2024 21:30,7,155,341,22.72,67.85,84.35,619.85,5
06-01-2024 21:31,10,704,210,31.09,28.28,39.49,745.02,2
06-01-2024 21:32,1,727,133,89.06,76.48,259.78,514.31,2
06-01-2024 21:33,10,562,345,25.71,74.03,276.43,400.6,2
06-01-2024 21:34,5,607,292,69.08,77.82,150.81,605.28,2
06-01-2024 21:35,9,291,458,92,35.72,32.89,798.29,1
06-01-2024 21:36,3,905,499,20.16,48.64,183.84,84.27,4
06-01-2024 21:37,9,988,174,43.93,67.03,113.4,528.23,1
06-01-2024 21:38,5,537,151,29.03,44.3,51.57,453.76,4
06-01-2024 21:39,9,839,88,28.83,20.25,276.15,495.99,4
06-01-2024 21:40,10,564,301,20.11,25.23,75.64,37.8,4
06-01-2024 21:41,6,703,266,65.21,59.78,214.79,765.43,5
06-01-2024 21:42,9,947,310,73.44,43.14,131.67,86.61,4
06-01-2024 21:43,7,110,70,67.53,15.4,249.24,259.83,2
06-01-2024 21:44,7,465,205,88.6,72.51,211.75,252.67,5
06-01-2024 21:45,8,343,341,22.38,46.25,41.33,591.83,5
06-01-2024 21:46,7,786,32,37.19,38.53,137.64,543.33,1
06-01-2024 21:47,9,351,43,39.29,68.51,81.64,68.15,3
06-01-2024 21:48,9,219,118,29.73,49.13,215.51,136.77,5
06-01-2024 21:49,6,695,377,22.09,67.11,165.68,268.65,2
06-01-2024 21:50,7,90,15,51.37,15.99,105.35,569.2,5
06-01-2024 21:51,2,280,322,80.93,15.71,102.19,744.8,1
06-01-2024 21:52,9,458,399,91.14,56.99,38.77,266.07,5
06-01-2024 21:53,1,787,115,20.99,88.67,68.08,429.95,3
06-01-2024 21:54,1,700,337,79.97,35.43,215.47,310.64,4
06-01-2024 21:55,3,671,20,80.09,66.22,184.92,470.34,5
06-01-2024 21:56,6,346,178,43.06,27.92,109.9,509.82,1
06-01-2024 21:57,5,504,262,19.35,38.37,251.65,424.27,3
06-01-2024 21:58,2,106,79,94.15,20.86,147.9,323.44,4
06-01-2024 21:59,9,991,381,65.73,81.06,239.36,706.23,5
06-01-2024 22:00,10,684,401,93.49,38.28,235.45,645.5,2
06-01-2024 22:01,4,289,120,51.11,32.28,255.16,798.76,5
06-01-2024 22:02,4,647,26,43.59,69.8,255.68,341.9,2
06-01-2024 22:03,5,225,22,31.01,29.96,205.32,50.22,1
06-01-2024 22:04,8,112,201,93.6,33.02,226.08,528.07,4
06-01-2024 22:05,10,600,64,31.53,22.77,234.19,631.07,5
06-01-2024 22:06,4,187,460,12.02,87.22,54.9,750.69,4
06-01-2024 22:07,5,503,214,53.56,33.57,93.57,28.08,2
06-01-2024 22:08,4,802,314,42.05,89.67,35.75,706.07,3
06-01-2024 22:09,6,498,471,32.22,28.21,60.86,423.06,1
06-01-2024 22:10,3,275,293,63.94,16.55,234.59,312.36,5
06-01-2024 22:11,8,492,78,40.96,82.18,284.4,193.11,3
06-01-2024 22:12,6,255,216,44.19,58.5,203.72,655.02,1
06-01-2024 22:13,10,725,456,11.96,41.36,266.38,303.72,2
06-01-2024 22:14,5,76,474,60.07,53.5,98.8,491.55,1
06-01-2024 22:15,2,506,224,20.38,34.55,254.51,419.1,4
06-01-2024 22:16,10,744,377,28.17,62.61,104.94,225.26,2
06-01-2024 22:17,10,759,28,70.96,61.24,268.78,634.47,1
06-01-2024 22:18,7,898,480,36.63,21.01,240.42,252.58,4
06-01-2024 22:19,2,998,470,23.87,83.3,295.16,634.11,4
06-01-2024 22:20,1,156,305,59.08,49.54,249.05,339.44,5
06-01-2024 22:21,7,493,201,28.27,29.64,122.47,43.47,5
06-01-2024 22:22,5,750,67,33.03,38.05,37.47,618.59,1
06-01-2024 22:23,1,85,473,62.81,79.97,262.91,721.43,4
06-01-2024 22:24,4,646,359,72.89,43.74,173.5,113.43,3
06-01-2024 22:25,4,204,126,72.87,57.15,258.15,476.48,4
06-01-2024 22:26,10,218,460,50.99,86.08,119.2,75.97,2
06-01-2024 22:27,7,845,349,48.62,63.88,13.54,667.31,1
06-01-2024 22:28,9,321,195,76.95,65.68,20.46,790.61,1
06-01-2024 22:29,2,596,425,26.41,33.64,202.8,406.09,5
06-01-2024 22:30,1,469,174,22.94,65.12,38.77,264.45,4
06-01-2024 22:31,2,233,87,66.5,44.54,224.91,679.68,5
06-01-2024 22:32,7,660,343,44.81,83.33,128.74,426.21,4
06-01-2024 22:33,10,286,311,70.35,24.72,171.12,370.24,1
06-01-2024 22:34,6,964,466,31.81,36.42,241.36,197.69,2
06-01-2024 22:35,4,558,395,37.61,19.95,79.66,500.49,2
06-01-2024 22:36,1,490,484,86.22,43.57,126.81,492.93,2
06-01-2024 22:37,1,171,154,45.84,26.13,220.22,225.01,1
06-01-2024 22:38,5,466,456,60.23,78.39,275.94,184.9,5
06-01-2024 22:39,1,584,476,19.07,84.38,90.64,362.08,4
06-01-2024 22:40,7,424,210,25.2,65.21,188.7,371.64,5
06-01-2024 22:41,1,624,13,13.05,22.75,285.61,120.16,1
06-01-2024 22:42,1,375,164,46.07,40.62,196.41,235.33,5
06-01-2024 22:43,2,529,490,94.06,87.34,268.37,145.07,3
06-01-2024 22:44,10,199,488,84.28,25.22,282.22,723.13,4
06-01-2024 22:45,3,756,255,63.8,56.74,279.16,77.98,1
06-01-2024 22:46,1,641,384,83.19,41.47,228.75,705.43,3
06-01-2024 22:47,9,539,492,60.5,89.94,167.87,431.75,5
06-01-2024 22:48,10,876,64,41.35,36.4,33.54,538.95,2
06-01-2024 22:49,8,202,307,24.75,18.58,70.7,740.13,5
06-01-2024 22:50,5,66,76,65.51,67.66,80.45,305,1
06-01-2024 22:51,2,600,22,26.41,39.51,14.81,568.04,2
06-01-2024 22:52,5,894,60,45.48,64.32,35.07,543.92,5
06-01-2024 22:53,6,397,386,80.19,22.85,91.95,790.91,1
06-01-2024 22:54,1,508,56,20.98,54.23,31.77,55.92,3
06-01-2024 22:55,4,251,168,20.97,43.14,55.01,375.24,3
06-01-2024 22:56,9,472,412,29.07,55.26,21.05,791.85,2
06-01-2024 22:57,2,329,205,56.91,79.01,127.88,275.74,5
06-01-2024 22:58,5,471,353,31.4,87.96,247.29,773.22,3
06-01-2024 22:59,1,649,259,52.77,71.48,244.61,657.04,5
06-01-2024 23:00,4,514,191,35.67,72.51,271.94,284.67,3
06-01-2024 23:01,4,861,482,53.03,54.67,224.95,42.7,1
06-01-2024 23:02,6,853,407,33.6,22.3,77.11,238.67,2
06-01-2024 23:03,10,404,55,93.3,65.03,212.21,116.5,2
06-01-2024 23:04,9,631,416,51.88,26.08,227.38,354.2,4
06-01-2024 23:05,3,427,340,73.21,33.42,165.22,752.83,3
06-01-2024 23:06,9,173,284,69.55,68.07,243.07,419.84,3
06-01-2024 23:07,6,129,380,51.7,64.27,26.02,369.06,4
06-01-2024 23:08,7,606,264,30.3,38.57,180.46,188.29,5
06-01-2024 23:09,10,282,259,53.41,72.9,146.57,504.72,2
06-01-2024 23:10,2,529,350,67.88,85.45,242.54,375.19,2
06-01-2024 23:11,10,203,89,49.09,55.89,42.75,622.72,2
06-01-2024 23:12,6,956,437,16.96,65.83,67.72,422.58,1
06-01-2024 23:13,6,741,222,11.53,35.38,169.81,711.53,5
06-01-2024 23:14,2,458,413,37.87,87.81,284.43,630.75,4
06-01-2024 23:15,2,80,495,22.77,35.53,29.54,133.15,2
06-01-2024 23:16,2,646,350,87.03,81.56,224.3,126.08,3
06-01-2024 23:17,10,606,482,24.95,84.59,65.59,38.99,3
06-01-2024 23:18,1,552,89,43.51,68.97,36.11,307.83,5
06-01-2024 23:19,5,420,465,70.53,75.87,121.46,62.6,1
06-01-2024 23:20,8,372,59,79.31,49.34,177,370.96,4
06-01-2024 23:21,2,381,152,50.61,83.97,248.97,208.26,2
06-01-2024 23:22,5,292,422,25.4,70.7,192.23,408.63,4
06-01-2024 23:23,8,601,28,33.03,39.51,150.04,143.48,4
06-01-2024 23:24,10,479,225,45.61,17.62,89.27,448.37,3
06-01-2024 23:25,5,231,318,40.99,55.56,91.3,773.82,1
06-01-2024 23:26,2,858,484,39.64,78.05,232.32,517.04,2
06-01-2024 23:27,3,522,51,21.21,79.55,38.65,460.22,3
06-01-2024 23:28,6,425,263,87.63,77.63,48.21,634.68,3
06-01-2024 23:29,5,130,279,12.53,31.11,217.32,24.34,3
06-01-2024 23:30,4,599,46,47.4,46.96,288.51,240.32,3
06-01-2024 23:31,4,917,474,93.33,61.04,40.47,789.84,4
06-01-2024 23:32,5,469,334,66.08,65.07,184.78,630.44,1
06-01-2024 23:33,2,516,106,40.21,40.09,75.56,90.41,4
06-01-2024 23:34,9,477,284,22.42,66.95,12.6,274.64,1
06-01-2024 23:35,2,106,24,91.93,59.32,250.52,363.09,1
06-01-2024 23:36,10,371,7,11.19,57.51,155.04,748.98,2
06-01-2024 23:37,2,591,368,67.92,64.73,12.05,477.23,4
06-01-2024 23:38,10,544,484,84.81,60.25,269.16,80.24,5
06-01-2024 23:39,9,315,487,12.14,27.52,163.03,417.08,1
06-01-2024 23:40,3,276,335,71.64,80.58,222.43,245.72,5
06-01-2024 23:41,10,878,433,94.9,33.04,129.93,284.19,3
06-01-2024 23:42,7,853,3,64.37,70.84,59.54,109.13,1
06-01-2024 23:43,4,103,496,45.25,28.23,142.34,377.83,1
06-01-2024 23:44,6,658,258,84.32,64.57,89.86,542.2,4
06-01-2024 23:45,4,53,263,57.11,82.18,92.54,612.45,1
06-01-2024 23:46,10,488,121,73.7,15.73,194.94,562.4,5
06-01-2024 23:47,7,359,208,59.96,88.48,32.75,535.2,1
06-01-2024 23:48,1,928,21,13.25,17.23,122.12,697.99,2
06-01-2024 23:49,3,652,393,28.12,15.85,166.26,279.25,2
06-01-2024 23:50,3,138,140,16.69,79.32,214.41,187.38,4
06-01-2024 23:51,1,369,477,19.07,68.15,191.71,89.76,2
06-01-2024 23:52,6,424,280,11.31,22.94,266.44,149.25,1
06-01-2024 23:53,9,653,289,45.8,85.31,297.75,136.53,2
06-01-2024 23:54,8,550,206,25.19,65.39,281.54,731.75,3
06-01-2024 23:55,7,711,43,82.73,23.33,230.42,160.8,4
06-01-2024 23:56,10,283,338,73.75,79.54,207.37,93.28,1
06-01-2024 23:57,8,970,118,58.72,51.07,15.45,332.2,2
06-01-2024 23:58,6,386,5,51.57,35.86,162.38,152.3,3
06-01-2024 23:59,9,620,207,31.75,76.88,200.8,121.84,2
07-01-2024 00:00,3,234,123,50.37,70.38,126.82,302.68,2
07-01-2024 00:01,10,487,327,64.5,61.73,118.52,737.12,2
07-01-2024 00:02,10,605,345,76.49,82.39,165.05,43.74,1
07-01-2024 00:03,9,229,142,16.94,79.6,272.46,182.02,4
07-01-2024 00:04,4,125,372,70.22,32.01,81.97,662.9,3
07-01-2024 00:05,7,705,232,73.13,80.9,122.72,211.28,4
07-01-2024 00:06,9,662,164,57.51,43.05,197.66,364.05,4
07-01-2024 00:07,2,942,35,28.22,47.38,59.87,96.86,5
07-01-2024 00:08,2,321,364,55.83,87.92,251.3,640.24,3
07-01-2024 00:09,9,104,434,52.73,71.99,201.49,594.44,1
07-01-2024 00:10,3,750,472,50.44,39.11,108.92,119.89,1
07-01-2024 00:11,9,912,335,49.15,63.59,218.04,759.41,5
07-01-2024 00:12,5,896,11,19.42,55.45,87.41,480.69,5
07-01-2024 00:13,6,126,408,25.55,23.75,233.47,642.56,5
07-01-2024 00:14,2,345,75,18.27,81.58,25.85,615.76,5
07-01-2024 00:15,8,268,300,30.61,76.64,130.89,424.88,1
07-01-2024 00:16,9,326,435,32.4,73.33,82.18,603.04,1
07-01-2024 00:17,2,627,401,30.83,56.94,245.93,205.48,2
07-01-2024 00:18,6,697,381,27.93,31.56,227.06,36.59,4
07-01-2024 00:19,6,795,198,72.51,81.29,253.35,286.82,4
07-01-2024 00:20,8,760,341,79.58,41.47,197.21,138.95,4
07-01-2024 00:21,10,315,264,37.8,16.51,239.62,785.24,4
07-01-2024 00:22,5,949,335,35.94,88.63,134.44,740.43,1
07-01-2024 00:23,9,92,374,81.74,79.59,205.03,132.43,1
07-01-2024 00:24,1,410,224,63.03,61.7,14.18,288.31,5
07-01-2024 00:25,9,277,122,34.94,15.93,264.81,417.27,1
07-01-2024 00:26,10,276,74,70.66,32.08,207.01,331.01,1
07-01-2024 00:27,7,112,28,39.29,48.9,260.5,566.01,2
07-01-2024 00:28,4,220,463,59.86,62.11,232.4,412.74,3
07-01-2024 00:29,3,811,396,94.37,68.11,89.48,460.91,5
07-01-2024 00:30,10,899,171,35.64,74.12,85.5,548.56,5
07-01-2024 00:31,6,811,466,89.09,56.67,240.89,38.46,2
07-01-2024 00:32,1,356,376,37.26,64.21,59.49,29.69,3
07-01-2024 00:33,3,799,421,55.92,75.84,37.65,158.94,1
07-01-2024 00:34,2,617,364,49.1,68.99,9.44,580.28,5
07-01-2024 00:35,9,732,383,76.57,86.61,93.04,207.53,3
07-01-2024 00:36,3,969,216,15.19,80.6,34.28,737.74,4
07-01-2024 00:37,2,83,319,63.31,27.7,241.5,81.23,5
07-01-2024 00:38,4,876,101,74.66,86.06,147.94,472.33,3
07-01-2024 00:39,2,691,246,50.13,30.31,79.49,39.93,4
07-01-2024 00:40,1,179,93,18.95,89.34,182.62,778.21,4
07-01-2024 00:41,6,443,63,30.81,67.6,25.75,186.66,1
07-01-2024 00:42,10,200,266,67.77,62.06,219.21,478.36,3
07-01-2024 00:43,8,704,206,86.11,39.32,152.91,763.38,5
07-01-2024 00:44,10,679,80,45.84,24.98,6.91,43.68,5
07-01-2024 00:45,10,765,37,57.64,24.46,99.17,419.93,3
07-01-2024 00:46,2,433,11,29.41,79.99,226.31,430.84,2
07-01-2024 00:47,9,796,115,45.04,47.43,60.49,294.16,2
07-01-2024 00:48,3,66,90,38.63,56.99,288.75,530.55,1
07-01-2024 00:49,8,643,232,65.72,84.89,269.51,443.17,1
07-01-2024 00:50,8,63,19,93.7,34.15,234.58,214.33,2
07-01-2024 00:51,3,130,52,79.13,72.3,28.17,570.14,4
07-01-2024 00:52,3,256,374,26.33,50.28,109.38,383.61,4
07-01-2024 00:53,6,253,274,59.1,30.96,92.97,386.84,2
07-01-2024 00:54,1,428,94,15.64,78.97,45.6,762.5,5
07-01-2024 00:55,4,833,32,30.99,66,299.89,437.33,2
07-01-2024 00:56,1,593,151,24.64,22.12,48.42,632.03,5
07-01-2024 00:57,3,72,140,38.52,55.63,98.02,696.56,5
07-01-2024 00:58,9,663,58,67.7,78.88,264.64,472.97,4
07-01-2024 00:59,5,211,461,52.45,20.02,47.59,633.37,4
07-01-2024 01:00,5,659,21,89.3,46.22,143.51,261.44,4
07-01-2024 01:01,4,193,149,28.08,75.39,292.83,161.9,5
07-01-2024 01:02,3,979,221,40.96,79.38,77.95,562.52,5
07-01-2024 01:03,5,153,221,38.04,73.15,212.4,742.43,1
07-01-2024 01:04,4,431,242,30.06,37.93,28.61,53.15,2
07-01-2024 01:05,8,504,219,94.42,53.02,182.26,615.18,4
07-01-2024 01:06,4,466,29,42.91,70.6,105.02,42.15,3
07-01-2024 01:07,8,373,463,89.94,26.44,211.37,377.71,3
07-01-2024 01:08,6,220,47,43.19,59.62,132.7,548.21,5
07-01-2024 01:09,5,625,396,27.35,69.03,93.2,336.14,1
07-01-2024 01:10,4,805,58,20.13,78.75,166.07,254.74,2
07-01-2024 01:11,4,632,425,82.72,23.38,46.21,165.73,5
07-01-2024 01:12,4,323,275,12.73,39.73,245.26,782.74,2
07-01-2024 01:13,9,501,140,91.97,55.62,226.46,464.85,5
07-01-2024 01:14,4,930,23,45.55,67.58,165.77,119.72,4
07-01-2024 01:15,9,174,389,31.03,69.75,113.28,57.56,1
07-01-2024 01:16,10,432,378,62.48,33.99,274.99,209.84,4
07-01-2024 01:17,6,366,410,21.3,16.04,192.17,440.13,4
07-01-2024 01:18,10,892,373,16.13,67.04,89.02,606.55,3
07-01-2024 01:19,7,156,63,80.36,83.18,242.98,785.15,3
07-01-2024 01:20,10,709,52,46.1,74.81,192.33,670.48,3
07-01-2024 01:21,3,956,266,54.05,61.68,42.47,497.34,3
07-01-2024 01:22,8,512,342,25.02,88.32,38.7,539.85,5
07-01-2024 01:23,3,479,167,15.22,47.48,281.74,427.21,5
07-01-2024 01:24,1,753,151,41.26,54.38,89.93,358.97,1
07-01-2024 01:25,10,386,11,53.02,15.92,200.73,632.09,3
07-01-2024 01:26,5,787,476,75.06,85.95,15.75,158.34,3
07-01-2024 01:27,2,803,95,52.59,58.75,169.17,280.47,5
07-01-2024 01:28,10,545,72,76.51,44.31,73.18,783.37,2
07-01-2024 01:29,6,411,384,19.81,18.34,46.19,465.95,4
07-01-2024 01:30,10,845,487,15.44,42.18,233.18,408.84,1
07-01-2024 01:31,9,481,48,23.5,15.27,243.82,683.62,5
07-01-2024 01:32,1,724,348,75.62,39.33,215.99,614.38,5
07-01-2024 01:33,4,569,272,74.54,86.36,8.3,274.31,4
07-01-2024 01:34,1,908,430,22.02,26.57,89.05,508.25,1
07-01-2024 01:35,1,455,431,12.63,55.91,111.48,164.61,5
07-01-2024 01:36,8,426,95,68.25,29,208.8,61.32,3
07-01-2024 01:37,2,201,233,82.7,73.75,227.89,792.08,3
07-01-2024 01:38,1,371,48,74.1,57.18,190.22,595.03,5
07-01-2024 01:39,8,656,208,27.24,30.17,237.78,746,2
07-01-2024 01:40,4,263,453,59.62,79.97,131.05,668.87,2
07-01-2024 01:41,3,625,227,74.38,73.8,164.84,353.9,2
07-01-2024 01:42,4,114,409,31.75,86.35,23.95,691.92,3
07-01-2024 01:43,5,942,77,54.86,15.05,131.01,633.63,3
07-01-2024 01:44,1,319,349,36.73,49.28,132.63,221.44,4
07-01-2024 01:45,1,586,219,29.17,89.99,185.4,505.95,2
07-01-2024 01:46,3,149,360,92.42,75.84,116.48,257.91,4
07-01-2024 01:47,6,154,81,87.57,77.35,75.34,202.55,5
07-01-2024 01:48,1,180,37,47.88,61.58,75.09,83.75,5
07-01-2024 01:49,2,438,102,21.63,68.47,44.49,443.67,1
07-01-2024 01:50,7,370,191,71.87,75.4,211.8,326.09,1
07-01-2024 01:51,1,487,29,31.73,21.92,188.66,88.68,1
07-01-2024 01:52,7,68,314,24.32,66.94,175.88,580.32,1
07-01-2024 01:53,4,274,253,42.43,76.16,161.65,583.99,3
07-01-2024 01:54,10,667,251,55.04,18.06,113.42,203.54,4
07-01-2024 01:55,6,615,226,18.28,37.28,231.77,765.61,3
07-01-2024 01:56,8,509,94,58.6,39.3,277,626.73,5
07-01-2024 01:57,9,443,415,11.3,79.09,134.8,648.14,2
07-01-2024 01:58,6,275,86,85.81,73.53,125.68,22.89,2
07-01-2024 01:59,9,961,110,88.26,64.23,53,783.18,4
07-01-2024 02:00,4,409,217,72.31,75.35,202.86,792.43,4
07-01-2024 02:01,6,479,196,49.66,49.01,169.64,415.63,5
07-01-2024 02:02,8,974,483,31.67,80.62,296.46,788.31,3
07-01-2024 02:03,9,64,297,73.25,32.57,177.38,497.47,2
07-01-2024 02:04,3,609,434,89.2,67.84,90.14,124.51,3
07-01-2024 02:05,2,700,44,23.48,33.13,171.07,655.1,5
07-01-2024 02:06,6,595,393,49.59,17.99,295.49,455.31,3
07-01-2024 02:07,4,981,443,36.8,36.31,218.38,286.99,2
07-01-2024 02:08,1,463,90,40.32,51.97,42.93,204.22,5
07-01-2024 02:09,8,404,475,44.49,78.26,106.23,424.74,3
07-01-2024 02:10,9,506,155,90.9,53.16,93.11,559.57,3
07-01-2024 02:11,9,771,466,31.98,28.44,257.76,704.07,3
07-01-2024 02:12,2,580,478,51.88,89.46,185.29,486.94,3
07-01-2024 02:13,9,245,109,90.88,35.26,243.98,343.93,4
07-01-2024 02:14,7,887,59,50.46,88.9,56.99,513.06,5
07-01-2024 02:15,5,164,110,83.41,85.23,272.87,407.63,5
07-01-2024 02:16,7,466,479,15,55.68,22.2,528.55,3
07-01-2024 02:17,9,401,106,91.01,21.9,115.58,495,3
07-01-2024 02:18,8,124,387,25.94,67.16,9.17,783.37,4
07-01-2024 02:19,6,711,221,93.29,78.43,59.36,505.35,2
07-01-2024 02:20,4,85,263,24.92,48.4,288.86,559.01,4
07-01-2024 02:21,1,291,82,47.77,32.93,28.16,716.06,3
07-01-2024 02:22,6,712,272,36.23,75.21,47.89,732.16,3
07-01-2024 02:23,3,112,49,46.82,55.88,277.83,129.88,3
07-01-2024 02:24,6,715,377,31.29,29.82,214.5,373.97,3
07-01-2024 02:25,6,558,32,92.05,86.22,125.05,755.36,4
07-01-2024 02:26,4,237,486,35.99,86.11,25.29,768.62,3
07-01-2024 02:27,2,784,89,65.53,42.53,236.59,168.23,2
07-01-2024 02:28,9,142,428,21.68,19.8,150.35,366.09,1
07-01-2024 02:29,2,54,480,80.07,62.31,100.29,237.35,2
07-01-2024 02:30,3,487,19,56.11,38.79,111.42,636.77,3
07-01-2024 02:31,10,215,3,93.25,19.98,154.06,684.69,4
07-01-2024 02:32,1,495,378,45.99,81.89,167.61,386.01,3
07-01-2024 02:33,7,74,60,26.61,89.86,246.34,547.01,4
07-01-2024 02:34,1,557,419,39.41,41.28,232.65,698.57,1
07-01-2024 02:35,9,147,242,72.64,70.86,231.28,573.42,5
07-01-2024 02:36,1,317,29,66.02,19.93,220.14,142.01,2
07-01-2024 02:37,5,711,75,76.16,42.73,228.55,575.35,1
07-01-2024 02:38,7,442,70,16.24,23.16,204.89,143.98,3
07-01-2024 02:39,3,813,83,59.33,19.15,261.07,529.92,4
07-01-2024 02:40,9,645,357,89.23,59.16,169.45,280.16,4
07-01-2024 02:41,8,334,173,19.17,75.15,158.65,64.03,5
07-01-2024 02:42,3,733,411,18.02,48.97,211.88,196.66,1
07-01-2024 02:43,5,782,197,70.91,54.31,53.97,385.34,2
07-01-2024 02:44,7,158,346,36.79,35.3,234.2,795.33,4
07-01-2024 02:45,4,76,419,65.98,70.23,281.17,219.45,2
07-01-2024 02:46,5,807,147,56.36,42.08,92.4,783.45,3
07-01-2024 02:47,3,104,273,93.82,20.06,185.26,304.09,4
07-01-2024 02:48,9,182,35,85.57,27.41,14.62,768.81,4
07-01-2024 02:49,10,101,495,67.64,24.64,230.92,765.76,1
07-01-2024 02:50,9,542,113,32.24,47.69,170.1,131.46,5
07-01-2024 02:51,7,814,461,32.26,19.89,203.73,666.4,3
07-01-2024 02:52,10,830,206,84.99,75.49,47.18,423.5,5
07-01-2024 02:53,2,347,158,59.75,83.1,243.79,555.24,1
07-01-2024 02:54,7,448,253,77.09,33.63,80.5,625.34,2
07-01-2024 02:55,7,640,122,48.24,51.41,207.01,117.14,1
07-01-2024 02:56,5,67,48,18.76,53.93,179.98,643.2,1
07-01-2024 02:57,9,867,185,38.28,88.88,197.87,256.18,1
07-01-2024 02:58,3,819,491,23.7,19.92,19.82,591.25,4
07-01-2024 02:59,4,904,273,76.46,65.09,223.85,467.45,3
07-01-2024 03:00,1,668,101,69.54,40.93,239.6,554.04,2
07-01-2024 03:01,6,958,15,17.52,52.64,145.07,505.85,5
07-01-2024 03:02,4,608,128,62.82,31.28,125.61,652.13,2
07-01-2024 03:03,1,295,210,84.3,27.02,106.05,717.76,4
07-01-2024 03:04,2,552,112,69.28,33.27,278.73,370.3,4
07-01-2024 03:05,3,138,270,53.44,20.34,227.75,325.89,5
07-01-2024 03:06,9,252,142,36.51,35.86,211.09,208.91,4
07-01-2024 03:07,8,995,173,85.4,66.78,278.05,654.79,5
07-01-2024 03:08,7,289,353,45.94,63.86,107.89,774.27,4
07-01-2024 03:09,4,539,166,82.71,56.59,190.89,172.35,1
07-01-2024 03:10,1,829,447,76.55,15.03,207.39,377.12,4
07-01-2024 03:11,8,62,119,79.38,24.43,298.89,620.86,5
07-01-2024 03:12,4,698,203,94.13,78.22,131.02,516.11,5
07-01-2024 03:13,3,364,11,73.64,35.38,123.05,655.72,5
07-01-2024 03:14,9,734,249,12.89,83.41,29.92,32.59,3
07-01-2024 03:15,10,791,304,27.46,80.59,34.04,730.85,2
07-01-2024 03:16,4,247,248,12.99,26.62,155.98,67.85,2
07-01-2024 03:17,4,292,154,26.14,82.36,55.5,367.47,1
07-01-2024 03:18,9,556,323,15.22,62.09,26.51,235.1,5
07-01-2024 03:19,2,92,25,52.64,62.27,289.64,743.99,3
07-01-2024 03:20,5,379,465,12.4,78.95,285.67,234.61,3
07-01-2024 03:21,4,840,445,50.17,45.38,100.96,311.2,3
07-01-2024 03:22,9,640,342,86.4,70.14,238.01,712.91,5
07-01-2024 03:23,5,478,221,73.63,65.08,262.4,439.18,3
07-01-2024 03:24,9,840,110,90.24,72.86,142.1,720.6,3
07-01-2024 03:25,9,793,410,29.26,64.51,70.99,535.56,2
07-01-2024 03:26,2,662,418,55.14,21,43.29,81.77,4
07-01-2024 03:27,9,211,90,37.08,36.95,46.54,359.13,4
07-01-2024 03:28,3,705,265,51.97,85.49,240.1,157.58,4
07-01-2024 03:29,4,670,40,57.35,31.76,118.4,70.8,5
07-01-2024 03:30,1,484,459,13.08,50.42,209.58,311.58,1
07-01-2024 03:31,1,282,263,29.83,41.77,163.91,728.57,1
07-01-2024 03:32,1,160,158,69.91,21.47,121.43,111.78,2
07-01-2024 03:33,9,977,118,75.7,28.59,41.53,25.28,1
07-01-2024 03:34,8,983,450,58.4,36.5,103.37,749.37,1
07-01-2024 03:35,5,281,256,33.02,49.75,252.85,433.48,4
07-01-2024 03:36,5,799,414,44.43,80.59,244.36,455.69,4
07-01-2024 03:37,9,758,196,18.16,53.67,13.37,744.19,5
07-01-2024 03:38,3,322,314,91.02,63.89,46.38,566.14,1
07-01-2024 03:39,3,647,311,83.84,46.95,227.99,664.91,5
07-01-2024 03:40,7,856,14,15.58,80.25,104.04,620.98,3
07-01-2024 03:41,9,90,461,24.15,64.7,194.86,497.25,2
07-01-2024 03:42,6,609,118,59.39,21.8,170.99,556.95,2
07-01-2024 03:43,2,515,217,29.76,50.81,197.36,457.35,3
07-01-2024 03:44,1,973,205,89.42,77.04,20.84,297.21,2
07-01-2024 03:45,2,126,77,74.23,70.02,279.68,242.58,1
07-01-2024 03:46,1,739,421,33.23,82.9,11.19,157.24,5
07-01-2024 03:47,10,539,380,10.52,32.08,7.37,296.12,1
07-01-2024 03:48,10,818,172,77.95,88.29,71.72,469.98,2
07-01-2024 03:49,9,166,390,46.05,36.38,298.08,478.28,1
07-01-2024 03:50,10,483,26,64.6,18.76,26.4,553.07,2
07-01-2024 03:51,8,68,128,34.39,52.18,262.98,705.95,5
07-01-2024 03:52,7,620,374,22.14,23.28,51.93,528.44,2
07-01-2024 03:53,3,245,142,67.4,66.1,37.19,153.29,3
07-01-2024 03:54,8,668,392,48.28,82.54,234.8,40.04,2
07-01-2024 03:55,2,500,24,29.99,84.1,254.77,173.56,3
07-01-2024 03:56,2,474,470,21.7,60.53,238.69,728.32,5
07-01-2024 03:57,10,443,232,59.34,55.14,76.1,462.77,2
07-01-2024 03:58,3,333,423,71.67,89.55,264.55,681.91,5
07-01-2024 03:59,7,83,177,34.13,58.46,26.21,202.76,4
07-01-2024 04:00,1,344,341,72.49,84.56,105.88,573.71,4
07-01-2024 04:01,8,300,235,25.57,83.74,141.64,590.71,2
07-01-2024 04:02,7,687,319,38.77,36.71,24.98,651.44,4
07-01-2024 04:03,4,388,26,73.31,16.03,176.05,437.7,1
07-01-2024 04:04,5,667,266,66.11,47.94,170.02,638.94,1
07-01-2024 04:05,10,489,461,32.99,79.6,297.69,749.65,3
07-01-2024 04:06,1,229,362,20.38,77.71,188.39,766.77,4
07-01-2024 04:07,4,671,117,13.61,60.28,122.28,117.84,3
07-01-2024 04:08,1,277,58,81.22,26.75,238.1,506.96,4
07-01-2024 04:09,1,682,270,16.39,23.07,103.82,108.52,1
07-01-2024 04:10,10,668,329,19.76,86.6,162.2,739.62,4
07-01-2024 04:11,1,692,455,30.21,46.6,21.36,765.21,1
07-01-2024 04:12,7,72,295,47.88,63.61,100.19,409.68,1
07-01-2024 04:13,7,706,122,77.13,82.94,160.79,768.72,5
07-01-2024 04:14,4,376,159,31.04,80.24,212.18,617.67,1
07-01-2024 04:15,2,203,178,56.2,57.52,34.21,562.83,1
07-01-2024 04:16,3,668,144,17.68,51.59,240.17,472.99,3
07-01-2024 04:17,8,195,328,49.48,70.14,270.55,337.29,4
07-01-2024 04:18,8,301,368,25.1,41.22,87.91,771.75,2
07-01-2024 04:19,6,351,307,27.95,61.9,230.78,173.7,2
07-01-2024 04:20,10,119,399,41.18,16.74,58.2,645.98,1
07-01-2024 04:21,9,592,89,74.71,76.82,159.41,306.61,4
07-01-2024 04:22,9,142,239,73.24,89.85,240.3,607.53,5
07-01-2024 04:23,4,698,38,45.27,86.6,119.02,147.68,2
07-01-2024 04:24,1,935,361,20.09,41.99,12.76,311.18,3
07-01-2024 04:25,1,212,79,33.86,54.83,164.29,757.99,3
07-01-2024 04:26,10,130,345,52.96,32.72,254.19,454.69,3
07-01-2024 04:27,5,877,327,83.9,37.72,36.96,403.17,5
07-01-2024 04:28,2,637,346,92.3,49.3,13.74,606.64,5
07-01-2024 04:29,6,112,252,64.19,71.03,243.67,345.3,5
07-01-2024 04:30,7,661,328,39.81,16.34,83.8,404.56,4
07-01-2024 04:31,1,485,466,68.94,44.53,112.48,457.27,4
07-01-2024 04:32,6,97,149,38.58,56.74,30.66,792.19,4
07-01-2024 04:33,8,494,16,63.17,31.14,33.5,648.19,5
07-01-2024 04:34,5,969,367,30.72,20.89,186.29,51.04,2
07-01-2024 04:35,7,123,323,32.69,55.47,167.91,631.22,2
07-01-2024 04:36,10,875,321,16.39,62.84,91.26,412.32,2
07-01-2024 04:37,6,753,269,45.71,63.08,138.56,199.92,4
07-01-2024 04:38,4,591,118,62.54,41.74,119.52,685.73,4
07-01-2024 04:39,7,206,192,77.05,32.8,210.04,231.01,2
07-01-2024 04:40,10,536,317,78.88,31.53,259.32,269.92,5
07-01-2024 04:41,9,315,288,94.36,18.04,230.71,69.13,2
07-01-2024 04:42,10,305,396,17.46,28.85,6.3,782.53,2
07-01-2024 04:43,10,88,351,51.92,76.4,34.37,640.4,1
07-01-2024 04:44,7,104,297,54.32,15.23,131.67,135.52,4
07-01-2024 04:45,5,77,194,78.39,18.29,256.28,401.85,1
07-01-2024 04:46,7,963,489,32.64,24.53,74.91,282.66,1
07-01-2024 04:47,3,986,392,15.9,46.52,264.29,45.27,3
07-01-2024 04:48,2,167,443,36.67,40.03,37.45,743.23,1
07-01-2024 04:49,5,419,281,93.63,28.34,26.42,674.74,5
07-01-2024 04:50,4,258,389,86.45,23.32,274.46,789.8,2
07-01-2024 04:51,5,636,301,43.6,85.41,52.78,209.16,3
07-01-2024 04:52,8,626,386,84.48,83.34,141.81,565.55,5
07-01-2024 04:53,4,898,426,12.78,72.89,101.16,112.17,3
07-01-2024 04:54,9,917,250,36.71,33.9,48.55,356.49,3
07-01-2024 04:55,7,661,422,71.78,39.28,191.47,680.46,3
07-01-2024 04:56,10,607,231,28.82,64.94,289.28,26.29,1
07-01-2024 04:57,7,365,3,26.86,36.88,199.14,394.95,5
07-01-2024 04:58,8,442,174,83.25,54.8,109.34,359.06,3
07-01-2024 04:59,6,990,240,62.36,63.85,214.98,558.98,3
07-01-2024 05:00,8,493,486,94.07,53.94,47.26,205.58,2
07-01-2024 05:01,3,717,406,21.45,46,176.1,155.16,1
07-01-2024 05:02,10,801,104,40.27,41.09,143.49,527.55,4
07-01-2024 05:03,10,914,289,36.45,73.33,111.2,520.18,5
07-01-2024 05:04,1,308,244,84.81,70.42,223.17,606.39,2
07-01-2024 05:05,6,996,288,31.7,67.22,39.95,212.59,4
07-01-2024 05:06,1,697,367,40.04,43.1,162.17,32.73,4
07-01-2024 05:07,9,931,273,22.14,73.18,257.05,704.81,5
07-01-2024 05:08,2,247,120,75.91,86.83,64.5,180.94,5
07-01-2024 05:09,2,748,338,30.2,66.67,83.04,346.02,4
07-01-2024 05:10,7,677,440,15.81,45.59,199.9,385.43,1
07-01-2024 05:11,2,494,259,46.98,74.74,232.91,166.12,5
07-01-2024 05:12,10,619,70,43.27,60.7,88.58,426.25,3
07-01-2024 05:13,8,631,433,25.1,80.83,111.17,733.15,1
07-01-2024 05:14,6,654,183,21.36,68.49,223.27,231.66,5
07-01-2024 05:15,7,790,461,86.21,72.74,89.17,425.86,3
07-01-2024 05:16,7,957,247,15.77,65.06,201.54,260.78,5
07-01-2024 05:17,6,698,118,18.44,21.9,51.86,784.97,5
07-01-2024 05:18,10,666,31,30.83,51.38,126.34,192.07,1
07-01-2024 05:19,9,354,465,90.99,19.24,208.16,105.28,3
07-01-2024 05:20,9,388,149,17.26,48.57,140.67,131.24,4
07-01-2024 05:21,7,578,16,79.36,68.73,10.68,306.3,2
07-01-2024 05:22,9,103,273,85.82,46.59,124.88,451.22,4
07-01-2024 05:23,10,161,352,42.12,15.12,90.06,541.05,3
07-01-2024 05:24,3,733,385,34.98,42.7,34.88,458.68,2
07-01-2024 05:25,3,977,368,67.58,20.08,7.7,726.32,1
07-01-2024 05:26,1,468,102,69.72,73.54,18.43,301.03,2
07-01-2024 05:27,5,354,72,76.3,73.78,285.03,575.62,1
07-01-2024 05:28,4,487,193,80.6,75.48,226.2,229.18,1
07-01-2024 05:29,2,705,322,32.81,17.27,282.22,551.77,4
07-01-2024 05:30,9,134,111,68.39,17.42,38.86,742.14,2
07-01-2024 05:31,3,573,293,21.47,82.76,173.3,783.15,1
07-01-2024 05:32,8,301,408,53.41,24.28,29.57,589.16,2
07-01-2024 05:33,6,777,347,62.1,65.26,12.91,755.11,3
07-01-2024 05:34,5,175,340,23.75,74.66,142.55,550.74,4
07-01-2024 05:35,1,659,367,16.5,48.59,195.67,771.29,3
07-01-2024 05:36,4,953,318,26.55,55.99,23.75,720.46,2
07-01-2024 05:37,3,454,277,45.75,32.05,112.69,103.16,5
07-01-2024 05:38,1,353,106,85.47,84.27,31.6,389.82,2
07-01-2024 05:39,5,953,37,55.21,37.64,111.82,291.01,1
07-01-2024 05:40,6,77,291,73.62,31.34,144.18,41.06,4
07-01-2024 05:41,2,897,422,24.8,54.41,104.57,384.19,5
07-01-2024 05:42,3,315,181,19.01,29.29,174.99,135.71,2
07-01-2024 05:43,6,101,143,30.37,66.5,177.45,48.43,4
07-01-2024 05:44,4,704,114,36.68,53.63,103.22,367.11,1
07-01-2024 05:45,9,693,238,56.59,26.09,119.93,201.26,2
07-01-2024 05:46,5,907,426,84.91,20.04,135.11,749.53,3
07-01-2024 05:47,4,560,94,46.22,25.27,115.82,653.9,5
07-01-2024 05:48,2,256,260,54.1,25.25,229.39,765.81,4
07-01-2024 05:49,6,623,107,10.39,38.46,46.28,707.54,2
07-01-2024 05:50,10,924,244,12.83,77.5,257.83,587.81,4
07-01-2024 05:51,2,560,423,17.12,19.3,102.72,486.16,5
07-01-2024 05:52,7,693,335,69.41,24.61,218.57,71.05,3
07-01-2024 05:53,3,602,23,51.33,37.72,265.71,227.33,2
07-01-2024 05:54,9,250,361,26.4,56.5,266.8,574.38,5
07-01-2024 05:55,5,660,271,60.37,72.22,138.45,332.92,1
07-01-2024 05:56,8,872,474,56.29,84.09,80.7,273.78,2
07-01-2024 05:57,6,333,140,17.55,45.91,183.7,101.1,1
07-01-2024 05:58,10,406,466,64.44,22.94,59.27,74.74,3
07-01-2024 05:59,8,96,454,75.21,31.01,238.23,183.79,3
07-01-2024 06:00,3,186,384,34.36,36.54,214.85,670.97,2
07-01-2024 06:01,3,179,82,68.44,73.96,239.71,537.15,4
07-01-2024 06:02,5,244,377,26.98,66.5,132.81,285.94,4
07-01-2024 06:03,10,678,498,74.32,30.68,169.44,67.6,4
07-01-2024 06:04,3,413,438,87.5,77.91,35.3,166.93,4
07-01-2024 06:05,8,481,344,47.56,79.44,207.86,370.91,5
07-01-2024 06:06,10,118,422,30.79,81.18,148.62,139.51,2
07-01-2024 06:07,8,507,156,43.93,35.63,155.23,614.83,4
07-01-2024 06:08,2,589,335,31.26,25.03,254.86,635.14,3
07-01-2024 06:09,4,384,19,10.11,22.8,232.83,126.76,2
07-01-2024 06:10,10,575,69,65.29,45.01,162.88,586.96,4
07-01-2024 06:11,1,607,448,13.61,47.2,109.76,419.55,1
07-01-2024 06:12,4,958,132,27.88,80.12,136.7,770.66,2
07-01-2024 06:13,4,65,256,71.41,35.08,108.48,634.3,4
07-01-2024 06:14,10,985,209,66.59,62.02,49.72,476.53,5
07-01-2024 06:15,9,505,10,16.23,74.12,195.5,490.82,1
07-01-2024 06:16,3,559,140,66.1,35.19,209,159.55,1
07-01-2024 06:17,2,258,453,89.1,35.04,291.51,717.03,3
07-01-2024 06:18,9,207,135,16.33,65.19,139.43,456.21,4
07-01-2024 06:19,9,386,255,45.33,69.46,299.2,467.8,4
07-01-2024 06:20,1,788,300,72,86.98,60.19,468.83,2
07-01-2024 06:21,6,290,407,66.76,78.75,198.71,235.46,3
07-01-2024 06:22,10,107,258,29.25,76.65,298.46,653.43,1
07-01-2024 06:23,8,865,94,23.86,66.92,193.9,692.62,5
07-01-2024 06:24,3,354,372,76.66,23.89,138.45,244.55,4
07-01-2024 06:25,9,394,241,91.28,75.69,157,364.58,1
07-01-2024 06:26,2,691,237,75.24,85.15,254.43,159.74,4
07-01-2024 06:27,6,778,165,91.87,44.3,282.04,206.06,4
07-01-2024 06:28,1,63,325,61.42,38.52,138.91,282.07,5
07-01-2024 06:29,7,408,148,88.97,54.19,232.85,723.55,5
07-01-2024 06:30,3,426,218,68.69,86.73,280.44,508.4,5
07-01-2024 06:31,7,292,428,87.26,18.81,88.23,478.6,2
07-01-2024 06:32,4,194,108,23.74,68.17,150.48,758.47,5
07-01-2024 06:33,9,940,231,79.32,76.1,298.65,637.23,5
07-01-2024 06:34,5,464,70,26.72,74.16,109.28,32.52,5
07-01-2024 06:35,3,443,221,12.33,57.51,187.81,116.98,5
07-01-2024 06:36,8,887,74,53.99,84.04,198.82,213.25,3
07-01-2024 06:37,6,664,179,37.05,25.09,50.47,257.06,2
07-01-2024 06:38,2,778,80,13.7,33.39,242.95,670.57,4
07-01-2024 06:39,3,407,354,93.33,38.02,126.81,620.53,2
07-01-2024 06:40,8,982,159,66.65,15.65,152.6,133.45,2
07-01-2024 06:41,10,625,356,86.65,42.8,194.64,436.47,2
07-01-2024 06:42,7,207,169,94.92,27.05,126.09,105.11,5
07-01-2024 06:43,10,723,314,43.32,69.35,100.9,154.85,2
07-01-2024 06:44,6,67,389,31.65,46.12,166.2,208.91,3
07-01-2024 06:45,1,777,161,25.63,67.83,107.3,726.13,4
07-01-2024 06:46,9,880,427,53.79,37.02,133.07,305.26,2
07-01-2024 06:47,3,610,403,61.52,24.89,36.98,734.34,4
07-01-2024 06:48,5,617,32,50.16,24.9,254.2,605.58,1
07-01-2024 06:49,7,396,121,42.92,30.24,126.45,604.54,1
07-01-2024 06:50,7,107,215,24.3,23.64,29.42,646.72,2
07-01-2024 06:51,3,204,3,47.56,31.54,238.06,94.85,3
07-01-2024 06:52,4,616,385,17.25,58.43,10.79,655.4,1
07-01-2024 06:53,10,536,228,83.53,34.23,181.81,217.02,1
07-01-2024 06:54,7,902,425,13.99,40.72,212.29,787.47,3
07-01-2024 06:55,8,580,476,42.35,18.96,61.41,681.6,5
07-01-2024 06:56,2,536,48,18.51,81.92,43.72,797.38,2
07-01-2024 06:57,9,200,167,75.87,25.36,38.6,750.95,1
07-01-2024 06:58,7,408,389,36.58,41.15,298.03,300.59,3
07-01-2024 06:59,8,417,333,19.61,43.46,227.75,754.52,1
07-01-2024 07:00,6,669,11,55.18,72.91,97.25,277.58,4
07-01-2024 07:01,6,96,238,87.88,51.27,103.99,534.23,1
07-01-2024 07:02,9,256,278,87.23,43.72,196.34,658.55,4
07-01-2024 07:03,4,924,241,31.22,67.19,140.01,317.94,5
07-01-2024 07:04,5,499,471,71.17,59.78,85.05,179.02,3
07-01-2024 07:05,9,532,192,12.57,20.86,21.84,718.01,5
07-01-2024 07:06,1,996,12,21.21,38.45,236.24,100.56,4
07-01-2024 07:07,4,901,53,52.46,88.4,267.03,304.68,1
07-01-2024 07:08,7,973,55,29.44,51.25,65.76,441.65,5
07-01-2024 07:09,9,689,309,77.85,46.81,23.7,647.7,4
07-01-2024 07:10,10,746,21,89.14,26.24,39.99,697.7,5
07-01-2024 07:11,6,619,19,10.37,77.93,127.21,419.07,4
07-01-2024 07:12,8,192,453,29.8,25,93.31,467.25,1
07-01-2024 07:13,9,449,344,47.36,22.88,26.67,685.98,5
07-01-2024 07:14,10,146,350,57.86,47.93,139.19,384.27,3
07-01-2024 07:15,4,96,456,87.85,47.75,65.16,456.1,5
07-01-2024 07:16,1,240,322,85.81,88.61,24.75,34.38,4
07-01-2024 07:17,8,189,315,64.16,24.57,199.09,761.87,2
07-01-2024 07:18,2,664,433,31.88,51.29,173.89,462.09,1
07-01-2024 07:19,1,280,482,76.58,30.09,248.79,587.51,5
07-01-2024 07:20,7,988,59,27.23,67.63,94.17,213.37,4
07-01-2024 07:21,10,389,151,92.04,44.38,45.07,532.14,3
07-01-2024 07:22,9,974,259,10.5,63.64,111.25,378.82,1
07-01-2024 07:23,9,540,440,58.43,40.38,234.72,107.73,1
07-01-2024 07:24,3,98,372,17.51,57.34,76.31,667.53,3
07-01-2024 07:25,6,948,58,44.65,50.19,80.23,674.68,3
07-01-2024 07:26,7,673,216,63.97,43.08,48.54,69.7,4
07-01-2024 07:27,10,502,62,68.62,55.31,296.02,324.67,5
07-01-2024 07:28,9,365,146,76.77,43.78,290.36,239.53,1
07-01-2024 07:29,2,371,445,60.43,75.45,199.13,422.77,2
07-01-2024 07:30,8,136,382,31.36,52.14,68.37,401.26,3
07-01-2024 07:31,7,943,239,85.59,82.73,231.13,532.01,3
07-01-2024 07:32,4,523,293,78.94,31.71,177.26,213.04,1
07-01-2024 07:33,2,331,182,23.6,23.41,226.12,192.93,3
07-01-2024 07:34,8,888,369,80.25,43.57,258.82,584.19,3
07-01-2024 07:35,5,813,95,92.67,28.77,98.95,781.44,5
07-01-2024 07:36,6,123,78,64.16,44.48,274.54,758.15,4
07-01-2024 07:37,7,502,449,33.95,30.56,270.07,637.75,4
07-01-2024 07:38,10,96,142,61.56,80.12,166.4,72.63,3
07-01-2024 07:39,1,637,105,39.12,57.59,206.95,205.46,2
07-01-2024 07:40,8,145,261,67.46,52.32,126.26,557.91,3
07-01-2024 07:41,4,987,95,56.31,74.08,198.26,250.7,2
07-01-2024 07:42,9,80,223,89.01,24.78,166.94,327.03,2
07-01-2024 07:43,1,583,478,62.52,79.28,100.23,763.87,2
07-01-2024 07:44,2,66,484,28.19,51.25,100.24,87.32,2
07-01-2024 07:45,6,261,190,71.63,25.23,197.24,691.77,1
07-01-2024 07:46,10,709,129,35.57,76.46,287.21,59.23,3
07-01-2024 07:47,1,284,319,33.15,49.56,64.46,283.6,1
07-01-2024 07:48,4,441,195,43.3,60.35,120.8,453.21,2
07-01-2024 07:49,8,403,20,11.02,82.02,242.68,297.98,5
07-01-2024 07:50,10,354,299,92.38,81.8,41.29,766.58,4
07-01-2024 07:51,5,648,240,55.25,81.96,298.28,413.41,3
07-01-2024 07:52,9,599,235,75.75,46.27,205.05,592.39,3
07-01-2024 07:53,6,614,85,31.92,71.22,273.69,567.61,1
07-01-2024 07:54,1,589,94,73.46,32.5,252.23,671.37,2
07-01-2024 07:55,6,638,42,58.21,77.34,234.25,693.85,2
07-01-2024 07:56,6,974,364,46.05,40.63,14.71,383.73,1
07-01-2024 07:57,6,558,350,92.51,49.79,124.92,693.14,3
07-01-2024 07:58,8,761,453,51.98,81.85,64.55,529.69,1
07-01-2024 07:59,6,444,74,65.88,75.43,262.04,555.13,4
07-01-2024 08:00,5,480,472,11.3,86.44,205.68,155.12,3
07-01-2024 08:01,2,734,365,35.62,42.26,36.59,211.18,2
07-01-2024 08:02,4,835,115,85.54,26.33,111.08,556.38,5
07-01-2024 08:03,10,611,423,74.51,83.28,25.45,227.19,5
07-01-2024 08:04,5,906,190,55.62,51.99,223.3,402.23,3
07-01-2024 08:05,10,226,432,86.51,81.71,128.4,402.17,3
07-01-2024 08:06,4,455,125,51.33,69.91,74.14,202.55,2
07-01-2024 08:07,2,350,6,58.15,80.61,157.72,461.87,5
07-01-2024 08:08,7,494,458,42.48,64.1,17.4,459.73,1
07-01-2024 08:09,10,788,379,62.7,75.93,80.9,120.63,1
07-01-2024 08:10,10,176,42,37.12,24.03,56.71,317.27,1
07-01-2024 08:11,2,398,58,42.77,87.62,279.54,305.34,1
07-01-2024 08:12,1,70,427,92.14,28.57,116.25,458.43,5
07-01-2024 08:13,5,760,10,19.46,16.84,177.42,604.48,5
07-01-2024 08:14,1,750,89,18.95,54.81,153.37,34.22,2
07-01-2024 08:15,1,893,334,13.68,68.39,199.47,123.4,3
07-01-2024 08:16,1,469,111,37.2,68.73,87.34,255.56,5
07-01-2024 08:17,6,201,39,43.85,40.44,40.63,652.12,5
07-01-2024 08:18,9,209,397,18.03,71.54,29.03,394.8,3
07-01-2024 08:19,10,908,459,56.68,78.19,62.05,418.49,4
07-01-2024 08:20,1,529,167,59.58,60.75,147.43,339.18,1
07-01-2024 08:21,5,492,11,73.84,43.95,74.63,343.81,5
07-01-2024 08:22,9,145,110,92.96,61.02,133.03,782.49,5
07-01-2024 08:23,9,401,497,62.64,79.67,13.64,720.94,1
07-01-2024 08:24,1,124,16,19.49,82.54,190.13,586.18,5
07-01-2024 08:25,8,927,33,17.52,17.36,264.06,272.78,3
07-01-2024 08:26,1,643,233,76.09,24.18,19.04,420.68,5
07-01-2024 08:27,8,689,489,65.28,15.34,69.32,557.74,2
07-01-2024 08:28,1,408,188,23.76,51.93,98.74,327.77,5
07-01-2024 08:29,5,182,224,31.54,47.73,89.74,429.09,1
07-01-2024 08:30,8,449,59,73.77,55.94,16.91,133.65,3
07-01-2024 08:31,6,188,458,58.12,66.27,36.44,92.99,5
07-01-2024 08:32,9,295,51,59.73,42.43,274.18,150.5,4
07-01-2024 08:33,1,340,271,27.85,30.64,214.85,609.41,3
07-01-2024 08:34,9,161,464,63.47,44.61,287.74,168.17,3
07-01-2024 08:35,1,764,43,75.5,15.68,134.94,741.28,4
07-01-2024 08:36,10,219,27,85.25,77.21,264.31,307.47,5
07-01-2024 08:37,10,648,56,72.62,43.78,245.88,151.85,2
07-01-2024 08:38,3,680,121,58.99,61.71,263.11,663.69,1
07-01-2024 08:39,1,659,113,67.23,39.35,16.55,376.18,3
07-01-2024 08:40,3,289,316,51.23,61.11,197.49,323,2
07-01-2024 08:41,2,386,115,29.29,55.53,172.16,276.97,1
07-01-2024 08:42,2,187,109,84.99,30.64,165.84,277.8,1
07-01-2024 08:43,9,643,480,55.27,61.9,153.79,537.48,5
07-01-2024 08:44,8,285,454,60.52,23.22,239.81,441.71,2
07-01-2024 08:45,1,697,175,94.16,51.08,290.58,384.76,3
07-01-2024 08:46,4,843,112,93.73,68.99,249.53,368.69,3
07-01-2024 08:47,1,52,100,59.84,56.18,261.77,130.76,5
07-01-2024 08:48,1,620,8,12.89,70.97,147.75,665.74,3
07-01-2024 08:49,4,165,447,43.67,35.49,208.73,742.94,1
07-01-2024 08:50,2,521,473,89.67,18.66,127.59,645.72,5
07-01-2024 08:51,3,180,135,34.51,19.2,111.28,371.99,1
07-01-2024 08:52,9,983,251,94.94,35.15,269.11,778.31,1
07-01-2024 08:53,2,947,337,17.17,45.58,272.04,502.54,4
07-01-2024 08:54,4,532,240,58.29,55.31,206.25,623.78,4
07-01-2024 08:55,1,450,222,53.81,71.82,252.16,598.15,5
07-01-2024 08:56,2,250,386,31.7,77.97,111.31,572.09,1
07-01-2024 08:57,5,341,145,90.63,67.03,132.96,520.75,5
07-01-2024 08:58,10,391,377,62.63,49.74,247.2,185.06,4
07-01-2024 08:59,1,659,4,29.57,34.84,122.42,249.67,5
07-01-2024 09:00,7,265,282,42.64,47.09,16.79,711.64,2
07-01-2024 09:01,4,685,334,71.3,35.5,109.22,160.37,5
07-01-2024 09:02,6,634,328,35.3,61.83,122.48,138.53,2
07-01-2024 09:03,8,415,197,84.77,76.37,50.62,241.65,5
07-01-2024 09:04,6,939,389,24.08,53.86,106.52,302.74,2
07-01-2024 09:05,2,691,128,32.48,18.44,280.65,451.44,2
07-01-2024 09:06,1,518,261,22.32,85.48,258.27,492.32,2
07-01-2024 09:07,8,467,91,18.86,37.07,136.55,636.72,2
07-01-2024 09:08,8,76,325,35.53,83.59,214.42,77.26,3
07-01-2024 09:09,9,726,259,94.93,75.98,49.8,182.42,3
07-01-2024 09:10,6,504,422,18.02,45.98,227,414.03,5
07-01-2024 09:11,1,967,94,28.11,19.25,145.36,215.63,4
07-01-2024 09:12,9,629,257,33.09,86.08,218.16,701.32,1
07-01-2024 09:13,3,63,136,62.63,64.43,194.99,519.33,3
07-01-2024 09:14,6,147,13,73.35,33.72,73.67,402.38,2
07-01-2024 09:15,10,328,468,73.91,55.02,251.23,20.35,3
07-01-2024 09:16,10,989,198,10.73,62.65,173.79,689.75,2
07-01-2024 09:17,9,539,498,65.41,32,236.34,379.47,4
07-01-2024 09:18,3,932,178,63.61,22.02,32.73,434.5,3
07-01-2024 09:19,5,808,112,54,35.06,186.53,564.65,1
07-01-2024 09:20,5,673,264,42.23,18.57,91.11,751.22,1
07-01-2024 09:21,10,256,414,77.78,20.25,258.96,143.4,3
07-01-2024 09:22,7,913,369,39.23,26.74,285.1,75.52,3
07-01-2024 09:23,4,895,424,29.55,26.88,21.47,115.09,1
07-01-2024 09:24,4,282,79,36.36,33.6,218.66,597.76,4
07-01-2024 09:25,7,622,378,47.37,85.31,35.38,120.84,5
07-01-2024 09:26,9,646,256,28.19,58.19,257.96,410.77,3
07-01-2024 09:27,4,744,74,61.64,46.69,41.73,571.07,3
07-01-2024 09:28,4,288,383,85.16,57.28,62.53,575.95,1
07-01-2024 09:29,6,299,161,60.61,15.43,79.23,336.96,1
07-01-2024 09:30,6,632,201,47.97,82.11,219.71,564.92,1
07-01-2024 09:31,7,789,369,77.73,54.92,91.3,761.01,1
07-01-2024 09:32,1,646,308,73.58,48.87,180.85,41.82,3
07-01-2024 09:33,3,355,377,41.2,85.62,173.72,543.68,2
07-01-2024 09:34,9,957,33,61.35,69.78,123.67,427.64,1
07-01-2024 09:35,6,512,73,72.04,40.31,164.15,185.82,4
07-01-2024 09:36,6,832,462,30.86,85.21,39.87,260.02,4
07-01-2024 09:37,5,962,352,41.13,78.9,263.47,672.98,3
07-01-2024 09:38,3,851,293,18.99,86.59,66.09,477.78,1
07-01-2024 09:39,5,285,198,93.95,22.22,264.67,31.33,5
07-01-2024 09:40,1,340,325,17.3,86.65,158.03,772.98,1
07-01-2024 09:41,3,88,388,24.33,55.72,186.11,539.62,3
07-01-2024 09:42,4,767,316,50.79,65.42,80.9,365.26,5
07-01-2024 09:43,5,232,240,83.55,30.92,70.59,575.62,3
07-01-2024 09:44,10,748,464,40.25,25.53,149.76,179.56,2
07-01-2024 09:45,9,694,74,75.33,20.95,83.87,223.16,4
07-01-2024 09:46,4,79,31,67.46,46.67,129.83,138.66,3
07-01-2024 09:47,3,437,479,64.29,31.6,134.86,329.72,1
07-01-2024 09:48,10,816,14,81.83,21.12,84.92,725.67,1
07-01-2024 09:49,1,192,205,11.2,86.63,91.06,323.1,3
07-01-2024 09:50,10,664,316,88.98,70,292.01,244.71,4
07-01-2024 09:51,6,468,68,80.48,53.84,178.3,568.78,3
07-01-2024 09:52,7,123,128,89.72,70.75,250.4,698.29,3
07-01-2024 09:53,10,104,494,77.45,60.86,18.49,210.5,1
07-01-2024 09:54,8,797,26,84.68,28.35,5.57,650.18,1
07-01-2024 09:55,1,621,408,27.26,62.51,158.14,257.75,1
07-01-2024 09:56,4,73,184,37.13,66.08,248.91,212.91,4
07-01-2024 09:57,5,71,137,36.79,32.81,185.22,388.91,1
07-01-2024 09:58,2,477,291,19.28,39.01,187.55,72.05,5
07-01-2024 09:59,1,81,106,72.01,43.75,46.11,692.54,5
07-01-2024 10:00,8,912,463,21.57,60.19,293.68,701.99,3
07-01-2024 10:01,6,388,24,14.46,24.51,161.26,548.35,3
07-01-2024 10:02,5,996,415,75.91,70.76,35.27,256.25,2
07-01-2024 10:03,9,564,339,86.9,40.95,127.19,150.03,5
07-01-2024 10:04,2,561,450,74.95,66.88,26.23,565.07,4
07-01-2024 10:05,10,119,194,80.15,84.97,128.35,100.41,3
07-01-2024 10:06,8,721,169,60.63,80.24,214.91,340.66,3
07-01-2024 10:07,10,947,36,85.46,70.32,100.44,89.27,4
07-01-2024 10:08,9,137,101,52.22,29.5,97.37,352.64,5
07-01-2024 10:09,1,926,34,94.01,69.91,156.73,124.91,2
07-01-2024 10:10,7,620,377,18.79,62.68,152.05,45.1,4
07-01-2024 10:11,8,813,39,78.78,72.94,142.81,370.79,2
07-01-2024 10:12,3,268,211,64.52,80.16,157.47,462.8,2
07-01-2024 10:13,4,762,230,59.35,38.36,19.15,362.69,3
07-01-2024 10:14,3,638,279,71.69,63.32,144.91,157.4,5
07-01-2024 10:15,7,816,80,81.42,35.64,297.64,80.4,2
07-01-2024 10:16,9,808,238,83.35,40.97,230.48,118.57,4
07-01-2024 10:17,3,319,172,24.91,54.05,89.83,587.15,5
07-01-2024 10:18,6,868,326,26.75,47.56,204.93,32.38,1
07-01-2024 10:19,8,700,442,11.37,60.05,102.32,693.39,1
07-01-2024 10:20,6,127,59,21.21,71.91,61.5,675.27,4
07-01-2024 10:21,2,641,410,32.43,60.38,233.2,706.77,1
07-01-2024 10:22,7,59,22,71.29,87.74,66.83,705.42,5
07-01-2024 10:23,2,517,365,50.44,70.36,258.29,540.66,5
07-01-2024 10:24,2,385,367,74.42,88.88,117.22,681,3
07-01-2024 10:25,2,685,344,51.36,70.76,228.27,589.66,5
07-01-2024 10:26,1,235,238,57.23,53.09,81.58,254.09,2
07-01-2024 10:27,1,595,296,19.44,45.83,197.56,609,3
07-01-2024 10:28,7,170,341,76.01,70.17,67.7,500.15,2
07-01-2024 10:29,5,641,94,74.44,66.53,11.44,41.44,5
07-01-2024 10:30,3,767,244,36.14,65.16,245.31,633.36,3
07-01-2024 10:31,1,614,11,37.93,69.13,257.57,699.25,4
07-01-2024 10:32,10,717,117,28.67,80.41,264.77,423.63,4
07-01-2024 10:33,6,323,265,79.18,32.08,15.71,399.88,4
07-01-2024 10:34,1,459,12,73.5,57.37,229.47,353.27,3
07-01-2024 10:35,9,407,154,61.78,60.25,251.58,580.69,5
07-01-2024 10:36,2,696,38,30.3,36.96,96.95,188.05,5
07-01-2024 10:37,1,990,499,24.61,89.1,143.78,623.67,3
07-01-2024 10:38,7,147,131,14.27,73.92,125.33,248.03,3
07-01-2024 10:39,6,290,382,13.88,39.09,134.83,223.97,1
07-01-2024 10:40,6,606,225,25.91,41.88,254.78,651.16,1
07-01-2024 10:41,5,760,143,18.55,68.87,128.27,156.01,3
07-01-2024 10:42,4,852,431,57.27,15.86,94.2,692.76,4
07-01-2024 10:43,4,997,389,40.44,49.8,43.46,782.74,5
07-01-2024 10:44,3,163,54,47.82,40.73,204.08,269.5,4
07-01-2024 10:45,10,536,24,60.5,79.05,29.84,743.74,2
07-01-2024 10:46,8,838,395,66.02,74.35,23.05,461.8,2
07-01-2024 10:47,7,290,121,65.1,39.91,206.07,222.28,2
07-01-2024 10:48,9,205,119,32.17,79.86,209.82,373.05,4
07-01-2024 10:49,1,401,161,78.82,83.52,63.73,644.04,1
07-01-2024 10:50,7,93,471,88.01,56.43,287.37,539.98,2
07-01-2024 10:51,10,641,74,36.85,26.94,237.41,405.93,3
07-01-2024 10:52,4,361,185,11.45,72.77,207.5,220.71,5
07-01-2024 10:53,7,187,436,86.43,38.95,227.53,586.12,1
07-01-2024 10:54,1,712,192,88.5,54.55,126.51,264.39,2
07-01-2024 10:55,5,993,427,14.33,18.42,139.41,278.14,5
07-01-2024 10:56,3,485,220,10.42,52.51,261.71,602.57,5
07-01-2024 10:57,5,803,487,79.39,43.52,12.5,455.58,1
07-01-2024 10:58,4,192,121,35.62,66.45,241.71,164.95,4
07-01-2024 10:59,2,872,209,87.74,18.06,137.03,555.95,5
07-01-2024 11:00,4,348,384,28.42,61.87,141.87,221.28,1
07-01-2024 11:01,3,611,300,83.2,72.9,101.08,613.18,2
07-01-2024 11:02,1,311,346,15.83,15.96,184.09,393.4,1
07-01-2024 11:03,10,561,473,32.15,71.25,204.32,484.09,4
07-01-2024 11:04,8,722,164,92.72,24.77,52.42,488.76,2
07-01-2024 11:05,5,111,268,29.65,67.35,171.89,134.51,4
07-01-2024 11:06,4,616,440,21.31,49.15,142.15,527.37,5
07-01-2024 11:07,10,472,3,82.85,56.4,235.66,696.36,1
07-01-2024 11:08,5,445,50,20.01,40.3,165.86,715.14,3
07-01-2024 11:09,4,933,413,18.28,33.41,131.72,557.07,4
07-01-2024 11:10,3,80,364,37.49,20.33,161.03,775.8,1
07-01-2024 11:11,5,379,472,64,79.85,149.72,486.66,3
07-01-2024 11:12,4,998,211,70.41,60.78,280.88,218.8,3
07-01-2024 11:13,1,851,461,84.91,88.71,97.01,534.93,1
07-01-2024 11:14,3,218,16,55.98,78.78,16.02,729.16,2
07-01-2024 11:15,10,315,168,43.44,80.22,200.29,299.9,3
07-01-2024 11:16,10,357,283,40.5,59.84,183.13,226.58,1
07-01-2024 11:17,8,508,379,81.99,21.07,273.44,773.87,1
07-01-2024 11:18,7,234,326,71.52,83.5,39.66,617.91,2
07-01-2024 11:19,2,383,298,86.96,23.84,159.18,58.83,1
07-01-2024 11:20,1,564,185,91.94,53.79,49.48,457.72,4
07-01-2024 11:21,3,490,138,35.5,79.26,139.43,202.86,4
07-01-2024 11:22,5,722,125,55.02,50.43,240.81,243.72,2
07-01-2024 11:23,10,440,422,63.7,27.43,257.93,88.32,5
07-01-2024 11:24,1,821,392,23.93,42.99,250.99,200.18,1
07-01-2024 11:25,3,984,402,14.53,89.13,166.48,414.08,4
07-01-2024 11:26,3,609,480,83.76,89.98,192.02,81.28,4
07-01-2024 11:27,5,303,401,55.52,68.31,167.71,713.96,1
07-01-2024 11:28,3,635,58,58.52,81.6,170.56,624.81,1
07-01-2024 11:29,9,384,362,57.17,18.32,266.12,317.48,3
07-01-2024 11:30,1,449,66,74.17,35.7,66.74,121.58,2
07-01-2024 11:31,4,215,428,22.37,42.67,134.44,795.3,3
07-01-2024 11:32,10,309,340,62.19,15.9,184.97,459.38,2
07-01-2024 11:33,10,53,202,49.91,43.27,230.78,349.92,3
07-01-2024 11:34,4,937,9,86.24,21.98,229.76,174.94,2
07-01-2024 11:35,1,168,432,54.17,53.81,39.59,178.51,1
07-01-2024 11:36,2,972,423,90.15,15.33,70.46,641.04,2
07-01-2024 11:37,1,519,105,40.03,35.28,273.9,425.51,4
07-01-2024 11:38,6,519,89,92.19,79.97,110.47,787.52,5
07-01-2024 11:39,3,834,89,84.39,30.98,5.8,763.42,4
07-01-2024 11:40,7,542,344,59.66,19.86,63.94,181.33,2
07-01-2024 11:41,5,787,6,40.07,33.73,291.02,799.51,2
07-01-2024 11:42,9,913,158,41.95,77.07,96.38,789.54,2
07-01-2024 11:43,7,549,379,75.68,59.04,186.05,643.44,5
07-01-2024 11:44,4,119,330,59.35,58.96,219.36,324.91,5
07-01-2024 11:45,5,743,103,44.13,15.04,195.74,194.83,3
07-01-2024 11:46,5,914,223,64.06,50.41,116.38,100.46,2
07-01-2024 11:47,5,825,402,72.32,34.92,131.97,60.54,3
07-01-2024 11:48,10,419,171,11.95,40.22,252.21,660.23,4
07-01-2024 11:49,9,230,33,17.64,59.9,200.52,757.54,5
07-01-2024 11:50,10,54,181,18.03,80.58,11.91,622.59,1
07-01-2024 11:51,3,246,184,29.71,28.62,65.02,612.05,5
07-01-2024 11:52,6,96,403,46.29,72.62,89.46,343.84,3
07-01-2024 11:53,8,601,87,78.31,18.67,112.82,520.12,1
07-01-2024 11:54,9,683,69,39.84,39.5,175.18,543.55,1
07-01-2024 11:55,7,696,380,11.49,31.42,113.12,220.68,1
07-01-2024 11:56,3,189,26,51.09,83.67,248.38,596.17,5
07-01-2024 11:57,1,911,413,94.71,28.35,144.78,133.97,2
07-01-2024 11:58,4,714,408,39.67,58.4,153.14,248.9,1
07-01-2024 11:59,6,589,6,91.71,27.36,131.08,479.97,4
07-01-2024 12:00,3,476,256,18.61,50.51,96.59,440.87,4
07-01-2024 12:01,1,638,182,24.71,46,218.82,569.57,1
07-01-2024 12:02,6,736,295,71.55,18.1,72.72,474.67,4
07-01-2024 12:03,1,610,260,52.6,76.94,208.4,58.64,4
07-01-2024 12:04,9,903,384,75.04,73.51,161.26,782.61,4
07-01-2024 12:05,1,359,314,83.4,35.84,35.17,615.52,3
07-01-2024 12:06,6,323,304,31.34,61.05,10.3,706.74,3
07-01-2024 12:07,1,588,316,68.04,42.2,54.99,647.06,4
07-01-2024 12:08,7,889,234,61.65,72.69,229.5,185.67,2
07-01-2024 12:09,3,439,282,83.23,66.94,118.46,747.51,4
07-01-2024 12:10,6,508,207,46.56,21.79,242.44,787.59,3
07-01-2024 12:11,7,782,77,14.41,78.31,153.06,81.36,1
07-01-2024 12:12,1,683,168,58.81,28.46,14.66,143.58,4
07-01-2024 12:13,1,410,342,91.5,28.06,254.6,792.43,5
07-01-2024 12:14,5,118,379,11.24,70.03,281.2,248.9,3
07-01-2024 12:15,6,632,461,30.42,28.74,26.89,659.45,3
07-01-2024 12:16,9,711,56,36.87,24.18,66.46,77.83,3
07-01-2024 12:17,1,748,295,75.1,40.17,216.09,591.3,1
07-01-2024 12:18,4,480,81,37.48,77.9,299.17,567.09,5
07-01-2024 12:19,10,934,484,30.32,28.26,263.51,751.36,5
07-01-2024 12:20,8,807,167,65.13,40.43,34.19,588.4,5
07-01-2024 12:21,10,757,176,13.94,36.47,184.13,52.29,3
07-01-2024 12:22,9,81,281,24.5,41.7,201.24,371.35,4
07-01-2024 12:23,3,670,418,44.68,68.57,191.1,291.35,4
07-01-2024 12:24,2,914,383,40.23,45.41,172.58,465.17,5
07-01-2024 12:25,4,562,149,39.51,71.97,91.2,354.09,3
07-01-2024 12:26,2,231,256,19.23,63.03,202.21,239.06,4
07-01-2024 12:27,1,735,281,40.67,42.08,219.89,535.62,2
07-01-2024 12:28,3,730,345,77.83,47.42,174.85,262.69,4
07-01-2024 12:29,7,297,278,45.18,67.77,151.66,683.51,4
07-01-2024 12:30,1,669,279,59.82,55.11,69.61,271.94,2
07-01-2024 12:31,2,931,409,23.9,80.13,165.69,421.96,4
07-01-2024 12:32,1,346,206,15.93,84.99,42.83,664.3,1
07-01-2024 12:33,8,825,462,84.8,68.83,26.45,661.85,3
07-01-2024 12:34,5,977,410,38.17,89.19,234.47,477.15,1
07-01-2024 12:35,8,79,488,39.78,59.74,204.5,316.34,1
07-01-2024 12:36,3,351,30,84.6,17.99,196.46,455.19,3
07-01-2024 12:37,7,525,218,70.16,52.86,278.8,682.75,1
07-01-2024 12:38,8,922,422,74.28,32.25,117.33,190.65,4
07-01-2024 12:39,6,997,470,67.97,40.03,122.92,115.54,5
07-01-2024 12:40,7,401,231,18.99,51.76,127.06,473.99,5
07-01-2024 12:41,2,531,359,91.43,37.13,142.26,467.75,1
07-01-2024 12:42,8,366,162,87.28,38.22,156.29,248.66,5
07-01-2024 12:43,5,786,217,30.08,45.15,234.52,358.88,1
07-01-2024 12:44,7,446,228,78.34,36.48,69.22,89.05,3
07-01-2024 12:45,1,138,333,44.8,27.71,133.05,121.99,2
07-01-2024 12:46,5,283,221,68.12,72.42,154.01,666.1,1
07-01-2024 12:47,1,217,234,24.08,44.64,54.89,382.29,2
07-01-2024 12:48,8,792,73,55.78,77.38,212.07,97.85,4
07-01-2024 12:49,4,175,399,20.76,81.2,21.6,770.26,3
07-01-2024 12:50,4,622,95,55.57,71.32,177.84,183.75,5
07-01-2024 12:51,2,169,428,30.71,44.75,64.63,267.19,1
07-01-2024 12:52,5,477,475,48.46,69.1,7.5,778.58,1
07-01-2024 12:53,1,239,95,66.78,26.64,98.15,161.09,4
07-01-2024 12:54,9,682,394,84.55,64.58,131.6,775.61,3
07-01-2024 12:55,5,477,243,24.05,45.45,246.1,583.35,2
07-01-2024 12:56,6,609,373,85.93,64.17,125.31,353,3
07-01-2024 12:57,2,251,293,43.15,71.61,275.05,484.04,4
07-01-2024 12:58,10,108,263,81.72,57.2,253.55,416.16,2
07-01-2024 12:59,10,746,124,53.57,63.19,61.86,647.7,2
07-01-2024 13:00,1,272,288,83.29,31.01,50.94,69.02,1
07-01-2024 13:01,4,541,267,66.34,59.45,76.93,654.45,1
07-01-2024 13:02,7,60,432,53.24,49.54,111.11,777.08,3
07-01-2024 13:03,6,842,109,36.57,47.1,177.13,355.07,2
07-01-2024 13:04,10,750,348,92.36,45.77,41.6,169.29,1
07-01-2024 13:05,1,561,452,78.08,38.32,161.95,104.87,2
07-01-2024 13:06,1,863,48,42.4,37.9,176.33,290.47,2
07-01-2024 13:07,8,359,301,24.17,67.48,199.96,121.91,5
07-01-2024 13:08,4,798,95,76.26,56.83,167.28,199.18,1
07-01-2024 13:09,5,83,477,94.15,17.25,248.43,530.46,1
07-01-2024 13:10,7,389,33,33.71,18.64,194.27,344.31,1
07-01-2024 13:11,8,696,118,87.85,57.76,277.74,722.8,5
07-01-2024 13:12,10,530,132,20.66,78.47,211.77,381.84,4
07-01-2024 13:13,7,623,251,90.94,18.3,133.65,140.2,5
07-01-2024 13:14,2,874,303,73.35,53.04,66.86,128.14,4
07-01-2024 13:15,4,788,122,39.46,78.84,8.1,560.63,3
07-01-2024 13:16,10,142,218,35.89,15.33,31.67,514.45,1
07-01-2024 13:17,1,677,53,64.69,35.68,60.95,572.14,4
07-01-2024 13:18,10,893,126,60.45,83.99,68.85,284.23,2
07-01-2024 13:19,9,182,159,88.11,21.11,223.9,733.72,4
07-01-2024 13:20,3,893,159,75.13,60.52,118.89,108.73,4
07-01-2024 13:21,3,468,283,55.93,53.05,100.74,45.62,2
07-01-2024 13:22,10,517,89,88.84,26.38,20.45,598.87,3
07-01-2024 13:23,9,854,176,60.38,18.19,163.9,548.12,1
07-01-2024 13:24,10,493,292,82.22,52.69,185.81,404.98,5
07-01-2024 13:25,3,754,433,81.48,70.13,263.97,54.08,3
07-01-2024 13:26,8,961,159,88.13,28.29,153.34,109.08,5
07-01-2024 13:27,2,79,491,15.75,66.85,7.28,172.33,5
07-01-2024 13:28,3,347,249,59.62,55.98,24.26,518.2,3
07-01-2024 13:29,2,110,357,49.81,41.84,84.95,537.18,4
07-01-2024 13:30,1,507,122,51.7,64.83,46.06,547.99,3
07-01-2024 13:31,2,353,237,49.09,29.4,232.32,646.38,5
07-01-2024 13:32,8,389,428,81.18,49.27,36.82,39.34,3
07-01-2024 13:33,9,910,125,37.07,56.2,52.43,521.74,2
07-01-2024 13:34,2,497,315,49.33,49.4,201.7,216.22,4
07-01-2024 13:35,7,885,279,27.06,44.81,75.69,465.41,4
07-01-2024 13:36,5,351,355,31.4,70.57,290.88,595.54,5
07-01-2024 13:37,3,930,324,66.14,64.21,259.64,581.64,4
07-01-2024 13:38,9,589,92,19.94,62.96,224.64,244.56,5
07-01-2024 13:39,6,534,426,25.96,81.89,106.23,297.14,2
07-01-2024 13:40,1,126,105,54.88,89.51,21.75,735.5,5
07-01-2024 13:41,5,682,42,13.72,57.54,104.24,682.13,2
07-01-2024 13:42,7,564,397,20.79,41.12,116.14,220.47,2
07-01-2024 13:43,4,598,129,83.38,73.42,42.59,477.89,4
07-01-2024 13:44,8,993,460,81.92,25.66,40.59,103.68,4
07-01-2024 13:45,10,708,491,39.56,53.47,202.09,530.02,5
07-01-2024 13:46,5,141,53,39.58,54.34,73.56,504.65,5
07-01-2024 13:47,9,900,168,89.6,88.76,205.01,225.86,4
07-01-2024 13:48,9,834,90,12.2,89.33,166.75,349.04,5
07-01-2024 13:49,9,515,247,59.33,74.94,270.93,630.2,3
07-01-2024 13:50,1,515,174,60.78,50.48,240.17,219.24,5
07-01-2024 13:51,2,938,494,76.97,56.04,49.65,619.33,3
07-01-2024 13:52,3,648,372,90.9,38.98,185,266.78,5
07-01-2024 13:53,4,89,87,40.25,77.24,197.67,674.86,3
07-01-2024 13:54,10,739,369,47.22,70.99,259.31,43.79,2
07-01-2024 13:55,9,378,150,67.06,72.86,194.08,221.36,1
07-01-2024 13:56,10,334,249,92.22,25.4,46.51,158.55,5
07-01-2024 13:57,6,996,115,85.72,44.9,81.24,714.64,5
07-01-2024 13:58,1,603,180,66.7,55.3,193.09,354.25,2
07-01-2024 13:59,9,846,120,82.82,24.35,274.02,445.57,4
07-01-2024 14:00,6,115,28,17.24,42.65,268,208.82,4
07-01-2024 14:01,4,685,309,42.06,21.56,110.96,120.12,4
07-01-2024 14:02,4,706,117,11.11,86.91,250.05,486.63,2
07-01-2024 14:03,3,681,191,25.09,71.34,155.83,240.97,1
07-01-2024 14:04,7,158,145,63.59,61.56,141.98,744.51,4
07-01-2024 14:05,3,464,320,85.27,30.36,108.51,391.55,4
07-01-2024 14:06,2,141,262,63.79,40.06,205.07,127.76,5
07-01-2024 14:07,10,417,142,66.45,25.84,181.88,38.56,2
07-01-2024 14:08,8,869,114,18.82,55.21,115.53,201.18,2
07-01-2024 14:09,4,472,384,66.51,76.54,230.04,269.54,3
07-01-2024 14:10,8,621,273,48.62,16.43,116.91,181.43,5
07-01-2024 14:11,1,911,38,65.37,22.75,177.39,305.17,3
07-01-2024 14:12,5,788,197,37.72,32.2,120.75,705.59,3
07-01-2024 14:13,9,289,13,59.43,68.56,39.48,57.4,1
07-01-2024 14:14,1,484,112,46.05,82.05,52.55,644.96,4
07-01-2024 14:15,4,261,437,57.48,71.48,198.74,352.12,2
07-01-2024 14:16,6,449,137,22.5,54.37,244.31,727.01,3
07-01-2024 14:17,10,659,172,43.65,22.88,143.2,540.3,5
07-01-2024 14:18,8,575,127,41.81,71.62,101.05,148.64,2
07-01-2024 14:19,3,779,362,72.59,22.92,104.27,768.41,4
07-01-2024 14:20,5,517,410,70.04,41.08,181.31,140.68,2
07-01-2024 14:21,7,219,333,87.25,38.1,142.97,282.31,1
07-01-2024 14:22,1,868,19,63.72,41.94,5.22,783.47,4
07-01-2024 14:23,7,841,432,36.74,39.71,232.58,185.24,4
07-01-2024 14:24,8,924,465,76.57,72.69,46.98,512.32,2
07-01-2024 14:25,8,259,208,52.24,27.88,204.07,782.46,5
07-01-2024 14:26,9,305,158,26.45,78.44,106.54,557.36,3
07-01-2024 14:27,6,732,160,73.53,79.37,175.51,536.95,3
07-01-2024 14:28,6,122,334,21.27,51.82,257.26,504.81,3
07-01-2024 14:29,2,196,240,25.14,22.96,50.51,453.26,2
07-01-2024 14:30,3,389,376,74.49,58.16,234.4,760.34,5
07-01-2024 14:31,4,366,79,75.46,76.57,16.3,444.13,2
07-01-2024 14:32,4,667,332,77.22,36.71,276.8,537.37,3
07-01-2024 14:33,8,655,357,34.93,77.83,64.47,596.29,3
07-01-2024 14:34,1,624,331,83.66,65.77,239.35,431.61,3
07-01-2024 14:35,10,203,197,71.43,89.04,24.83,712.42,5
07-01-2024 14:36,4,304,120,80.89,76.85,101.48,37.78,1
07-01-2024 14:37,4,400,248,70.23,30.11,191.9,328.31,3
07-01-2024 14:38,1,596,139,59.27,48.68,199.35,500.97,3
07-01-2024 14:39,3,884,226,19.3,22.76,211.15,34.8,5
07-01-2024 14:40,5,361,83,70.43,20.23,108.5,750.78,2
07-01-2024 14:41,6,857,410,68.69,67.95,201.47,664.58,4
07-01-2024 14:42,9,814,26,36.56,83.47,131.41,190.85,4
07-01-2024 14:43,9,718,128,72.54,88.02,171.95,278.78,5
07-01-2024 14:44,9,183,401,56.79,35.28,166.43,548.18,1
07-01-2024 14:45,1,997,223,57.55,30.13,54.6,285.99,2
07-01-2024 14:46,9,178,339,41.25,57.02,254.75,688.27,3
07-01-2024 14:47,8,485,44,19.93,30.06,260.81,213.81,2
07-01-2024 14:48,2,329,84,28.44,37.19,65.1,658.27,1
07-01-2024 14:49,1,407,407,75.35,77.79,127.88,382.39,3
07-01-2024 14:50,1,979,25,33.07,75.78,142.14,373.63,5
07-01-2024 14:51,6,932,220,10.19,82.13,166.93,151.38,5
07-01-2024 14:52,9,301,293,94.75,51.17,11.57,787.03,3
07-01-2024 14:53,7,184,204,27.91,57.31,228.85,288.97,3
07-01-2024 14:54,5,892,368,65.71,72.79,259.28,179.6,5
07-01-2024 14:55,2,572,193,88.79,32.94,46.95,45.3,1
07-01-2024 14:56,1,853,2,60.98,76.73,269.51,404.94,1
07-01-2024 14:57,2,709,202,77.92,16.32,256.02,45.16,5
07-01-2024 14:58,1,368,354,92.99,74.82,164.97,375.18,2
07-01-2024 14:59,3,129,32,83.13,73.19,86.05,724.06,1
07-01-2024 15:00,6,240,89,57.42,37.63,66.21,408.42,1
07-01-2024 15:01,8,502,202,40.91,69.59,149.29,53.78,1
07-01-2024 15:02,3,393,439,51.01,31.05,154.63,226.21,4
07-01-2024 15:03,10,79,178,81.56,58.22,197.3,58.02,4
07-01-2024 15:04,9,463,193,82.54,67.54,241.48,707.99,3
07-01-2024 15:05,10,920,160,81.9,68.6,280.68,207.28,1
07-01-2024 15:06,5,417,293,60.76,88.72,239.9,70.74,4
07-01-2024 15:07,7,790,204,50.54,28.65,273.17,772.34,1
07-01-2024 15:08,8,645,241,36.46,51.06,152.31,399.97,1
07-01-2024 15:09,3,551,115,10.29,81.01,16.47,336.4,3
07-01-2024 15:10,2,711,210,74.98,57.11,20.29,743.12,5
07-01-2024 15:11,2,922,222,33.54,80.73,84.2,434.05,5
07-01-2024 15:12,5,750,397,38.02,47.55,186.13,239.53,1
07-01-2024 15:13,1,70,182,81.7,74.65,103.89,637.74,3
07-01-2024 15:14,2,598,259,14.44,80.25,54.01,231.99,4
07-01-2024 15:15,9,295,469,88.85,78.48,255.9,365.4,2
07-01-2024 15:16,7,332,426,10.12,80.35,295.57,646.47,3
07-01-2024 15:17,6,663,462,89.83,31.47,9.91,746.52,1
07-01-2024 15:18,9,980,40,48.65,47.92,31.38,492.6,5
07-01-2024 15:19,7,855,330,18.68,28.09,152.3,413.75,4
07-01-2024 15:20,5,281,322,67.3,28.54,104.61,79.42,3
07-01-2024 15:21,9,365,60,86.15,51.59,235.73,501.27,5
07-01-2024 15:22,6,887,493,47.24,87.01,198.02,274.75,3
07-01-2024 15:23,6,849,485,68.77,59.39,25.21,421.31,2
07-01-2024 15:24,4,385,11,93.25,79.04,165.74,600.79,3
07-01-2024 15:25,1,460,120,30.46,85.29,104.28,519.36,2
07-01-2024 15:26,5,294,385,79.74,21.49,289.71,95.61,4
07-01-2024 15:27,9,436,410,35.1,27.15,145.21,329.85,1
07-01-2024 15:28,8,738,42,46.24,36.81,278.66,175.61,1
07-01-2024 15:29,8,774,190,33.95,61.26,13.9,137.87,2
07-01-2024 15:30,5,407,123,47.91,19.63,35.47,191.88,4
07-01-2024 15:31,9,663,189,10.43,74,118.95,738.13,3
07-01-2024 15:32,3,847,252,35.79,19.78,266.65,575.76,3
07-01-2024 15:33,3,71,461,47.85,26.88,165.66,728.32,4
07-01-2024 15:34,1,68,92,63.74,43.63,248.12,415.04,2
07-01-2024 15:35,9,336,484,64.18,56.83,88.64,20.87,2
07-01-2024 15:36,6,325,213,59.62,81.11,37.89,46.86,1
07-01-2024 15:37,2,708,318,34.91,87.28,77.58,132.86,1
07-01-2024 15:38,8,947,202,90.53,81.35,195.36,628.96,4
07-01-2024 15:39,9,601,268,43.32,23.03,262.07,177.29,3
07-01-2024 15:40,9,728,494,28.44,62.34,139.22,99.25,5
07-01-2024 15:41,2,652,155,57.13,48.13,62.12,691.57,2
07-01-2024 15:42,2,121,195,73.66,24.43,193.1,198.26,4
07-01-2024 15:43,7,414,28,11.04,56.63,63.1,411.89,5
07-01-2024 15:44,4,999,194,33.49,41.75,173.23,284.79,4
07-01-2024 15:45,1,844,412,80.12,40.93,35.18,719.31,3
07-01-2024 15:46,8,384,499,53.1,22.08,244.28,569.71,5
07-01-2024 15:47,2,701,223,44.72,88.41,242.52,374.06,2
07-01-2024 15:48,3,800,107,89.13,69.45,164.67,693.19,4
07-01-2024 15:49,5,639,149,17.61,36.03,16.26,586.85,4
07-01-2024 15:50,3,248,135,62.32,83.81,87.65,650.92,1
07-01-2024 15:51,7,66,498,39.09,86.11,45.79,782.5,3
07-01-2024 15:52,7,267,95,16.02,75.78,159.42,178.46,4
07-01-2024 15:53,2,790,270,28.17,64.45,35.01,177.94,2
07-01-2024 15:54,7,901,423,63.37,43.23,261.57,454.07,5
07-01-2024 15:55,6,699,374,12.4,47.58,255.8,435.43,1
07-01-2024 15:56,10,196,126,60.34,49.13,51.05,697.91,5
07-01-2024 15:57,9,259,359,91.33,86.16,209.99,141.61,5
07-01-2024 15:58,9,719,329,77.58,72.01,210.47,351.53,1
07-01-2024 15:59,2,463,471,39.38,36.9,122.04,431.77,4
07-01-2024 16:00,7,714,318,21.75,61.85,50.13,382.03,3
07-01-2024 16:01,5,905,12,49.53,59.54,43.97,72.34,3
07-01-2024 16:02,6,379,477,43.4,75.91,223.15,135.33,5
07-01-2024 16:03,1,944,294,92.6,22.15,69.95,139.78,5
07-01-2024 16:04,7,919,442,94.14,67.6,183.02,484.9,3
07-01-2024 16:05,6,401,440,44.9,39.84,260.44,354.51,2
07-01-2024 16:06,4,212,295,22.65,24.72,179.96,158.97,2
07-01-2024 16:07,1,868,342,87.4,69.88,292.32,594.59,5
07-01-2024 16:08,9,150,4,77.45,39.87,195.42,646.31,3
07-01-2024 16:09,4,376,304,53.46,69.76,97.81,183.9,1
07-01-2024 16:10,2,376,391,41.06,27.18,256.48,583.76,4
07-01-2024 16:11,8,204,316,48.09,88.94,96.72,69.62,1
07-01-2024 16:12,2,59,168,86.66,75.26,291.61,687.63,2
07-01-2024 16:13,5,402,8,25.69,36.69,145.93,770.93,2
07-01-2024 16:14,6,988,124,78.58,70.54,286.21,141.58,2
07-01-2024 16:15,8,232,372,11.55,25.18,59.16,633.2,5
07-01-2024 16:16,1,504,314,88.25,64.01,8.36,95.89,5
07-01-2024 16:17,1,695,185,52.53,19.47,62.86,769.78,1
07-01-2024 16:18,4,55,35,29.27,40,34.02,372.62,1
07-01-2024 16:19,5,382,73,10.24,88.38,221.52,437.52,1
07-01-2024 16:20,9,993,371,57.56,24.07,83.04,615.84,2
07-01-2024 16:21,7,382,13,30.78,59.81,193.64,214.05,4
07-01-2024 16:22,7,307,39,63.66,20.3,202.25,331.11,4
07-01-2024 16:23,8,260,84,33.9,65.21,208.03,74.61,3
07-01-2024 16:24,5,100,21,17.48,35.9,250.62,499.4,3
07-01-2024 16:25,5,494,253,52.93,38.25,48.94,643.48,2
07-01-2024 16:26,1,708,303,57.98,40.34,19.89,684.44,3
07-01-2024 16:27,9,426,467,48.47,30.39,13.76,438.35,4
07-01-2024 16:28,6,689,258,48.93,85.62,35.62,617.33,5
07-01-2024 16:29,9,535,300,60.12,82.94,116.86,136.93,2
07-01-2024 16:30,3,819,488,54.74,80.25,290.38,599.86,5
07-01-2024 16:31,5,100,30,21.27,22.98,109.2,23.54,3
07-01-2024 16:32,2,203,471,26.75,32.51,138.61,171.98,5
07-01-2024 16:33,10,631,128,22.05,60.92,245.25,515.02,1
07-01-2024 16:34,5,837,311,68.93,87.78,275.99,270.02,2
07-01-2024 16:35,8,840,40,54.93,60.36,291.58,340.28,2
07-01-2024 16:36,2,359,461,46.54,39.53,248.8,664.33,3
07-01-2024 16:37,8,448,97,77.86,76.31,153.24,465.46,4
07-01-2024 16:38,4,183,224,37.69,25.16,72.7,331.19,5
07-01-2024 16:39,10,269,92,58.29,81.13,181.52,383.3,5
07-01-2024 16:40,10,212,280,16.32,88.1,63.05,681.78,5
07-01-2024 16:41,1,697,170,73.27,87.57,21.44,398.76,5
07-01-2024 16:42,5,618,284,69.09,26.08,276.21,702.77,3
07-01-2024 16:43,1,551,222,78.2,56.22,148.01,212.74,5
07-01-2024 16:44,7,995,117,85.18,58.87,154.93,436.33,1
07-01-2024 16:45,8,738,248,74.43,29.62,184.72,307.84,5
07-01-2024 16:46,3,164,361,81.78,56.01,138.17,481.21,1
07-01-2024 16:47,3,548,349,39.38,63.49,136.11,468.9,5
07-01-2024 16:48,7,521,354,39.18,39.67,274.97,465.62,4
07-01-2024 16:49,4,198,435,90.27,38.68,245.88,431.66,5
07-01-2024 16:50,3,290,406,87.74,19.52,67.71,374.46,2
07-01-2024 16:51,8,172,89,56.62,86.76,91.07,730.09,5
07-01-2024 16:52,3,853,78,41.16,75.27,199.88,229,4
07-01-2024 16:53,7,888,458,83.61,71.96,173.47,358.48,5
07-01-2024 16:54,2,118,74,37.49,16.63,231.02,184.74,4
07-01-2024 16:55,1,875,392,23.06,61.82,219.65,279.16,1
07-01-2024 16:56,6,112,14,64.36,28.55,214.02,214.21,3
07-01-2024 16:57,8,782,45,13.62,64.63,264.66,542.38,3
07-01-2024 16:58,1,65,38,42.22,61.59,231.13,571.94,1
07-01-2024 16:59,10,439,416,78.65,78.89,76.64,235.85,5
07-01-2024 17:00,9,639,245,35.09,34.16,262.49,787.22,2
07-01-2024 17:01,3,683,62,89.16,17.06,103.98,241.7,2
07-01-2024 17:02,3,997,493,91.25,83.56,273.71,666.15,4
07-01-2024 17:03,4,307,96,79.34,83.15,248.16,248.23,5
07-01-2024 17:04,1,266,323,93.95,49.19,26.86,342.29,4
07-01-2024 17:05,9,528,252,55.11,20.86,232.53,538.48,5
07-01-2024 17:06,3,163,468,58.38,52.35,152.53,454.98,5
07-01-2024 17:07,10,931,61,81.07,54.3,293.25,414.84,5
07-01-2024 17:08,4,429,269,51.89,76.63,140.23,639.49,2
07-01-2024 17:09,1,707,119,44.57,68.78,24.77,572.02,4
07-01-2024 17:10,4,286,87,62.25,20.31,91.48,733.05,1
07-01-2024 17:11,1,525,83,65.9,67.9,131.91,200.06,1
07-01-2024 17:12,5,980,80,73.83,25.18,179.62,32.73,3
07-01-2024 17:13,5,647,228,66.8,21.71,49.87,799.89,2
07-01-2024 17:14,7,728,483,73.39,44.9,156.95,241.06,1
07-01-2024 17:15,8,178,303,67.34,20.8,147.62,53.5,1
07-01-2024 17:16,4,559,111,50.84,77.2,251.82,212.93,4
07-01-2024 17:17,7,214,370,21.47,49.73,94.21,541.65,3
07-01-2024 17:18,4,326,310,76.76,59.03,137.61,478.73,4
07-01-2024 17:19,3,306,71,12.62,58.26,119.64,181.23,2
07-01-2024 17:20,6,181,436,94.36,88.36,191.51,165.25,4
07-01-2024 17:21,4,619,485,80.42,83.68,251.68,366.59,5
07-01-2024 17:22,3,306,328,67.03,78.68,204.31,30.53,4
07-01-2024 17:23,9,190,25,92.16,43.75,142.19,21.86,2
07-01-2024 17:24,5,735,279,62.06,25.88,193.16,501.14,3
07-01-2024 17:25,7,736,202,14.8,59.39,100.06,273.72,4
07-01-2024 17:26,6,258,414,57.55,48.02,47.51,38.65,1
07-01-2024 17:27,10,765,225,33.56,31.91,99.32,378.65,2
07-01-2024 17:28,5,568,267,41.41,22.33,135.89,749.73,1
07-01-2024 17:29,7,100,419,49.06,47.71,134.58,218.83,4
07-01-2024 17:30,6,552,283,75.84,63.82,222.59,215.83,3
07-01-2024 17:31,10,308,117,52.75,61.9,281.22,385.03,3
07-01-2024 17:32,2,227,67,50.35,73.04,119.74,135.8,4
07-01-2024 17:33,3,971,47,35.67,49.99,30.5,517.59,2
07-01-2024 17:34,2,592,241,55.89,39.12,14.86,674.62,5
07-01-2024 17:35,3,405,178,31.11,55.4,6.17,171.73,4
07-01-2024 17:36,1,367,8,32.18,88.13,281.74,533.81,4
07-01-2024 17:37,8,715,183,74.37,18.38,298.71,712.64,3
07-01-2024 17:38,6,413,77,39.12,54.65,20.16,724.4,4
07-01-2024 17:39,2,104,426,14.37,39.69,110.67,451.25,4
07-01-2024 17:40,8,205,67,39.21,22.9,202.46,138.79,3
07-01-2024 17:41,6,93,148,64.28,47.6,57.79,534.15,3
07-01-2024 17:42,7,642,494,79.19,63.09,180.36,593.15,2
07-01-2024 17:43,1,727,173,91.76,54.61,245.02,608.36,1
07-01-2024 17:44,7,591,35,73.43,17.19,258.14,748.78,4
07-01-2024 17:45,3,371,77,46.45,58.43,213.39,499.91,5
07-01-2024 17:46,8,697,404,35.43,32.4,29.12,383.57,5
07-01-2024 17:47,6,63,280,21.02,40.61,107.78,411.99,4
07-01-2024 17:48,4,406,185,63.35,38.42,290.37,270.8,4
07-01-2024 17:49,8,532,55,53.34,79.39,61.86,64.67,3
07-01-2024 17:50,9,667,393,67.6,18.57,138.91,579.62,2
07-01-2024 17:51,10,408,94,30.16,41.1,103.58,35.48,2
07-01-2024 17:52,2,367,473,37.51,44.61,65.63,70.01,3
07-01-2024 17:53,6,124,144,34.83,61.41,100.44,280.62,5
07-01-2024 17:54,5,640,247,77.8,74.17,60.91,746.23,1
07-01-2024 17:55,5,243,439,24.55,69.57,263.79,396.84,5
07-01-2024 17:56,10,412,200,61.72,71.45,56.46,187.84,5
07-01-2024 17:57,3,145,236,14.37,29.43,188.95,719.7,1
07-01-2024 17:58,8,89,314,56.71,83.38,282.98,465.92,1
07-01-2024 17:59,8,817,320,15.43,46.06,286.03,308.45,2
07-01-2024 18:00,5,446,220,24.95,15.83,182.13,578.26,1
07-01-2024 18:01,8,156,332,19.61,65.11,84.91,364.07,3
07-01-2024 18:02,10,66,371,39.47,60.3,78.13,589.38,1
07-01-2024 18:03,8,576,216,39.22,24.45,225.5,190.33,5
07-01-2024 18:04,3,978,49,80.25,86.99,294.31,137.14,3
07-01-2024 18:05,2,833,285,29.18,57.12,27.89,379.53,1
07-01-2024 18:06,9,548,463,17.34,50.19,237.89,269.29,2
07-01-2024 18:07,2,574,118,61.3,44.86,41.28,492.02,2
07-01-2024 18:08,9,808,82,68.43,30.74,92.96,635.26,5
07-01-2024 18:09,4,775,263,35.06,86.46,172.15,723.17,4
07-01-2024 18:10,2,712,77,61.24,67.66,92.68,613.21,5
07-01-2024 18:11,10,853,211,75.96,57.57,196.83,286.56,1
07-01-2024 18:12,1,92,496,39.54,62.34,128.07,587.35,5
07-01-2024 18:13,4,995,491,54.66,78.03,69.64,433.31,3
07-01-2024 18:14,9,675,122,22.46,62.68,161.62,726.74,5
07-01-2024 18:15,9,891,325,12.01,23.59,12.08,571.37,2
07-01-2024 18:16,4,642,90,93.42,67.3,223.62,137.19,3
07-01-2024 18:17,9,399,258,35.48,57.37,159.08,80.91,2
07-01-2024 18:18,6,702,161,33.71,87.48,284.28,444.19,5
07-01-2024 18:19,1,79,176,92.73,70.03,35.32,304.73,1
07-01-2024 18:20,10,490,293,71.9,40.8,221.03,151.12,5
07-01-2024 18:21,6,591,89,59.75,25.15,93.78,642.17,3
07-01-2024 18:22,9,504,127,69.44,51.17,115.08,312.83,2
07-01-2024 18:23,2,827,473,70.34,65.95,107.8,87.09,5
07-01-2024 18:24,6,660,359,74.88,28.3,110.62,224.57,1
07-01-2024 18:25,2,143,286,15.71,63.71,132.1,547.97,1
07-01-2024 18:26,4,772,297,45.09,76.92,11.2,525.39,4
07-01-2024 18:27,8,344,260,35.09,26.78,254.79,224.72,1
07-01-2024 18:28,7,598,339,16,67.93,265.13,286.14,5
07-01-2024 18:29,9,948,475,45.07,20.12,16.67,58.86,1
07-01-2024 18:30,7,138,244,62.37,15.6,233.92,763.55,1
07-01-2024 18:31,1,979,111,25.17,17.45,26.32,275.18,3
07-01-2024 18:32,2,552,423,35.93,62.36,243.31,744.94,1
07-01-2024 18:33,6,816,24,64.33,88,185.83,654.83,5
07-01-2024 18:34,7,263,50,59.24,72.85,95.37,281.44,1
07-01-2024 18:35,3,471,37,83.85,34.08,186.1,561.44,2
07-01-2024 18:36,9,575,181,77.25,20.38,154.46,389.43,4
07-01-2024 18:37,7,241,253,92.08,61.25,192.55,781.79,4
07-01-2024 18:38,6,856,25,60.76,15.24,145.23,518.02,3
07-01-2024 18:39,6,743,349,69.37,74.44,233,424.88,5
07-01-2024 18:40,1,691,125,83.14,33.23,18.35,517.62,5
07-01-2024 18:41,5,273,31,81.4,37.44,106.56,191.79,3
07-01-2024 18:42,10,604,237,71.09,40.8,169.99,258.98,4
07-01-2024 18:43,3,742,227,52.52,72.27,178.53,575.9,2
07-01-2024 18:44,7,436,348,33.22,34.93,55.02,85.3,4
07-01-2024 18:45,10,730,38,84.56,36.34,26.99,256.02,4
07-01-2024 18:46,3,825,383,76.02,55.57,11.19,503.26,2
07-01-2024 18:47,5,523,58,81.22,49.73,126.84,796.64,4
07-01-2024 18:48,7,657,236,21.97,86.67,102.46,742.02,1
07-01-2024 18:49,3,252,181,36.76,34.75,172.5,669.13,5
07-01-2024 18:50,10,496,114,46.12,21.89,137.61,410.64,4
07-01-2024 18:51,2,882,306,81.26,55.57,121.25,647.7,2
07-01-2024 18:52,6,896,132,85.9,28.84,253.78,455.96,5
07-01-2024 18:53,8,949,348,34.22,46.02,188.35,377.6,5
07-01-2024 18:54,4,117,180,68.35,29.04,195.6,194.35,4
07-01-2024 18:55,9,141,415,16.61,81.07,117.64,761.73,4
07-01-2024 18:56,8,827,471,44.81,39.56,234.17,486.6,4
07-01-2024 18:57,7,892,78,51.37,73.12,49.87,546.78,3
07-01-2024 18:58,7,227,220,75.08,86.15,123.59,130.04,5
07-01-2024 18:59,3,712,142,85.82,85.54,18.92,356.06,3
07-01-2024 19:00,6,878,385,38.67,54.36,39.05,772.44,4
07-01-2024 19:01,5,608,43,54.86,88.74,29.05,610.98,2
07-01-2024 19:02,1,52,480,65.03,64.2,135.22,708.6,4
07-01-2024 19:03,3,152,118,37.94,24.64,210.71,328.79,4
07-01-2024 19:04,1,322,59,93.77,81.63,97.25,71.85,1
07-01-2024 19:05,4,583,61,84.44,50.15,12.85,294.15,1
07-01-2024 19:06,10,165,41,35.19,26.45,213.63,313.28,5
07-01-2024 19:07,3,908,274,53.18,74.36,66.19,254.88,5
07-01-2024 19:08,4,961,188,29.62,61.83,218.19,430.83,5
07-01-2024 19:09,9,513,453,53.73,81.16,7.17,169.86,3
07-01-2024 19:10,3,153,490,68.08,77.05,97.14,751.38,5
07-01-2024 19:11,6,308,335,17.27,39.01,188.26,727.87,1
07-01-2024 19:12,6,357,187,83.96,34.22,261.99,224.05,5
07-01-2024 19:13,7,416,426,60.47,70.04,227.47,528.16,4
07-01-2024 19:14,9,978,464,94.12,58,137.64,410.89,1
07-01-2024 19:15,7,859,228,12.18,20.24,216.96,215.05,3
07-01-2024 19:16,1,691,164,80.68,28.62,163.57,719.74,3
07-01-2024 19:17,8,856,424,77.32,26.35,244.95,200.23,5
07-01-2024 19:18,5,351,286,21.29,59.23,232.76,507.21,3
07-01-2024 19:19,9,609,102,38.5,21.43,292.88,281.58,3
07-01-2024 19:20,10,76,471,85.21,30.58,35.96,664.36,1
07-01-2024 19:21,5,557,267,54.07,55.9,105.51,503.86,5
07-01-2024 19:22,5,576,124,44.11,24.98,61.75,669.42,5
07-01-2024 19:23,2,824,153,86.97,33.62,191.08,291.22,4
07-01-2024 19:24,3,414,429,17.93,83.01,200.89,28.71,5
07-01-2024 19:25,10,347,179,50.22,67.28,65.12,192.89,5
07-01-2024 19:26,9,826,427,65.45,38.02,129.36,655.24,1
07-01-2024 19:27,7,410,66,61.73,80.8,182.63,267.16,4
07-01-2024 19:28,1,695,99,32.46,33.77,199.39,269.34,4
07-01-2024 19:29,3,553,431,57.88,59.18,35.28,370.72,5
07-01-2024 19:30,2,637,24,70.23,42.64,276.72,234.24,2
07-01-2024 19:31,1,79,333,59.72,71.41,15.05,649.54,4
07-01-2024 19:32,9,488,249,68.18,42.87,292.02,270.93,5
07-01-2024 19:33,8,389,490,31.77,33.66,98.32,491.08,5
07-01-2024 19:34,5,175,165,80.79,60.58,98.32,371.8,1
07-01-2024 19:35,2,645,384,48.22,70.9,136.58,244.14,4
07-01-2024 19:36,1,615,440,93.91,55.23,210.01,226.94,4
07-01-2024 19:37,7,415,94,11.98,68.72,52.08,411.48,2
07-01-2024 19:38,2,844,459,42.33,46.65,80.22,184.46,5
07-01-2024 19:39,1,901,343,25.34,74.66,288.66,289.6,4
07-01-2024 19:40,2,492,124,57.23,58.88,263.67,50.72,3
07-01-2024 19:41,7,312,302,30.67,29.72,67.66,636.44,4
07-01-2024 19:42,7,985,156,72.69,81.81,174.04,54.04,5
07-01-2024 19:43,10,921,349,84.96,77.76,65.06,700.37,3
07-01-2024 19:44,6,271,249,27.93,87.29,167.27,56.96,2
07-01-2024 19:45,5,889,436,23.66,57.68,112.9,681.58,3
07-01-2024 19:46,3,51,271,84.41,65.68,111.92,522.45,1
07-01-2024 19:47,3,959,429,40.71,79.77,192.35,414.64,3
07-01-2024 19:48,9,443,58,46.94,18.94,79.29,133.06,3
07-01-2024 19:49,4,355,195,28.78,83.42,124.26,220.29,3
07-01-2024 19:50,9,195,201,46.15,35.34,277.95,558.31,5
07-01-2024 19:51,4,579,72,29.66,19.28,227.83,419.48,2
07-01-2024 19:52,2,577,495,66.6,32.82,118.07,421.19,3
07-01-2024 19:53,4,357,247,52.4,58.98,72.93,123.92,1
07-01-2024 19:54,6,997,481,76.99,18.59,199.41,390.58,4
07-01-2024 19:55,6,720,98,36.58,15.06,243.27,480.41,3
07-01-2024 19:56,5,389,329,52.98,62.95,258.93,115.4,4
07-01-2024 19:57,1,968,81,32.06,49,171.46,779.98,4
07-01-2024 19:58,3,401,425,89.43,78.32,157.46,667.44,4
07-01-2024 19:59,5,859,65,54.36,34.32,217.29,267.62,3
07-01-2024 20:00,6,258,424,24.74,36.05,56.85,459.44,5
07-01-2024 20:01,1,254,5,33.19,20.82,256.38,455.99,3
07-01-2024 20:02,9,674,478,17.05,55.39,26.81,103.17,3
07-01-2024 20:03,3,739,459,12.36,42.44,182.89,361.78,5
07-01-2024 20:04,10,770,284,54.7,40.48,178.96,182.05,2
07-01-2024 20:05,3,685,294,38.66,49.32,96.66,279.91,5
07-01-2024 20:06,2,64,81,91.92,78.73,15.46,756.22,3
07-01-2024 20:07,8,907,498,24.56,22.89,216.77,450.03,3
07-01-2024 20:08,3,477,87,77.48,54.27,12.13,72.19,5
07-01-2024 20:09,6,525,402,36.86,29.73,57.99,544.38,1
07-01-2024 20:10,2,347,293,29,30.93,165.55,798.94,5
07-01-2024 20:11,7,606,411,92.42,34.26,282.29,150.8,4
07-01-2024 20:12,4,143,281,78.22,49.46,24.45,552.68,5
07-01-2024 20:13,9,156,197,63.6,52.08,175.74,662.92,1
07-01-2024 20:14,10,468,252,69.26,80.36,102.02,678.37,4
07-01-2024 20:15,9,327,83,94.27,81.91,202.48,571.87,3
07-01-2024 20:16,7,177,27,60.42,59,286.11,729.7,2
07-01-2024 20:17,8,508,333,18.66,36.11,84.23,45.03,5
07-01-2024 20:18,3,87,182,15.51,76.38,287,70.05,5
07-01-2024 20:19,5,658,135,66.66,74.47,261.83,124.94,5
07-01-2024 20:20,2,247,90,65.9,74.85,184.08,53.78,5
07-01-2024 20:21,10,753,206,73.59,16.23,228.68,113.56,1
07-01-2024 20:22,7,406,27,19.25,71.54,260.14,657.22,4
07-01-2024 20:23,8,56,378,90.32,78.95,242.02,719.24,1
07-01-2024 20:24,9,605,59,56.85,60.38,101.38,282.07,2
07-01-2024 20:25,7,381,72,65.21,71.34,244.72,766.6,1
07-01-2024 20:26,10,568,415,12.96,73.21,97.49,346.38,5
07-01-2024 20:27,10,243,227,91.68,52.99,260.79,154.14,2
07-01-2024 20:28,8,365,91,57.82,76.02,80.36,551.42,2
07-01-2024 20:29,9,50,68,57.89,74.42,173.82,347.85,2
07-01-2024 20:30,6,111,362,90.2,83.71,209.41,35.16,3
07-01-2024 20:31,10,392,260,88.99,84.1,130.61,773.76,1
07-01-2024 20:32,2,650,146,28.73,54.73,235.98,486.36,2
07-01-2024 20:33,2,67,63,89.14,17.36,277.98,498.4,4
07-01-2024 20:34,4,669,343,72.61,16.43,59.94,786.49,2
07-01-2024 20:35,9,696,480,11.61,85.42,14.87,670.13,4
07-01-2024 20:36,7,420,460,30.39,40.3,189.82,302.88,1
07-01-2024 20:37,2,871,180,45.1,43.31,182.65,52.63,4
07-01-2024 20:38,8,628,468,59.54,50.24,105.68,193.46,1
07-01-2024 20:39,7,654,111,69.61,34.93,236.71,294.19,1
07-01-2024 20:40,9,699,191,27.87,59.28,248.71,769,5
07-01-2024 20:41,8,750,429,81.12,73.85,102.94,713.16,5
07-01-2024 20:42,3,620,396,81.89,34.3,206.27,36.79,3
07-01-2024 20:43,1,748,392,63.97,70.73,194.4,790.04,5
07-01-2024 20:44,2,284,246,88.29,65.4,106.08,220.55,4
07-01-2024 20:45,2,118,278,79.1,54.42,290.9,624.79,2
07-01-2024 20:46,4,496,347,28.84,39.41,107.19,110.94,1
07-01-2024 20:47,6,659,425,77.89,80.46,187.98,191.85,5
07-01-2024 20:48,4,57,372,91.02,45.21,117.14,414.24,1
07-01-2024 20:49,9,511,297,21.7,43.1,8.49,568.82,4
07-01-2024 20:50,4,360,337,93.19,63.1,32.03,289.41,5
07-01-2024 20:51,6,183,123,12.12,84.02,73.53,701.14,5
07-01-2024 20:52,6,434,57,54.38,53.1,244.59,753.35,2
07-01-2024 20:53,10,105,160,75.78,69.2,135.41,115.6,2
07-01-2024 20:54,10,409,127,77.19,49.27,178.64,580.48,5
07-01-2024 20:55,1,163,225,72.45,31.41,283.44,122.89,1
07-01-2024 20:56,8,137,95,54.99,24.3,48.37,285.8,4
07-01-2024 20:57,3,187,311,65.33,25.22,259.24,659.26,4
07-01-2024 20:58,6,157,6,69.49,16.6,116.87,282.36,2
07-01-2024 20:59,3,549,423,52.04,56.47,104.56,727.77,1
07-01-2024 21:00,2,584,265,60.63,24.83,189.53,340.95,1
07-01-2024 21:01,5,193,234,81.94,79.93,270.1,261.64,3
07-01-2024 21:02,1,918,288,36.59,88.72,107.82,791.52,3
07-01-2024 21:03,9,705,420,54.47,52.19,229.62,364.37,3
07-01-2024 21:04,7,105,384,10.72,48.73,10.68,597.95,4
07-01-2024 21:05,3,669,16,68.43,41.11,188.81,487.57,4
07-01-2024 21:06,4,912,140,26.61,62.85,191.01,177.94,5
07-01-2024 21:07,6,55,297,50.89,60.6,169.04,410.24,5
07-01-2024 21:08,3,591,195,27.87,40.75,281.66,80.39,4
07-01-2024 21:09,7,496,186,12,40.74,281.88,572.82,1
07-01-2024 21:10,6,434,475,51.07,63.36,105.91,424.77,1
07-01-2024 21:11,9,356,475,46.11,56.59,139.63,115.45,2
07-01-2024 21:12,5,923,393,46.14,68.89,238.75,618.07,3
07-01-2024 21:13,4,906,125,27.75,85.6,253.95,647.56,2
07-01-2024 21:14,3,688,17,90.51,73.47,128.3,592.39,4
07-01-2024 21:15,10,351,366,10.3,37.83,107.96,276.66,1
07-01-2024 21:16,1,682,389,85.78,71.93,247.08,584.07,1
07-01-2024 21:17,3,454,26,72.64,48.75,116.18,470.61,5
07-01-2024 21:18,3,660,213,24.63,73.32,124.54,444.23,1
07-01-2024 21:19,7,727,385,50.14,81.49,44.98,526.02,4
07-01-2024 21:20,7,886,1,94.05,33.75,165.17,511.47,3
07-01-2024 21:21,1,880,291,64.71,32.9,101.3,643.33,2
07-01-2024 21:22,3,802,265,20.83,47.45,179.23,789.07,1
07-01-2024 21:23,8,611,343,48.9,18.87,137.22,586.5,1
07-01-2024 21:24,9,829,38,49.8,66.43,225.7,364.58,4
07-01-2024 21:25,7,886,233,78.19,71.23,86.94,380.1,4
07-01-2024 21:26,7,559,260,87.87,40.91,55.74,42.84,4
07-01-2024 21:27,8,122,308,16.99,49.9,212.37,144.73,5
07-01-2024 21:28,6,861,403,36.69,59.28,118.32,197.97,1
07-01-2024 21:29,3,613,485,35.37,20.52,171.26,792.45,2
07-01-2024 21:30,1,314,261,94.66,68.35,282.62,615.22,2
07-01-2024 21:31,7,276,476,57.53,54.5,147.81,130.41,2
07-01-2024 21:32,1,242,238,84.79,61.82,49.96,408.73,5
07-01-2024 21:33,1,423,106,46.21,69.29,130.88,186.56,3
07-01-2024 21:34,9,800,247,71.43,65.67,146.17,252.14,5
07-01-2024 21:35,10,59,304,34.36,22.15,230.96,491.57,1
07-01-2024 21:36,7,351,343,87.5,73.69,62.58,487.25,5
07-01-2024 21:37,4,408,447,48.69,60.75,107.34,700.01,4
07-01-2024 21:38,6,789,38,78.32,68.62,19.76,148.37,2
07-01-2024 21:39,1,854,308,31.74,34.61,212.08,407.97,1
07-01-2024 21:40,7,101,343,68.96,31.61,224.46,487.09,1
07-01-2024 21:41,6,801,46,44.44,76.96,139.87,745.77,1
07-01-2024 21:42,4,148,210,12.67,44.28,163.79,422.81,1
07-01-2024 21:43,7,642,93,45.11,58.15,226.2,285.72,3
07-01-2024 21:44,3,62,220,56.75,56.37,84.15,247.87,5
07-01-2024 21:45,1,439,256,22.9,58.89,184.05,188.56,1
07-01-2024 21:46,4,406,137,25.63,20.21,289.36,770.65,3
07-01-2024 21:47,3,689,231,49.51,37.69,199.1,490.29,5
07-01-2024 21:48,1,865,306,39.13,19.99,28.04,256.75,5
07-01-2024 21:49,2,977,202,47.46,51.01,90.63,601.19,3
07-01-2024 21:50,5,60,66,49.17,82.66,158.14,245.63,4
07-01-2024 21:51,8,130,461,21.91,44.19,26.44,412.99,4
07-01-2024 21:52,1,310,38,25.4,73.68,204.59,40.26,1
07-01-2024 21:53,4,55,155,82.09,36.54,197.99,680.32,3
07-01-2024 21:54,4,507,105,23.83,79.22,263.52,766.11,3
07-01-2024 21:55,5,422,255,66.6,46.46,152.5,695.29,4
07-01-2024 21:56,7,530,404,45.57,41.64,209.18,153.47,3
07-01-2024 21:57,8,271,488,92.3,67.31,58.7,663.71,3
07-01-2024 21:58,6,966,446,15.62,53.46,5.85,290.67,1
07-01-2024 21:59,1,859,458,80.58,40.3,55.81,750.3,1
07-01-2024 22:00,7,130,16,51.77,19.36,23.35,253.28,3
07-01-2024 22:01,3,972,79,10.45,27.5,131.18,89.73,2
07-01-2024 22:02,6,564,13,32.41,72.92,143.15,685.28,2
07-01-2024 22:03,8,109,370,44.65,84.05,195.12,110.98,3
07-01-2024 22:04,7,270,102,36.71,27.66,46.53,442.32,4
07-01-2024 22:05,10,398,404,40.81,57.71,68.34,313.24,1
07-01-2024 22:06,6,610,152,87.92,17.56,240.51,610.35,2
07-01-2024 22:07,9,277,489,40.68,36.81,175.07,604.14,1
07-01-2024 22:08,9,339,178,45.6,48.66,13.66,625.39,3
07-01-2024 22:09,1,342,391,74.7,70.19,255.28,69.36,1
07-01-2024 22:10,1,859,87,77.48,18.31,190.79,689.53,2
07-01-2024 22:11,1,242,88,17.15,73.59,60.06,383.74,3
07-01-2024 22:12,8,523,29,69.85,30.2,79.36,190.96,3
07-01-2024 22:13,10,306,389,51.02,71.96,168.3,253.14,3
07-01-2024 22:14,7,555,363,21.38,61.91,170.44,724.14,1
07-01-2024 22:15,3,437,493,32.5,40.47,242.53,24.67,4
07-01-2024 22:16,2,664,419,13.83,69.28,110.78,645.34,2
07-01-2024 22:17,4,447,321,40.62,32.72,167.04,740.67,5
07-01-2024 22:18,3,415,100,31.71,31.48,176.85,215.04,2
07-01-2024 22:19,7,707,115,42.48,19.63,169.81,661.16,2
07-01-2024 22:20,10,339,210,59.33,44.48,26.51,145.65,5
07-01-2024 22:21,8,818,454,72.25,22.33,126.32,32.66,2
07-01-2024 22:22,6,358,343,61.45,46.46,104.97,491.57,3
07-01-2024 22:23,3,327,74,67.66,15.74,297.87,524.04,3
07-01-2024 22:24,6,513,135,83.58,26.63,142.38,137.11,1
07-01-2024 22:25,2,238,428,84.28,84.93,133.39,419.72,5
07-01-2024 22:26,7,967,456,83.16,74.67,147.69,320.68,3
07-01-2024 22:27,10,227,269,23.02,32.71,276.19,79.48,5
07-01-2024 22:28,7,577,350,31.34,68.87,185.38,416.04,3
07-01-2024 22:29,4,973,466,52.7,65.14,119.8,476.41,2
07-01-2024 22:30,8,424,78,40.49,28.27,274.21,189.39,5
07-01-2024 22:31,4,647,459,21.19,42.83,279.3,597.03,3
07-01-2024 22:32,7,809,380,34.46,83.53,82.97,76.63,4
07-01-2024 22:33,4,503,490,92.91,70.4,121.05,449.78,5
07-01-2024 22:34,5,266,125,39.49,72.03,290.11,256.64,5
07-01-2024 22:35,7,91,38,45.61,57.29,164.61,360.14,4
07-01-2024 22:36,10,243,269,10.54,64.92,132.36,716.91,5
07-01-2024 22:37,3,376,310,71.15,53.16,62.64,542.56,1
07-01-2024 22:38,10,422,106,45.15,70.57,118.41,136.13,2
07-01-2024 22:39,5,514,44,18.77,69.95,191.21,711.32,2
07-01-2024 22:40,3,212,225,92.33,17.33,16.42,310.81,3
07-01-2024 22:41,5,325,242,76.08,62.38,29.58,286.2,1
07-01-2024 22:42,3,413,397,71.72,62.24,6.59,411.2,4
07-01-2024 22:43,10,691,153,91.42,20.05,69.58,180.13,4
07-01-2024 22:44,7,824,24,44.64,45.78,58.98,733.1,2
07-01-2024 22:45,1,529,124,71.08,82.41,255.99,384.95,4
07-01-2024 22:46,9,738,285,27.53,86.51,59.65,327.18,2
07-01-2024 22:47,9,509,484,69.26,73.67,200.05,153.35,1
07-01-2024 22:48,5,314,454,11.2,26.36,39.92,646.09,1
07-01-2024 22:49,9,588,402,20.74,43.1,180.1,763.21,1
07-01-2024 22:50,10,435,348,46.15,28.69,133.51,698.28,3
07-01-2024 22:51,6,134,261,11.03,63.91,125.56,145.97,4
07-01-2024 22:52,5,757,146,49.27,72.99,257.69,606.26,3
07-01-2024 22:53,3,365,191,54.44,81.28,54.48,179.25,5
07-01-2024 22:54,8,292,381,62.84,79.55,180.59,50.29,4
07-01-2024 22:55,4,518,165,18.53,22.44,247.45,397.89,5
07-01-2024 22:56,10,929,71,25.39,24.43,215.6,542.9,1
07-01-2024 22:57,3,391,439,62.13,83.23,295.09,116.94,3
07-01-2024 22:58,6,226,201,65.95,78.28,5.62,492.3,3
07-01-2024 22:59,8,179,355,12.2,49.53,265.89,678.04,2
07-01-2024 23:00,9,706,12,55.93,47.25,185.97,183.03,1
07-01-2024 23:01,6,132,52,76.72,56.46,5.73,353.68,2
07-01-2024 23:02,5,409,441,15.87,59.75,142.32,409.06,1
07-01-2024 23:03,2,137,256,45.12,34.07,231.39,668.35,2
07-01-2024 23:04,2,581,302,37.75,45.28,58.85,621.67,3
07-01-2024 23:05,9,791,360,87.66,61.48,205.15,620.08,3
07-01-2024 23:06,2,687,300,25.79,30.47,46.2,549.65,2
07-01-2024 23:07,2,520,487,37.06,89.91,242.02,501.88,2
07-01-2024 23:08,3,547,408,86.37,36.22,172.7,416.93,4
07-01-2024 23:09,3,556,9,38.11,56.43,15,308.3,3
07-01-2024 23:10,4,403,140,55.16,56.56,31.81,420.32,5
07-01-2024 23:11,7,465,100,12.81,48.86,259.84,685.9,5
07-01-2024 23:12,9,100,485,93.72,33.12,14.74,465.06,1
07-01-2024 23:13,2,649,137,80.12,57.4,93.07,788.77,4
07-01-2024 23:14,4,731,359,63.92,21.83,172.24,131.18,2
07-01-2024 23:15,9,112,366,15.16,44.02,67.96,364.1,5
07-01-2024 23:16,2,138,372,16.36,31.82,71.15,176.22,1
07-01-2024 23:17,10,750,22,56.32,24.31,233.93,304.78,3
07-01-2024 23:18,1,239,145,34.23,84.41,90.84,636.02,3
07-01-2024 23:19,10,948,161,62.94,67.5,16.38,663.32,5
07-01-2024 23:20,8,650,249,60.85,27.66,217.73,44.74,1
07-01-2024 23:21,9,397,175,81.29,86.2,286.54,763.63,3
07-01-2024 23:22,7,893,88,33.92,31.2,250.42,700.06,1
07-01-2024 23:23,8,587,399,59.12,32.67,166.83,725.88,3
07-01-2024 23:24,4,225,477,76.08,25,130.34,313.89,3
07-01-2024 23:25,4,413,480,51.72,69.59,277.92,407.63,3
07-01-2024 23:26,2,825,33,80.6,57.82,231.04,151.43,2
07-01-2024 23:27,8,950,477,21.16,19.37,173.34,329.53,2
07-01-2024 23:28,2,956,271,72.38,16.9,264.55,118.39,1
07-01-2024 23:29,9,603,283,90.15,54.95,182.51,693.36,3
07-01-2024 23:30,4,532,226,38.21,63.86,292.18,473.28,1
07-01-2024 23:31,1,168,445,41.14,76.72,258.2,126.07,5
07-01-2024 23:32,4,218,452,17.1,50.87,167.38,705.67,3
07-01-2024 23:33,3,669,497,64.53,65.74,277.24,82.69,3
07-01-2024 23:34,6,196,112,56.96,70.02,106.02,743.02,1
07-01-2024 23:35,7,737,82,13.43,60.98,211.77,102.48,1
07-01-2024 23:36,8,486,213,73.94,41.42,55.53,580.02,5
07-01-2024 23:37,2,488,304,80.49,24.89,269.13,523.34,5
07-01-2024 23:38,6,937,8,87.11,63.57,78.17,630.51,1
07-01-2024 23:39,6,238,134,56.39,72.65,284.96,460.52,2
07-01-2024 23:40,10,209,447,48.47,29.24,10.01,292.94,4
07-01-2024 23:41,5,863,118,84.47,52.12,206.14,234.03,5
07-01-2024 23:42,10,909,84,43.89,44.79,49.27,757.47,4
07-01-2024 23:43,10,981,258,65.71,30.43,232.39,364.19,5
07-01-2024 23:44,7,451,243,62.31,33.4,150.11,676.91,5
07-01-2024 23:45,3,635,237,41.63,32.83,273.35,583.98,5
07-01-2024 23:46,4,913,150,17.39,46.42,215.95,531.79,5
07-01-2024 23:47,10,67,374,11.82,44.28,231.64,777.08,2
07-01-2024 23:48,9,189,21,46.4,56.56,40.54,461.05,2
07-01-2024 23:49,4,164,134,50.9,21.99,33.49,591.75,4
07-01-2024 23:50,3,377,379,79.93,58.59,255.91,682.74,1
07-01-2024 23:51,2,274,96,45.22,16.64,71.6,55.86,4
07-01-2024 23:52,5,607,454,33.9,34.3,260.75,797.12,2
07-01-2024 23:53,4,488,13,49.28,52.66,47.05,224.5,2
07-01-2024 23:54,8,599,1,30.23,66.52,95.99,567.96,3
07-01-2024 23:55,7,767,150,17.77,72.84,278.98,763.82,3
07-01-2024 23:56,6,435,117,19.61,17.67,252.72,615.25,5
07-01-2024 23:57,2,570,152,37.13,55.31,21,199.1,3
07-01-2024 23:58,3,302,64,11.08,41.58,137.19,302.6,1
07-01-2024 23:59,10,669,425,28.72,67.12,273.41,343.06,4
08-01-2024 00:00,9,950,478,76.94,36.28,9.35,477.35,4
08-01-2024 00:01,9,147,150,29.94,70.78,36.66,490.3,2
08-01-2024 00:02,5,836,317,19.41,60.17,195.33,634.56,4
08-01-2024 00:03,3,120,364,90.67,74.23,35.97,690.55,1
08-01-2024 00:04,2,600,12,62.91,88.83,137.41,89.84,3
08-01-2024 00:05,8,859,90,15.1,83.14,154.81,233.06,3
08-01-2024 00:06,6,962,388,15.29,59.5,258.77,288.06,1
08-01-2024 00:07,10,496,83,62.03,82.03,287.43,30.42,3
08-01-2024 00:08,7,139,464,55.91,26.48,156.11,345.72,5
08-01-2024 00:09,1,479,250,15.81,18.23,155.56,299.86,4
08-01-2024 00:10,1,268,384,29.07,54.98,219.4,429.8,3
08-01-2024 00:11,10,156,396,88.97,88.08,61.79,98.14,4
08-01-2024 00:12,2,525,33,58.62,68.23,282.55,342.91,1
08-01-2024 00:13,10,965,149,47.43,37.89,5.35,485.98,3
08-01-2024 00:14,3,503,128,31.26,65.16,5.53,646.98,5
08-01-2024 00:15,1,953,100,21.36,17.99,189.57,617.83,5
08-01-2024 00:16,5,657,457,44.22,50.3,105.74,335.79,1
08-01-2024 00:17,3,964,487,88.4,32.79,122.44,323.84,5
08-01-2024 00:18,1,593,362,14.14,18.69,70.32,49.23,1
08-01-2024 00:19,8,175,493,94.23,33.74,125.3,84.46,5
08-01-2024 00:20,6,196,328,27.66,69.18,249.26,700.48,3
08-01-2024 00:21,9,329,212,44.75,56.34,211.28,648.58,4
08-01-2024 00:22,3,73,74,13.83,16.76,32.92,36.45,4
08-01-2024 00:23,9,770,96,59.71,45.73,21.72,708.49,2
08-01-2024 00:24,9,169,92,51.1,71.41,154.33,498.83,4
08-01-2024 00:25,1,835,330,66.67,86.6,220.4,645.5,5
08-01-2024 00:26,3,701,328,56.13,80.58,201.02,411.97,2
08-01-2024 00:27,6,346,436,43.85,15.11,259.91,137.49,2
08-01-2024 00:28,8,904,175,72.71,31.4,44.31,298.37,3
08-01-2024 00:29,4,993,225,12.13,30.58,183.7,371.02,3
08-01-2024 00:30,5,131,315,55.99,45.98,230.97,608.05,3
08-01-2024 00:31,9,497,175,19.68,63.43,281.66,653.9,5
08-01-2024 00:32,6,961,56,47.06,26.48,34.76,598.33,5
08-01-2024 00:33,7,769,497,77.25,83.68,75.69,391.79,5
08-01-2024 00:34,7,968,269,22.11,73.28,109.6,537.69,4
08-01-2024 00:35,4,519,428,89.54,46.45,164.52,250.5,1
08-01-2024 00:36,4,472,35,85.52,58.8,125.54,790.49,3
08-01-2024 00:37,4,594,119,45.27,55.64,259.03,151.2,2
08-01-2024 00:38,5,73,371,10.51,58.67,285.41,584.41,2
08-01-2024 00:39,5,110,413,77.13,79.51,25.67,140.85,2
08-01-2024 00:40,8,872,56,84.88,30.01,211.41,239.08,1
08-01-2024 00:41,9,750,389,24.85,66.28,38.71,604.08,5
08-01-2024 00:42,2,133,451,87.88,23.03,269.9,588.71,5
08-01-2024 00:43,7,274,309,87.7,49.44,46.92,117.12,5
08-01-2024 00:44,1,729,357,50.06,62.69,297.5,549.26,2
08-01-2024 00:45,1,235,376,77.83,15.94,131.19,178.99,1
08-01-2024 00:46,4,424,316,47.82,23.1,117.67,778.91,4
08-01-2024 00:47,10,121,105,57.94,21.85,177.95,490.38,1
08-01-2024 00:48,7,123,390,37.19,43.1,121.34,22.71,1
08-01-2024 00:49,2,946,176,23.55,61.65,74.23,182.59,3
08-01-2024 00:50,2,390,106,73.46,89.7,190.6,199.09,4
08-01-2024 00:51,1,202,80,10.12,34.06,219.87,212.74,1
08-01-2024 00:52,10,145,163,59.26,25.2,283.87,454.53,4
08-01-2024 00:53,2,614,402,83.5,46.11,125.69,180.37,1
08-01-2024 00:54,7,494,267,28.81,25.95,213.2,341.98,4
08-01-2024 00:55,9,735,51,38.3,16.84,250.91,155.19,4
08-01-2024 00:56,6,159,377,59.94,57.3,250.26,540.18,4
08-01-2024 00:57,10,507,279,30.98,80.97,15.11,463.59,3
08-01-2024 00:58,2,877,303,82.04,79.56,109.93,510.38,5
08-01-2024 00:59,10,100,75,41.16,22.56,8.96,774.58,1
08-01-2024 01:00,10,426,443,59.44,26.06,169.93,331.46,3
08-01-2024 01:01,9,814,441,29.22,51.83,260.2,188.07,1
08-01-2024 01:02,7,122,349,13.52,42.58,245.4,799.04,1
08-01-2024 01:03,1,261,127,24.76,67.73,244.32,65.3,2
08-01-2024 01:04,9,481,246,13.93,52.12,108.79,652.07,2
08-01-2024 01:05,2,773,312,49.83,16.51,18.67,146.5,3
08-01-2024 01:06,4,812,234,59.86,36.34,55.86,538.53,1
08-01-2024 01:07,9,217,155,13.8,82.61,202.85,389.56,3
08-01-2024 01:08,4,824,73,17.69,53.36,44.48,674.44,5
08-01-2024 01:09,3,380,419,51.27,74.85,41.97,590.25,5
08-01-2024 01:10,1,791,439,77.93,45.17,109.33,154.42,2
08-01-2024 01:11,7,800,137,63.38,65.77,32.89,538.89,2
08-01-2024 01:12,6,836,274,18.9,27.68,102.29,189.33,3
08-01-2024 01:13,10,543,44,85.44,70.24,291.06,152.03,5
08-01-2024 01:14,4,192,247,87.98,73.99,10.89,85.61,5
08-01-2024 01:15,6,631,149,37.62,21.76,250.01,108.65,3
08-01-2024 01:16,6,494,56,62.36,28.75,298.12,569.02,5
08-01-2024 01:17,4,873,176,51.85,49.72,133.74,793.85,2
08-01-2024 01:18,6,443,356,90.07,62.81,283.2,547.12,3
08-01-2024 01:19,10,561,257,53.24,62.81,82.04,572.6,4
08-01-2024 01:20,8,735,411,91.6,65.12,294.78,630.51,4
08-01-2024 01:21,3,897,301,26.94,68.58,259.16,713.43,4
08-01-2024 01:22,4,670,63,39.37,52.93,265.99,228.83,5
08-01-2024 01:23,10,764,314,76.41,58.11,43.47,491.55,2
08-01-2024 01:24,1,746,424,76.61,15.63,261.67,188.98,2
08-01-2024 01:25,4,852,63,72.24,27.5,282.84,430,5
08-01-2024 01:26,10,377,294,83.07,52.39,246.62,182.76,2
08-01-2024 01:27,10,653,29,69.72,70.92,31.95,69.92,3
08-01-2024 01:28,9,308,40,64.07,75.67,30.01,88.86,3
08-01-2024 01:29,8,883,147,49.01,69.67,110.49,781.52,5
08-01-2024 01:30,4,486,88,49.7,51.48,212.95,24.69,2
08-01-2024 01:31,7,767,56,44.52,36.1,8.67,558.33,5
08-01-2024 01:32,10,613,300,62.72,48.35,285.44,712.1,2
08-01-2024 01:33,3,398,193,44.57,15.7,160.01,327.09,2
08-01-2024 01:34,9,742,100,22.54,59.85,110.72,572.33,3
08-01-2024 01:35,10,999,215,19.06,20.59,170.56,292.13,3
08-01-2024 01:36,4,864,141,88.58,25.9,216.16,432.59,3
08-01-2024 01:37,2,564,414,12.1,61.95,85.62,749.85,1
08-01-2024 01:38,10,498,49,18.96,16,90.88,53.02,5
08-01-2024 01:39,5,448,499,47.85,58.02,143.11,228.4,4
08-01-2024 01:40,2,645,115,32.35,62.88,202.63,102.67,2
08-01-2024 01:41,10,263,229,44.5,74.12,213.38,406.82,1
08-01-2024 01:42,6,595,252,19.98,20.1,100.6,620.97,3
08-01-2024 01:43,10,611,75,21.13,15.22,100.14,781.75,5
08-01-2024 01:44,1,338,191,78.06,72.51,148.7,141.25,2
08-01-2024 01:45,6,890,199,74.52,36.75,164.87,54.27,2
08-01-2024 01:46,4,308,163,18.86,81.54,196.58,127.91,1
08-01-2024 01:47,3,307,139,66.76,28.87,187.22,775.63,3
08-01-2024 01:48,2,437,49,61.79,58.91,114.89,269.7,4
08-01-2024 01:49,7,833,363,70.64,23.21,92.58,228.39,2
08-01-2024 01:50,9,743,367,50.33,45.2,95.84,593.35,3
08-01-2024 01:51,3,594,115,32.95,81.15,195.39,114.13,1
08-01-2024 01:52,6,314,168,66.41,60.63,132.78,292.28,5
08-01-2024 01:53,9,362,496,41.57,66.72,44.63,132.95,5
08-01-2024 01:54,2,89,277,28.61,31.95,6.75,779.97,1
08-01-2024 01:55,7,869,47,44.73,84.21,13.75,242.4,4
08-01-2024 01:56,5,259,259,74.88,61.76,260.92,229.97,5
08-01-2024 01:57,5,321,414,50.44,22.94,140.06,514.83,1
08-01-2024 01:58,7,185,216,35.49,16.17,198.94,32.96,5
08-01-2024 01:59,9,648,230,80.71,16.19,279.07,529.76,1
08-01-2024 02:00,4,109,127,84.94,18.84,42.25,374.01,5
08-01-2024 02:01,9,559,323,46.83,83.37,137.05,163.63,4
08-01-2024 02:02,10,725,318,41.85,41.88,164.02,399.35,1
08-01-2024 02:03,9,564,421,62.08,37.37,253.25,799.21,4
08-01-2024 02:04,4,64,225,14.93,46.24,298.15,674.27,4
08-01-2024 02:05,3,663,150,68.76,45.72,214.95,779.85,2
08-01-2024 02:06,2,304,287,76.49,32.89,194.34,742.33,1
08-01-2024 02:07,9,786,46,43.78,21.89,276.49,659.92,4
08-01-2024 02:08,2,771,460,24.84,23.15,252.03,281.1,2
08-01-2024 02:09,6,584,301,12.45,59.94,260.19,589.35,2
08-01-2024 02:10,5,284,14,64.17,44.76,5.8,325.4,4
08-01-2024 02:11,5,180,121,32.86,82.68,156.76,355.03,3
08-01-2024 02:12,4,719,396,49.43,49.78,235.9,701.25,1
08-01-2024 02:13,6,734,375,42.84,52.76,58.53,180.04,1
08-01-2024 02:14,5,66,191,24.87,84.62,226.68,251.34,3
08-01-2024 02:15,4,931,475,53.21,52.62,7.7,745.79,1
08-01-2024 02:16,9,875,333,49.07,52.65,174.67,565.68,4
08-01-2024 02:17,6,927,344,63.05,42.24,256.14,70.62,2
08-01-2024 02:18,10,234,166,31.41,68.28,132.25,114.86,2
08-01-2024 02:19,10,440,117,28.24,44.42,223.14,472.05,3
08-01-2024 02:20,10,472,431,79.22,59.12,161.47,643.03,4
08-01-2024 02:21,3,895,124,69.69,48.55,195.95,638.39,4
08-01-2024 02:22,10,491,54,75.64,54.66,157.42,351.44,2
08-01-2024 02:23,6,745,439,20.48,77.03,145.37,221.64,5
08-01-2024 02:24,1,704,304,29.04,46.03,253.28,634.41,5
08-01-2024 02:25,5,605,457,58.92,32.26,32.36,756.37,1
08-01-2024 02:26,10,61,456,82.86,57.77,177.47,366.42,1
08-01-2024 02:27,6,569,357,85.83,85.31,38.87,127.08,1
08-01-2024 02:28,8,129,271,80.71,66.99,171.03,495.59,4
08-01-2024 02:29,9,858,199,13.69,38.13,289.26,75.88,2
08-01-2024 02:30,3,723,216,79.77,87.22,21.84,496.97,4
08-01-2024 02:31,2,351,113,86.42,40.7,129.49,154.9,3
08-01-2024 02:32,4,265,16,14.82,88.74,241.58,422.46,2
08-01-2024 02:33,8,297,216,45.38,29.4,114.06,507.89,2
08-01-2024 02:34,8,590,427,55.61,89.97,158.49,368.45,2
08-01-2024 02:35,3,321,135,29.78,20.69,38.84,665.29,2
08-01-2024 02:36,4,182,43,53.92,68.49,70.81,312.27,1
08-01-2024 02:37,3,54,252,85.31,70.53,207.5,140.93,2
08-01-2024 02:38,10,805,284,83.69,65.97,249.43,381.85,4
08-01-2024 02:39,2,591,322,89.89,73.32,195.7,771.56,2
08-01-2024 02:40,4,678,98,51.15,50.39,251.89,706.54,3
08-01-2024 02:41,6,739,60,44.9,19.06,183.67,262.64,5
08-01-2024 02:42,5,822,230,66.59,41.83,244.01,209.31,4
08-01-2024 02:43,3,796,384,45.42,63.17,294.95,396.96,4
08-01-2024 02:44,2,190,131,13.57,63.47,29.43,531.02,4
08-01-2024 02:45,9,532,385,71.19,29.64,146.5,742.84,1
08-01-2024 02:46,1,354,159,33.88,33.98,61.02,498.39,3
08-01-2024 02:47,9,394,312,14.17,51.5,142.24,672.17,2
08-01-2024 02:48,1,611,471,11.75,69.65,152.38,562.94,3
08-01-2024 02:49,7,319,84,89.17,78.96,188.47,99.19,2
08-01-2024 02:50,6,157,208,31.43,21.49,134.59,715.59,1
08-01-2024 02:51,7,607,174,48.07,84.42,100.79,175.64,5
08-01-2024 02:52,3,523,288,90.8,84.58,17.73,305.98,1
08-01-2024 02:53,3,131,81,49.74,15.6,15.26,675.4,3
08-01-2024 02:54,1,687,18,16.68,52.98,56.63,783.79,1
08-01-2024 02:55,4,133,196,56.91,59.04,137.45,262.28,3
08-01-2024 02:56,2,339,291,17.5,56.53,128.17,318.91,3
08-01-2024 02:57,10,120,360,18.08,61.18,61.26,398.78,3
08-01-2024 02:58,8,224,356,82.38,52.75,247.59,408.43,1
08-01-2024 02:59,3,877,279,34.6,37.04,206.63,605.29,5
08-01-2024 03:00,7,891,463,67.69,22.18,106.23,657.35,2
08-01-2024 03:01,7,512,397,53.26,30.63,240.11,793.01,5
08-01-2024 03:02,9,898,462,28.9,70.52,296.83,647.3,2
08-01-2024 03:03,6,444,254,54.01,33.08,77.29,253.83,1
08-01-2024 03:04,1,915,142,15.86,77.23,111.96,299.36,3
08-01-2024 03:05,8,140,165,39.51,45.26,297.9,502.09,2
08-01-2024 03:06,1,518,5,54.44,46.09,45.68,555.58,2
08-01-2024 03:07,3,912,251,29.41,80.14,27.77,90.17,1
08-01-2024 03:08,5,483,150,66.12,31.07,158.69,288.07,4
08-01-2024 03:09,8,298,28,14.4,29.22,143.19,178.08,2
08-01-2024 03:10,9,693,237,51.21,88.91,28.1,416.12,1
08-01-2024 03:11,7,730,132,70.77,55.55,90.56,151.58,5
08-01-2024 03:12,9,621,306,46.55,29.29,128.59,472.98,4
08-01-2024 03:13,3,930,358,84.34,27.44,247.55,384.49,5
08-01-2024 03:14,5,898,285,63.74,79.62,213.81,335.06,3
08-01-2024 03:15,10,290,293,91.47,59.99,274.79,526.18,3
08-01-2024 03:16,8,751,163,34.15,23.63,103.09,344.73,2
08-01-2024 03:17,1,545,404,89.8,81.52,96.27,331.43,5
08-01-2024 03:18,8,389,419,61.58,48.29,141.64,527.87,4
08-01-2024 03:19,7,842,227,73.34,89.2,7.22,64.68,5
08-01-2024 03:20,1,793,468,86.68,36.13,66.16,357.34,1
08-01-2024 03:21,10,520,130,56.85,54.66,67.38,172.41,5
08-01-2024 03:22,10,512,372,83.29,27.98,23.02,50.09,2
08-01-2024 03:23,6,850,58,56.04,47.98,139.26,47.05,5
08-01-2024 03:24,1,324,146,60.93,28.24,272.13,150.74,1
08-01-2024 03:25,2,874,478,47.83,38.04,6.19,358.47,4
08-01-2024 03:26,5,64,362,22.38,35.24,190.38,462.02,3
08-01-2024 03:27,2,90,312,57.05,36.23,264.4,640.8,1
08-01-2024 03:28,10,257,122,93.08,87.74,36.72,494,1
08-01-2024 03:29,1,109,192,76.91,17.88,275.59,425.64,3
08-01-2024 03:30,6,414,245,73.54,52.26,246.46,48.37,5
08-01-2024 03:31,8,289,477,64.68,62.19,68.3,252.36,2
08-01-2024 03:32,8,657,103,39.57,64.56,272.08,559.97,4
08-01-2024 03:33,8,839,379,24.42,71.59,242.18,231,5
08-01-2024 03:34,6,988,436,29.09,72.07,37.86,483.59,3
08-01-2024 03:35,3,209,250,10.54,86.66,250.03,491.04,2
08-01-2024 03:36,1,446,22,67.25,71.68,164.94,258,4
08-01-2024 03:37,2,983,477,79.01,76.78,245.71,465.84,2
08-01-2024 03:38,5,843,60,32.86,54.92,187.21,108.9,3
08-01-2024 03:39,10,549,238,17.81,64.33,120.6,587.04,2
08-01-2024 03:40,5,258,394,38.54,50.86,182.34,37.57,4
08-01-2024 03:41,10,182,340,34.82,35.73,192.67,47.55,5
08-01-2024 03:42,1,430,384,48.32,38.5,231.03,698.8,3
08-01-2024 03:43,1,482,336,32.45,42.04,250.05,472.62,2
08-01-2024 03:44,9,658,134,38.88,40.55,200.65,147.07,3
08-01-2024 03:45,2,780,337,87.14,54.99,296.95,489.28,4
08-01-2024 03:46,7,438,262,38.46,33.57,234.67,308.48,4
08-01-2024 03:47,10,632,342,76.77,53.75,273.68,230.5,5
08-01-2024 03:48,4,481,338,63.2,83.72,99.25,652.83,4
08-01-2024 03:49,7,323,480,38.69,45.45,98.29,392.3,5
08-01-2024 03:50,8,400,412,79.51,31.7,111.89,248.91,1
08-01-2024 03:51,5,183,42,60.58,41.01,134.72,756.08,5
08-01-2024 03:52,1,115,74,10.73,80.77,288.61,148.72,2
08-01-2024 03:53,4,688,297,15.84,85.63,26.69,130.77,1
08-01-2024 03:54,10,254,319,73.97,81.5,152.04,95.9,4
08-01-2024 03:55,3,347,22,47.95,36.55,52.54,117.06,2
08-01-2024 03:56,10,166,220,44.47,44.09,244.21,217.17,2
08-01-2024 03:57,5,997,79,22.4,88.12,14.19,564.83,2
08-01-2024 03:58,10,316,235,23.37,39.29,139.27,544.05,4
08-01-2024 03:59,10,843,157,77.81,25.34,121.45,615.5,4
08-01-2024 04:00,6,198,327,80.47,36.16,32.19,468.95,2
08-01-2024 04:01,2,243,114,57.6,87.3,116.13,404.24,1
08-01-2024 04:02,7,729,290,35.09,46.19,243.66,356.87,2
08-01-2024 04:03,3,873,96,89.28,85.04,45.56,702.22,4
08-01-2024 04:04,1,935,130,63.04,22.81,295.13,287.93,4
08-01-2024 04:05,10,228,410,77.71,72.45,22.24,715.39,5
08-01-2024 04:06,3,197,109,10.28,22,90.29,234.92,3
08-01-2024 04:07,9,514,75,48.28,29.81,233.6,142.71,1
08-01-2024 04:08,10,618,473,84.03,61.21,110.47,219.01,5
08-01-2024 04:09,6,54,275,38.75,47.59,146.7,409.24,3
08-01-2024 04:10,6,575,381,71.76,65,60.06,742.19,4
08-01-2024 04:11,4,329,20,65.9,88.01,216.07,158.3,3
08-01-2024 04:12,8,548,161,22.94,18.95,57.96,472.32,4
08-01-2024 04:13,5,885,209,75.87,29.37,255.38,189.82,2
08-01-2024 04:14,7,485,372,19.56,63.02,164.15,548.56,1
08-01-2024 04:15,9,865,94,71.87,82.24,166.71,382.73,4
08-01-2024 04:16,5,265,82,94.23,74.82,280.39,592.16,4
08-01-2024 04:17,5,736,352,91.43,49.92,233.03,687.76,4
08-01-2024 04:18,4,877,104,78.02,70.91,224.23,281.1,3
08-01-2024 04:19,6,564,237,55.43,30.61,258.12,751.79,4
08-01-2024 04:20,2,936,260,67.36,16.03,32.09,385.37,2
08-01-2024 04:21,3,186,160,71.89,57.75,219.18,750.57,5
08-01-2024 04:22,1,661,403,10.71,75.99,73.8,199.89,5
08-01-2024 04:23,2,644,387,18.7,47.51,87.88,719.73,5
08-01-2024 04:24,2,329,486,60.75,57.69,9.47,280.25,4
08-01-2024 04:25,8,181,348,10.56,46.66,268.65,605.59,2
08-01-2024 04:26,8,442,61,87.26,53.55,223.04,775.18,3
08-01-2024 04:27,2,530,38,51.62,81.33,46.09,731.49,1
08-01-2024 04:28,6,562,118,31.91,50.86,101.74,381.65,3
08-01-2024 04:29,5,677,390,43.47,15.56,146.58,289.02,4
08-01-2024 04:30,3,468,312,82.32,74.99,150.7,497.86,2
08-01-2024 04:31,5,251,168,88.81,61.33,180.72,570.53,1
08-01-2024 04:32,5,701,377,19.88,69.78,144.29,441.39,4
08-01-2024 04:33,5,707,337,76.13,82.58,196.35,681.81,2
08-01-2024 04:34,3,511,362,59.15,36.47,265.74,65.45,3
08-01-2024 04:35,3,827,376,59.77,52.73,122.43,487.72,2
08-01-2024 04:36,4,251,69,76.25,60.19,263.63,429.69,2
08-01-2024 04:37,7,963,83,28.94,40.9,69.79,50.7,3
08-01-2024 04:38,2,201,235,55.14,78.46,40.81,29.91,5
08-01-2024 04:39,10,946,42,37.14,67.32,75.62,492.78,1
08-01-2024 04:40,4,271,99,18.03,70.01,65.94,112.04,3
08-01-2024 04:41,4,128,470,18.93,75.6,295.6,619.45,1
08-01-2024 04:42,1,249,472,21.6,34.36,117.41,760.41,4
08-01-2024 04:43,10,811,458,62.27,70.92,197.18,158.38,4
08-01-2024 04:44,8,148,130,19,73.04,210.34,642.89,5
08-01-2024 04:45,1,961,28,58.46,78.18,136.34,481.31,5
08-01-2024 04:46,8,262,233,60.01,51.64,70.95,369.39,3
08-01-2024 04:47,7,192,229,86.83,52.81,134.24,527.23,3
08-01-2024 04:48,9,751,117,63.24,22.36,144.76,645.82,1
08-01-2024 04:49,8,438,401,93.77,78.91,286.43,777.1,3
08-01-2024 04:50,5,862,326,12.63,55.01,172.74,535.18,5
08-01-2024 04:51,8,423,107,69.85,59.58,291.11,602.61,5
08-01-2024 04:52,10,101,379,12.25,24.11,175.13,493.86,5
08-01-2024 04:53,3,673,325,72,60.14,47.77,460.74,1
08-01-2024 04:54,10,184,295,42.8,18.15,118.39,70.53,3
08-01-2024 04:55,7,460,391,61.96,84.24,238.73,140.96,3
08-01-2024 04:56,4,519,160,36.31,79.77,129.38,315.82,1
08-01-2024 04:57,5,161,4,23.52,29.57,34.42,526.61,1
08-01-2024 04:58,9,574,149,71.5,59.54,33.34,79.12,2
08-01-2024 04:59,7,834,234,86.89,60.2,74.93,444.61,1
08-01-2024 05:00,4,794,254,25.6,75.26,171.61,30.28,3
08-01-2024 05:01,6,93,416,88.26,71.77,249.9,617.55,3
08-01-2024 05:02,10,446,248,21.92,89.49,162.45,540.21,5
08-01-2024 05:03,7,634,338,72.53,41.31,225.09,426.13,5
08-01-2024 05:04,10,310,353,91.55,24.35,195.45,465.49,2
08-01-2024 05:05,9,792,398,22.53,58.01,159.61,747.55,1
08-01-2024 05:06,4,594,70,46.98,72.3,68.37,727.22,4
08-01-2024 05:07,10,437,203,38.68,36.43,265.53,638.35,2
08-01-2024 05:08,3,525,302,43.02,32.72,86.34,282.26,1
08-01-2024 05:09,8,459,148,74.02,75.18,79.58,103.65,3
08-01-2024 05:10,1,629,221,66.2,71.53,81.05,270.72,2
08-01-2024 05:11,9,65,186,92.34,30.25,33.23,606.53,2
08-01-2024 05:12,1,711,355,25.77,80.2,152.1,496.58,1
08-01-2024 05:13,2,853,336,56.18,25.1,101.62,570.35,3
08-01-2024 05:14,8,151,48,48.18,23.19,158.97,102.16,1
08-01-2024 05:15,9,235,263,88.1,41.33,138.67,143.59,3
08-01-2024 05:16,7,980,296,10.9,81.49,158.34,538.17,3
08-01-2024 05:17,3,74,315,94.08,67.16,92.81,310,5
08-01-2024 05:18,7,121,292,50.78,44.6,245.47,307.97,4
08-01-2024 05:19,6,642,172,63.17,26.79,162.59,326.27,5
08-01-2024 05:20,2,622,364,40.6,68.51,66.49,640.83,2
08-01-2024 05:21,3,67,31,82.46,59.94,271.03,565.26,2
08-01-2024 05:22,10,803,170,57.77,89.08,37.29,102.71,1
08-01-2024 05:23,10,619,44,66.34,72.42,221.36,288.6,1
08-01-2024 05:24,5,381,427,65.16,22.66,205.14,545.59,1
08-01-2024 05:25,10,938,43,40.94,69.62,26.49,781.38,5
08-01-2024 05:26,4,618,431,16.46,34.31,270.94,731.56,3
08-01-2024 05:27,2,146,134,78.66,87.14,98.31,213.65,4
08-01-2024 05:28,4,776,349,34.63,16.45,223.56,71.51,2
08-01-2024 05:29,8,880,219,82.16,32.88,86.72,467.15,2
08-01-2024 05:30,5,61,491,61.73,52.42,160.08,336.88,1
08-01-2024 05:31,5,60,450,40.06,20.93,291.84,163.04,5
08-01-2024 05:32,10,958,86,60.51,40.8,185.18,528.28,1
08-01-2024 05:33,3,212,251,64.87,52.29,92.42,145.07,5
08-01-2024 05:34,8,332,265,70.07,48.52,140.22,294.16,3
08-01-2024 05:35,6,778,11,79.9,49.54,204.43,639.76,1
08-01-2024 05:36,2,921,80,23.58,80.93,136.33,553.75,3
08-01-2024 05:37,2,884,109,90.25,52.9,273.67,493.56,2
08-01-2024 05:38,9,290,461,44.92,85.58,260.9,746.04,2
08-01-2024 05:39,7,906,118,83.14,26.08,48.31,117.82,2
08-01-2024 05:40,10,94,252,28.74,36.02,236.56,558.95,3
08-01-2024 05:41,9,642,18,12.47,64.24,283.01,111.52,1
08-01-2024 05:42,6,304,256,58.73,36.23,98.49,126.37,5
08-01-2024 05:43,5,116,245,37.6,41.05,75.27,415.01,5
08-01-2024 05:44,1,967,153,93.68,82.58,7.83,38.81,1
08-01-2024 05:45,6,663,97,18.88,55.39,39.12,410.78,4
08-01-2024 05:46,6,652,458,14.02,40.1,288.47,27.39,5
08-01-2024 05:47,3,91,186,13.83,73.25,120.38,489.88,5
08-01-2024 05:48,3,837,30,28.43,20.3,119.27,263.37,1
08-01-2024 05:49,3,865,115,59.23,57.27,83.67,84.95,1
08-01-2024 05:50,3,835,241,52.97,22.48,53.4,629.06,1
08-01-2024 05:51,7,433,257,39.76,28.26,155.09,324.14,4
08-01-2024 05:52,10,638,447,17.55,19.68,218.34,366.34,3
08-01-2024 05:53,2,283,353,29.87,82.63,167.48,312.09,2
08-01-2024 05:54,10,763,113,25.65,18.62,15.46,85.23,3
08-01-2024 05:55,10,534,335,73.38,53.73,242.02,378.74,3
08-01-2024 05:56,2,782,29,76.3,31.87,279.82,539.04,1
08-01-2024 05:57,3,823,322,76.05,43.77,134.91,724.63,1
08-01-2024 05:58,10,88,459,92.37,52.02,113.11,615.77,1
08-01-2024 05:59,7,60,437,85.16,48.75,72.81,81.84,2
08-01-2024 06:00,3,673,226,52.31,71.11,94.05,149.33,3
08-01-2024 06:01,7,458,244,45.27,83.39,195.11,54.96,2
08-01-2024 06:02,9,157,361,87.84,37.52,232.19,113.12,5
08-01-2024 06:03,10,143,19,61.95,16.84,103,394.81,3
08-01-2024 06:04,4,872,322,35.02,82.05,105.2,191.4,2
08-01-2024 06:05,7,133,112,57.98,88.41,138.07,525.39,2
08-01-2024 06:06,9,107,212,94.33,47.5,55.21,45.25,4
08-01-2024 06:07,8,342,233,82.2,49.18,278.53,688.65,2
08-01-2024 06:08,8,65,436,33.91,25.81,213.11,548.56,2
08-01-2024 06:09,9,526,159,91,50.66,132.91,775.88,4
08-01-2024 06:10,5,887,60,93.42,37.75,41.07,763.21,2
08-01-2024 06:11,5,654,373,29.65,89.58,255.4,560.48,3
08-01-2024 06:12,3,214,324,86.13,28.86,147.7,143.27,1
08-01-2024 06:13,5,486,93,85.07,43.39,240.08,193.22,3
08-01-2024 06:14,8,776,248,13.38,61.24,14.85,236.51,1
08-01-2024 06:15,5,705,158,66.92,40.88,85.73,352.81,4
08-01-2024 06:16,4,835,141,35.95,50.58,188.52,465.28,2
08-01-2024 06:17,8,452,399,67.34,88.01,148.94,552.43,4
08-01-2024 06:18,7,989,404,87.65,53.11,92.05,79,4
08-01-2024 06:19,6,435,418,52.4,83.27,64.33,496.23,4
08-01-2024 06:20,5,187,220,45.23,18.23,94.03,66.17,3
08-01-2024 06:21,5,765,404,88.33,23.99,223.99,665.08,4
08-01-2024 06:22,10,863,306,92.8,85.84,59.19,51.53,2
08-01-2024 06:23,2,771,89,15.29,24.65,180.17,324.24,5
08-01-2024 06:24,4,580,155,88.44,70.24,129.99,347.59,4
08-01-2024 06:25,8,855,414,17.04,48.45,230.1,464.9,1
08-01-2024 06:26,8,342,440,38.67,45.51,64.48,94.45,2
08-01-2024 06:27,1,524,233,74.82,64.44,84.68,747.82,2
08-01-2024 06:28,2,929,468,76.05,69.57,122.61,318.9,5
08-01-2024 06:29,5,511,193,71.69,84.9,54.14,329.03,2
08-01-2024 06:30,9,862,99,13.32,34.27,141.05,209.61,2
08-01-2024 06:31,10,422,439,21.3,67.36,127.73,628.96,4
08-01-2024 06:32,7,211,113,89.58,40.67,297.08,26.05,5
08-01-2024 06:33,10,691,107,16.92,68.82,180.19,102.84,4
08-01-2024 06:34,5,93,24,16.68,25.66,25.49,387.19,5
08-01-2024 06:35,1,914,281,81.03,49.32,140.68,775.27,5
08-01-2024 06:36,6,132,488,64.51,28.77,264.16,47.76,4
08-01-2024 06:37,8,941,437,39.89,40.23,260.7,68.35,2
08-01-2024 06:38,7,685,204,24.09,68.67,288.73,577.62,3
08-01-2024 06:39,2,588,11,85.15,32.5,268.8,593.65,4
08-01-2024 06:40,5,865,350,94.03,66.37,57.01,719.61,5
08-01-2024 06:41,4,911,316,14.25,52.2,6.05,469.77,4
08-01-2024 06:42,9,568,205,57.1,21.9,186.79,334.77,2
08-01-2024 06:43,10,460,431,32.21,44,212.22,371.84,3
08-01-2024 06:44,1,390,409,80.75,80.19,43.71,356.58,2
08-01-2024 06:45,6,760,25,39.42,89.2,54.22,779.36,5
08-01-2024 06:46,3,673,401,70.74,42.67,289.11,316.47,5
08-01-2024 06:47,9,138,140,55.86,19.12,283.43,94.93,5
08-01-2024 06:48,5,689,123,56.03,24.76,51.31,245.91,5
08-01-2024 06:49,6,279,499,82.93,74.11,77.87,768.87,3
08-01-2024 06:50,9,67,436,49.98,64.18,268.17,354.03,3
08-01-2024 06:51,9,850,11,81.88,36.38,133.32,266.54,5
08-01-2024 06:52,8,722,266,40.89,44.35,240.43,262.39,4
08-01-2024 06:53,9,913,81,24.86,75.84,121.82,27.07,1
08-01-2024 06:54,4,939,444,48.72,45.98,222.23,513.83,4
08-01-2024 06:55,6,330,310,52.36,71.68,122.06,584.93,4
08-01-2024 06:56,5,959,109,50.66,37.14,270.26,295.3,5
08-01-2024 06:57,5,471,208,78.71,69.36,101.04,700.78,3
08-01-2024 06:58,4,727,319,58,49.98,159.32,599.45,3
08-01-2024 06:59,2,821,244,85.52,55.9,158.92,488.68,4
08-01-2024 07:00,6,925,276,53.71,59.9,196.42,568.98,4
08-01-2024 07:01,9,751,497,29.1,48.79,95.48,620.17,4
08-01-2024 07:02,1,387,261,21.01,49.96,194.58,431.1,5
08-01-2024 07:03,7,315,297,83.81,34.93,46.61,330.28,2
08-01-2024 07:04,6,852,374,14.77,88.93,268.62,118.06,1
08-01-2024 07:05,3,404,63,20,82.94,47.53,335.86,5
08-01-2024 07:06,1,409,184,15.41,54.55,252.89,449.07,1
08-01-2024 07:07,4,840,32,46.02,17.6,209.48,759.33,2
08-01-2024 07:08,9,266,283,55.27,27.63,105.61,140.82,2
08-01-2024 07:09,2,370,324,11.69,79.05,101.59,610.43,5
08-01-2024 07:10,3,899,361,53.82,84.81,289.98,207.75,3
08-01-2024 07:11,2,768,432,43.47,27.1,62.52,766.46,3
08-01-2024 07:12,2,714,7,75.76,70.09,218.27,483.95,1
08-01-2024 07:13,10,742,174,80.55,61.73,59.19,357.57,3
08-01-2024 07:14,8,261,462,68.22,37.75,272.09,290.52,4
08-01-2024 07:15,3,834,359,50.25,47.71,223.87,177.55,4
08-01-2024 07:16,7,252,472,28.37,65.8,280.15,577.31,2
08-01-2024 07:17,8,766,368,82,22.6,264.34,516.06,5
08-01-2024 07:18,3,965,146,39.04,29.18,167.1,714.32,3
08-01-2024 07:19,2,945,252,40.28,17.5,49.91,485.92,2
08-01-2024 07:20,8,202,166,87.86,82.67,70.33,152.45,4
08-01-2024 07:21,3,731,103,92.93,58.04,64.54,552.61,3
08-01-2024 07:22,7,478,499,86.34,54.26,70.09,705.46,3
08-01-2024 07:23,1,802,488,94.85,67.97,145.54,792.56,5
08-01-2024 07:24,6,336,193,83.86,89.13,261,554.35,3
08-01-2024 07:25,9,806,17,69.87,27.92,11.82,245.84,3
08-01-2024 07:26,3,370,90,34.97,24.98,75.35,461,5
08-01-2024 07:27,7,485,371,91,37.11,181.06,421.69,1
08-01-2024 07:28,6,641,86,84.51,82.8,260.27,419.34,3
08-01-2024 07:29,8,545,103,30.46,45.86,92.76,81.32,5
08-01-2024 07:30,3,653,82,51.58,74.51,117.85,171.75,2
08-01-2024 07:31,3,198,126,15.95,30.22,115.16,428.81,2
08-01-2024 07:32,4,591,38,91.03,52.02,91.64,642.58,4
08-01-2024 07:33,3,684,348,58.69,24.56,211.13,161.79,5
08-01-2024 07:34,9,948,213,30.84,45.97,198.47,148.14,3
08-01-2024 07:35,4,531,319,34.85,34.67,253.77,612.69,2
08-01-2024 07:36,6,375,486,93.36,56.21,275.69,558.63,3
08-01-2024 07:37,8,988,225,62.33,73.53,270.64,398.38,5
08-01-2024 07:38,8,78,222,45.76,85.38,164.35,59.28,2
08-01-2024 07:39,5,308,426,52.49,36.29,59.78,388.69,4
08-01-2024 07:40,5,747,247,18.38,70.73,70.54,671.18,2
08-01-2024 07:41,6,978,136,16.38,81.42,179.12,28.28,4
08-01-2024 07:42,10,124,286,60.38,24.36,275.93,100.03,5
08-01-2024 07:43,7,606,231,53.52,58.94,161.48,651.28,1
08-01-2024 07:44,10,630,320,40.53,60.89,281.04,429.62,5
08-01-2024 07:45,7,547,9,58.12,35.43,82.36,536.57,4
08-01-2024 07:46,4,465,225,16.18,16.69,30.47,601.14,3
08-01-2024 07:47,6,928,313,90.24,34.25,239.91,254.16,2
08-01-2024 07:48,7,771,107,34.97,58.86,264.42,252.34,2
08-01-2024 07:49,5,800,187,16.1,29.73,137.18,225.89,4
08-01-2024 07:50,5,389,221,24.41,36.55,35.22,150.46,2
08-01-2024 07:51,2,357,95,18.12,68.09,17.49,257.7,4
08-01-2024 07:52,7,753,195,25.18,44.87,23.45,763.21,3
08-01-2024 07:53,6,933,242,45.42,19.91,134.54,87.06,1
08-01-2024 07:54,1,664,230,72.73,44.94,74.27,207.7,5
08-01-2024 07:55,4,290,331,33.15,89.98,141.27,268.05,3
08-01-2024 07:56,3,302,5,47.05,34.58,149.1,139.98,3
08-01-2024 07:57,3,985,351,88.94,34.89,140.14,80.37,2
08-01-2024 07:58,7,269,468,35.14,27.74,187.88,146.25,2
08-01-2024 07:59,10,446,4,77.55,35.37,205.42,431.68,1
08-01-2024 08:00,4,385,264,23.41,58.11,121.8,485.47,4
08-01-2024 08:01,8,778,426,25.16,87.35,104.42,187.9,4
08-01-2024 08:02,9,763,253,48.77,60.58,113.68,412.97,3
08-01-2024 08:03,3,78,163,29.9,45.74,25.7,24.86,3
08-01-2024 08:04,5,543,141,86.76,44.22,99.88,489.57,2
08-01-2024 08:05,4,773,497,14.31,16.82,63.97,21.02,4
08-01-2024 08:06,10,551,389,60.77,15.19,90.8,521.37,1
08-01-2024 08:07,6,203,296,61.36,74.79,215.75,396.99,3
08-01-2024 08:08,10,280,19,15.61,51.76,296.62,105.23,2
08-01-2024 08:09,4,151,82,72.27,17.49,277.45,88.96,5
08-01-2024 08:10,8,876,481,49.86,36.45,247.38,25.37,5
08-01-2024 08:11,3,226,381,71.46,41.75,222.47,450.28,5
08-01-2024 08:12,5,742,4,80.29,73.75,283.76,649.11,5
08-01-2024 08:13,1,976,128,37.45,47.58,226.85,688.1,3
08-01-2024 08:14,6,281,187,51.18,74.2,143.93,464.01,4
08-01-2024 08:15,5,61,146,32.16,62.53,182.4,711.99,4
08-01-2024 08:16,8,235,494,27.13,17.49,95.21,692.34,4
08-01-2024 08:17,9,810,152,10.05,87.65,5.98,564.61,1
08-01-2024 08:18,8,981,363,91.91,28.61,109.32,303.2,1
08-01-2024 08:19,8,315,93,47.48,35.67,124.42,665.21,4
08-01-2024 08:20,3,951,31,11.11,75.7,221.26,325.51,3
08-01-2024 08:21,4,184,314,10.76,29.24,258.47,334.55,5
08-01-2024 08:22,4,806,28,34.51,45.08,288.98,548.9,5
08-01-2024 08:23,5,80,137,11.18,79.87,108.78,743.78,4
08-01-2024 08:24,9,908,429,41.83,62.8,287.43,410.02,2
08-01-2024 08:25,9,505,90,15.35,37.66,240.82,158.23,3
08-01-2024 08:26,10,308,49,13.34,63.3,14.1,131.11,2
08-01-2024 08:27,1,153,367,66.9,75.95,180.6,255.75,2
08-01-2024 08:28,8,480,258,87.08,45.29,112.86,376.97,3
08-01-2024 08:29,1,431,6,44.8,57.88,15.03,252.18,3
08-01-2024 08:30,2,518,29,81.13,89.09,161.79,575.3,1
08-01-2024 08:31,7,562,410,12.49,87.34,177.52,443.27,1
08-01-2024 08:32,8,990,156,76.1,53.18,79.41,337.25,5
08-01-2024 08:33,1,999,263,15.34,22.21,282.26,186.46,1
08-01-2024 08:34,3,995,34,81.27,67.55,185.08,492.22,2
08-01-2024 08:35,7,256,440,85,35.15,56.91,545.8,3
08-01-2024 08:36,9,696,237,76.81,65.21,217.77,631.65,5
08-01-2024 08:37,8,496,138,79.76,41.38,152.25,792.86,1
08-01-2024 08:38,8,832,368,57.73,68.91,144.6,200.44,5
08-01-2024 08:39,9,138,489,32.52,42.55,251.19,31.79,4
08-01-2024 08:40,10,244,488,64.67,85.59,45.76,410.35,1
08-01-2024 08:41,3,463,57,47.36,25.25,149.84,740.72,5
08-01-2024 08:42,8,171,175,10.45,20.13,235.33,214.03,3
08-01-2024 08:43,1,511,214,50.53,73.59,199.81,609.58,2
08-01-2024 08:44,8,165,27,65.35,45.1,6.6,269.22,3
08-01-2024 08:45,7,245,295,11.18,49.92,237.3,325.14,4
08-01-2024 08:46,8,85,406,62.82,85.04,283.68,759.23,1
08-01-2024 08:47,1,116,119,65.47,59.24,212.88,379.59,4
08-01-2024 08:48,6,694,147,23.44,64.51,263.39,585.75,2
08-01-2024 08:49,7,330,356,46.64,16.46,111.44,448.89,1
08-01-2024 08:50,5,528,265,91.97,65.29,108.43,615.85,1
08-01-2024 08:51,5,60,403,85.16,44.13,99.66,267.55,2
08-01-2024 08:52,7,779,258,44.92,49.52,221.82,703.98,4
08-01-2024 08:53,3,371,348,39.74,75.6,282.91,448.16,3
08-01-2024 08:54,6,717,189,20.55,54.28,266.19,261.15,2
08-01-2024 08:55,7,289,315,12.99,89.02,49.31,49.79,5
08-01-2024 08:56,1,109,231,35.28,74.76,189.7,30.3,3
08-01-2024 08:57,2,699,470,89.92,69.64,298.81,295.63,1
08-01-2024 08:58,4,611,499,91.48,59.15,92.13,188.25,2
08-01-2024 08:59,8,728,198,79.06,45.93,192.26,61.09,2
08-01-2024 09:00,10,214,239,39.82,18.97,272.45,451.22,5
08-01-2024 09:01,6,880,327,22.21,16.39,270.37,791.26,4
08-01-2024 09:02,1,238,70,60.62,18.51,99.84,349.41,5
08-01-2024 09:03,10,536,417,64.95,86.91,32.71,450.65,5
08-01-2024 09:04,5,141,252,46.09,39.24,195.57,191.45,4
08-01-2024 09:05,7,855,462,68.79,67.55,284.36,179.83,1
08-01-2024 09:06,6,937,193,73.47,59.57,154.86,276.13,2
08-01-2024 09:07,9,338,25,76.56,57.88,140.02,671.34,3
08-01-2024 09:08,8,558,70,52.7,58.44,259.86,769.25,1
08-01-2024 09:09,4,124,156,77.29,37.67,130.26,596.99,1
08-01-2024 09:10,5,606,146,12.17,81.49,205.87,36.03,1
08-01-2024 09:11,7,477,319,67.83,83.94,119.65,361.96,3
08-01-2024 09:12,8,434,219,30.03,63.34,116.26,348.15,2
08-01-2024 09:13,5,102,49,32.99,79.8,60.4,749.46,1
08-01-2024 09:14,9,224,379,17.76,19.5,31.09,601.54,5
08-01-2024 09:15,10,722,380,26.35,22.53,266.12,577.22,3
08-01-2024 09:16,4,628,194,94.32,56.93,58.46,460.53,4
08-01-2024 09:17,4,523,40,45.31,78.49,23.35,523.75,2
08-01-2024 09:18,8,960,85,88.86,38.66,176.78,564.91,5
08-01-2024 09:19,1,410,343,23.85,56.1,166.07,450.99,3
08-01-2024 09:20,8,319,450,27.35,15.75,172.49,678.97,3
08-01-2024 09:21,5,456,336,57.41,89,143.09,48.78,4
08-01-2024 09:22,1,173,4,39.71,72.52,46.87,754.28,3
08-01-2024 09:23,4,743,290,64.73,42.11,11.17,623.4,2
08-01-2024 09:24,2,425,247,45.87,88.73,18.69,432.59,5
08-01-2024 09:25,4,441,5,78.99,21.93,283.23,691.06,3
08-01-2024 09:26,8,231,497,46.68,49.81,161.9,665.82,4
08-01-2024 09:27,5,85,226,58.65,19.41,122.92,347.12,2
08-01-2024 09:28,1,261,150,37.29,40.12,126.2,675.06,3
08-01-2024 09:29,7,945,238,69.84,31.45,197.4,166.9,1
08-01-2024 09:30,1,997,148,65.65,38.74,116.12,385.98,1
08-01-2024 09:31,9,183,103,43.75,86.06,239.96,201.18,4
08-01-2024 09:32,3,914,175,33.46,47.04,81.68,117.03,1
08-01-2024 09:33,3,973,498,62.2,39.36,113.34,717.79,1
08-01-2024 09:34,6,739,461,90.17,63.06,280.82,306.22,2
08-01-2024 09:35,10,727,236,21.27,66.25,81.78,553.82,2
08-01-2024 09:36,6,975,34,77.92,88.78,200.17,312.58,5
08-01-2024 09:37,6,540,172,56.15,55.95,112.55,444.42,5
08-01-2024 09:38,1,898,6,54.67,71.44,144,291.47,5
08-01-2024 09:39,5,890,440,91.74,43.66,18.33,599.33,2
08-01-2024 09:40,6,487,285,61.5,27.83,54.33,633.44,2
08-01-2024 09:41,8,888,225,80.59,47.24,35.06,355.82,2
08-01-2024 09:42,1,95,53,53.73,46.41,254.19,690.5,1
08-01-2024 09:43,5,717,257,31.24,46.55,288.7,297.14,5
08-01-2024 09:44,3,450,495,69.03,67.16,25.05,614.72,1
08-01-2024 09:45,2,537,59,88.47,45.45,27.67,527.05,5
08-01-2024 09:46,8,481,432,81.5,86.56,167.89,375.67,4
08-01-2024 09:47,7,477,246,26.86,88.71,153.69,713.36,1
08-01-2024 09:48,10,797,7,36.94,54.25,196.92,466.36,5
08-01-2024 09:49,7,877,214,53.93,56.88,222.36,675.34,3
08-01-2024 09:50,5,621,416,58.59,45.57,240.18,592,4
08-01-2024 09:51,9,566,78,26.47,41.67,48.98,435.41,1
08-01-2024 09:52,5,511,189,29.55,88.9,16.16,274.61,1
08-01-2024 09:53,2,952,441,74.5,18.05,267.3,761.89,3
08-01-2024 09:54,3,230,307,72.08,45.76,143.51,64.26,2
08-01-2024 09:55,4,194,216,81.33,26.35,291.52,717.7,3
08-01-2024 09:56,5,876,403,89.3,69.47,162.17,414.99,2
08-01-2024 09:57,3,314,283,36.2,29.58,155.46,604.02,1
08-01-2024 09:58,7,784,319,83.07,81.35,188.78,280.62,2
08-01-2024 09:59,5,455,444,66.61,43.09,55.19,319.68,3
08-01-2024 10:00,5,862,61,91.41,83.79,79.94,168.79,5
08-01-2024 10:01,6,897,61,33.13,88.99,272.21,764.39,4
08-01-2024 10:02,7,533,215,32.92,72.84,67.64,53.77,1
08-01-2024 10:03,10,531,382,69.86,61.74,73.73,321.73,4
08-01-2024 10:04,10,286,45,88.91,26.24,155.45,281.07,3
08-01-2024 10:05,8,574,405,80.09,84.98,194.14,654.2,4
08-01-2024 10:06,9,388,172,71.8,73.26,5.27,411.24,5
08-01-2024 10:07,4,317,221,42.92,36.6,139.75,151.9,5
08-01-2024 10:08,5,981,385,71.01,50.14,122.71,417.03,5
08-01-2024 10:09,5,315,95,78.09,20.07,260.36,204.09,3
08-01-2024 10:10,8,577,347,74.03,64.43,252.71,33.35,5
08-01-2024 10:11,9,141,44,67.53,24.39,272.25,444.75,1
08-01-2024 10:12,7,297,228,14.01,63.86,253.4,301.12,5
08-01-2024 10:13,5,68,62,66.08,65.37,237.08,206.33,3
08-01-2024 10:14,3,921,317,50.66,39.35,258.41,154.35,5
08-01-2024 10:15,1,439,219,91.73,86.15,56.57,373.88,4
08-01-2024 10:16,9,437,335,61.61,73.42,105.55,698.3,5
08-01-2024 10:17,5,975,89,61.7,52.26,206.67,611.34,3
08-01-2024 10:18,9,664,112,94.49,83.89,277.32,23.61,4
08-01-2024 10:19,10,144,207,17.95,79.19,201.74,590.3,2
08-01-2024 10:20,4,479,488,33.49,66.92,66.34,76.72,1
08-01-2024 10:21,5,844,467,65.77,26.47,283.68,447.44,5
08-01-2024 10:22,4,990,367,36.8,52.28,229.3,628.44,3
08-01-2024 10:23,2,774,306,39.42,79.83,216.38,373.57,1
08-01-2024 10:24,1,86,203,85.87,60.67,229.94,313.82,4
08-01-2024 10:25,8,442,297,59.25,55.91,199.45,752.79,3
08-01-2024 10:26,4,622,33,18.74,86.64,11.52,42.83,5
08-01-2024 10:27,5,340,489,36.42,16.24,79.82,102.66,5
08-01-2024 10:28,6,923,215,16.46,15.9,287.19,698.86,2
08-01-2024 10:29,8,352,12,57.27,81.96,90.14,711.27,1
08-01-2024 10:30,8,805,2,24.73,17.89,232.63,310.73,5
08-01-2024 10:31,7,966,363,82.85,39.94,130.22,441.35,4
08-01-2024 10:32,4,450,149,59.07,84.3,272.72,148.23,4
08-01-2024 10:33,6,872,142,15.05,66.84,169.51,709.74,4
08-01-2024 10:34,4,393,290,35.57,63.61,191.41,385.87,4
08-01-2024 10:35,7,912,207,62.39,64.27,75.69,459.99,1
08-01-2024 10:36,1,567,341,38.52,38.82,21.97,112.09,2
08-01-2024 10:37,5,426,192,53.62,54.79,228.18,499.56,2
08-01-2024 10:38,10,980,407,87.3,62.25,24.95,562.74,3
08-01-2024 10:39,10,867,341,39.75,37.93,217.93,249.88,1
08-01-2024 10:40,4,214,306,38.55,74.65,168.87,718.99,3
08-01-2024 10:41,7,62,398,79.68,39.13,246.91,179.05,5
08-01-2024 10:42,9,74,469,37.09,20.36,65.7,719.96,3
08-01-2024 10:43,5,785,252,16.63,30.11,164.75,568.61,4
08-01-2024 10:44,4,172,204,25.38,45.63,186.18,668.06,2
08-01-2024 10:45,9,178,362,90.65,83.1,26.92,565.29,2
08-01-2024 10:46,5,866,46,89.33,46.18,222.99,354.17,2
08-01-2024 10:47,9,683,374,29.11,21.74,119.76,278.63,1
08-01-2024 10:48,8,596,495,57.05,29.73,43.03,592.58,4
08-01-2024 10:49,4,644,261,21.68,55.84,119.18,252.57,3
08-01-2024 10:50,7,358,66,67.35,28.32,34,68.25,5
08-01-2024 10:51,5,485,150,25.75,19.8,266.96,212.67,1
08-01-2024 10:52,10,231,70,14.23,68.61,139.74,609.08,5
08-01-2024 10:53,4,637,364,80.12,73.83,45.72,638.71,1
08-01-2024 10:54,5,665,2,37.66,78.8,79.37,235.75,4
08-01-2024 10:55,5,793,29,19.22,78.3,218.77,275.78,1
08-01-2024 10:56,9,864,256,80.88,43.44,236.9,448.48,5
08-01-2024 10:57,9,92,61,74.8,70.09,17.19,224.34,1
08-01-2024 10:58,6,453,100,68.12,58.77,22.66,492.82,4
08-01-2024 10:59,4,978,384,87.46,16.75,275.57,239.99,2
08-01-2024 11:00,2,654,455,51.58,45.12,102.64,114.28,1
08-01-2024 11:01,3,705,144,20.88,18.97,62.03,140.77,5
08-01-2024 11:02,2,815,192,15.21,21.25,41.3,215.43,5
08-01-2024 11:03,5,639,353,37.07,19.2,145.41,150.97,1
08-01-2024 11:04,6,312,353,17.38,87.07,232.46,779.99,4
08-01-2024 11:05,5,119,270,55.52,78.32,158.73,533.53,3
08-01-2024 11:06,2,710,299,11.23,47.93,11.1,159.82,2
08-01-2024 11:07,5,341,460,47.72,33.6,147.75,350.64,4
08-01-2024 11:08,9,263,427,25.17,20.43,96.94,229.92,3
08-01-2024 11:09,4,921,326,41.3,47.34,206.44,553.93,5
08-01-2024 11:10,10,871,311,67.38,60.03,159.44,696.48,1
08-01-2024 11:11,2,196,204,39.83,74.78,289.77,332.64,5
08-01-2024 11:12,3,74,245,39.01,18.87,181.46,354.49,1
08-01-2024 11:13,3,372,31,94.21,46.34,191.58,330.8,2
08-01-2024 11:14,9,158,332,71.1,88.26,158.47,370.4,1
08-01-2024 11:15,4,742,458,53.68,24.05,96.75,47.96,5
08-01-2024 11:16,1,300,424,59.25,45.02,191.03,482.23,3
08-01-2024 11:17,1,531,411,62.72,35.63,103.21,762.59,3
08-01-2024 11:18,7,764,52,12.09,25.05,216.62,632.55,3
08-01-2024 11:19,7,865,384,16.82,77.92,74.87,691.9,1
08-01-2024 11:20,2,731,243,65.18,67.28,113.46,198.73,4
08-01-2024 11:21,9,224,263,40.98,45.87,177.18,493.6,5
08-01-2024 11:22,9,396,174,14.71,42.68,190.41,716.52,5
08-01-2024 11:23,5,219,100,35.29,77.08,202.24,73.51,4
08-01-2024 11:24,3,51,417,21.07,21.81,211.59,704.26,3
08-01-2024 11:25,3,695,475,87.89,26.01,98.9,70.31,3
08-01-2024 11:26,3,688,392,27.25,82.99,268.31,786.79,5
08-01-2024 11:27,6,607,389,22.21,76.29,13.83,85.46,1
08-01-2024 11:28,4,755,61,63.22,73.12,60.59,307.01,1
08-01-2024 11:29,8,411,456,54.36,61.8,25.69,62.63,2
08-01-2024 11:30,5,770,360,58.95,36.93,203.1,64.28,3
08-01-2024 11:31,1,345,188,47.06,85.11,85.73,695.7,5
08-01-2024 11:32,9,619,469,49.71,51.89,63.75,69.61,1
08-01-2024 11:33,1,639,408,76.2,36.05,146.8,638.24,2
08-01-2024 11:34,6,251,7,28.69,42.42,187.62,727.37,4
08-01-2024 11:35,1,338,189,43.7,16.26,187.68,749.34,1
08-01-2024 11:36,3,111,83,91.42,34.14,169.45,693.95,1
08-01-2024 11:37,10,551,351,26.15,29.1,297.64,765.03,5
08-01-2024 11:38,5,829,420,34.97,25.17,258.76,60.4,3
08-01-2024 11:39,10,175,283,26.28,17.41,75.46,797.35,5
08-01-2024 11:40,7,98,124,11.74,32.02,228.82,35.98,4
08-01-2024 11:41,10,649,157,32.94,22.76,172.94,149.88,3
08-01-2024 11:42,8,895,87,13.95,18.39,25.8,83.14,5
08-01-2024 11:43,9,822,148,23.15,25.3,19.63,600.32,1
08-01-2024 11:44,6,228,70,40.83,30.18,240.89,87.88,5
08-01-2024 11:45,9,630,460,11.76,46.2,165.77,248.29,3
08-01-2024 11:46,8,928,370,74,58.78,173.54,517.7,2
08-01-2024 11:47,9,977,76,77.63,39.17,104.2,408.45,2
08-01-2024 11:48,10,542,114,44.97,25.59,279.45,126.26,4
08-01-2024 11:49,4,482,3,93.7,85.52,215.44,426.8,5
08-01-2024 11:50,9,621,234,67.71,53.61,278.69,285.72,1
08-01-2024 11:51,7,351,167,73.22,70.64,34.28,477.03,4
08-01-2024 11:52,5,810,99,26.35,67.08,177.2,440.03,4
08-01-2024 11:53,5,218,124,81.18,36.37,193.07,791.82,4
08-01-2024 11:54,1,318,467,90.33,56.99,42.17,693.54,3
08-01-2024 11:55,2,413,45,30.09,60.16,107.15,22.86,2
08-01-2024 11:56,10,673,382,68.35,41.38,68.37,157.29,3
08-01-2024 11:57,3,149,324,73.49,65.31,295.42,732.25,2
08-01-2024 11:58,8,963,287,35.94,74.3,165.31,440.78,5
08-01-2024 11:59,6,264,106,50.38,42.32,98,612.39,3
08-01-2024 12:00,10,674,294,18.29,16.12,201.03,412.74,1
08-01-2024 12:01,5,146,481,24.71,41.2,199.57,632.9,5
08-01-2024 12:02,1,868,134,15.23,23.76,107.46,123.56,3
08-01-2024 12:03,9,679,8,57.61,26.67,298.21,595.56,1
08-01-2024 12:04,3,597,28,63.15,42.45,243.64,698.29,5
08-01-2024 12:05,3,386,271,87.87,30.57,123.09,227.21,5
08-01-2024 12:06,2,408,223,56.09,85.12,199.72,307.33,1
08-01-2024 12:07,4,339,8,32.15,63.96,214.61,480.65,1
08-01-2024 12:08,2,445,310,15.06,53.88,56.28,697.23,4
08-01-2024 12:09,9,950,134,85.22,15.73,264.06,728.08,3
08-01-2024 12:10,10,865,29,50.7,22.77,248.68,436.85,2
08-01-2024 12:11,7,409,115,72.67,74.14,227.92,533.29,1
08-01-2024 12:12,8,396,494,11.25,44.23,70.69,700.87,2
08-01-2024 12:13,3,173,34,51.49,18.41,45.19,200.41,4
08-01-2024 12:14,6,601,7,37.69,76.92,58.26,663.67,2
08-01-2024 12:15,10,702,40,12.58,37.7,32.44,224.25,1
08-01-2024 12:16,6,587,330,75.93,43.97,282.39,473.18,3
08-01-2024 12:17,1,703,397,53.6,88.08,256.19,749.04,2
08-01-2024 12:18,6,913,62,38.32,16.16,31.78,418.97,5
08-01-2024 12:19,3,956,86,78.49,69.1,205,92.86,2
08-01-2024 12:20,3,471,213,47.99,86.17,77.45,718.73,4
08-01-2024 12:21,3,385,116,10.3,19.79,10.1,476.28,4
08-01-2024 12:22,10,552,65,90.28,79.96,91.26,75.5,1
08-01-2024 12:23,10,106,297,31.73,46.22,134.81,28.21,3
08-01-2024 12:24,8,711,379,80.6,80.85,10.91,223.8,2
08-01-2024 12:25,5,928,170,79.4,38.12,100.5,113.83,1
08-01-2024 12:26,4,961,116,23.8,88.7,211.6,510.18,3
08-01-2024 12:27,9,766,322,50.29,63.53,72.39,485.44,4
08-01-2024 12:28,9,125,116,13.42,62.03,148.04,675.89,2
08-01-2024 12:29,1,515,221,40.14,75.44,266.84,420.42,1
08-01-2024 12:30,2,334,395,72.13,47.74,13.38,217.43,2
08-01-2024 12:31,8,771,357,30.15,34.4,236.76,59.22,2
08-01-2024 12:32,5,435,50,19.96,34.72,118.25,28.19,5
08-01-2024 12:33,7,999,327,53.11,39.8,164.64,742.11,4
08-01-2024 12:34,1,819,419,55.64,61.3,73.11,132.72,3
08-01-2024 12:35,10,308,478,67.45,77.88,175.79,409.37,4
08-01-2024 12:36,5,526,336,74.53,52.47,220.56,639.93,1
08-01-2024 12:37,3,745,79,69.14,45.26,64.45,744.33,4
08-01-2024 12:38,10,889,488,81.86,74.54,106.26,177.32,1
08-01-2024 12:39,2,60,20,28.95,36.73,172.38,200.91,4
08-01-2024 12:40,2,721,412,58.43,66.68,127.95,160.2,1
08-01-2024 12:41,9,309,379,40.61,22.94,91.48,143.97,1
08-01-2024 12:42,4,442,37,91.78,23.49,138.25,374.87,2
08-01-2024 12:43,4,649,259,47.42,63.3,90.79,516.01,5
08-01-2024 12:44,7,418,93,91.58,21.21,94.05,570.88,5
08-01-2024 12:45,10,233,187,75.37,26.63,185.14,275.21,2
08-01-2024 12:46,10,65,357,71.07,61.83,145.73,506.57,5
08-01-2024 12:47,2,805,201,51.78,47.87,204.74,21.85,3
08-01-2024 12:48,3,555,411,47.69,57.1,252.05,712.85,2
08-01-2024 12:49,3,135,288,54.76,88.27,283.17,698.41,5
08-01-2024 12:50,6,760,48,34.96,62.4,49.65,444.39,2
08-01-2024 12:51,3,59,253,86.88,59.31,189.73,209.83,2
08-01-2024 12:52,5,526,46,77.52,43.51,176.81,778.34,2
08-01-2024 12:53,4,213,370,78.12,62.32,260.75,652.3,5
08-01-2024 12:54,3,73,231,46.82,15.97,269.29,33.22,5
08-01-2024 12:55,8,625,95,16.04,56.8,229.35,386.32,3
08-01-2024 12:56,10,361,303,68.06,20.17,180.66,99.62,2
08-01-2024 12:57,3,287,218,41.83,31.51,63.78,123.15,5
08-01-2024 12:58,6,511,40,83.99,57.23,86.61,21.02,3
08-01-2024 12:59,7,511,387,76.33,65.1,182.82,556.42,4
08-01-2024 13:00,7,906,203,22.35,43.86,46.11,216.97,3
08-01-2024 13:01,2,287,116,61.15,46.42,59.27,257.78,5
08-01-2024 13:02,3,71,413,68.84,52.35,273.87,56.69,4
08-01-2024 13:03,10,229,91,58.29,71.93,287.11,26.2,1
08-01-2024 13:04,10,867,58,53.69,16.32,6.54,638.32,5
08-01-2024 13:05,4,608,434,29.37,48.53,259.43,535.9,3
08-01-2024 13:06,7,840,495,30.05,16.07,281.71,318.21,4
08-01-2024 13:07,2,785,10,75.28,38.94,160.09,74.52,2
08-01-2024 13:08,3,779,256,11.59,53.99,137.43,625.13,3
08-01-2024 13:09,7,548,317,76.21,20.99,276.05,742.56,5
08-01-2024 13:10,7,524,249,54.78,51.39,7.22,431.4,3
08-01-2024 13:11,10,798,483,89.58,84.34,252.94,128.38,2
08-01-2024 13:12,3,765,367,94.77,66.4,92.49,528.98,1
08-01-2024 13:13,1,388,377,66.4,73.67,194.14,75.78,3
08-01-2024 13:14,3,580,317,45.04,58.53,100.34,149.11,5
08-01-2024 13:15,5,741,407,50.38,82.23,159.27,387.17,4
08-01-2024 13:16,7,211,6,27.36,26.02,243.45,214.25,1
08-01-2024 13:17,4,846,331,18.43,48.73,58.47,745.57,1
08-01-2024 13:18,1,110,188,59.19,59.78,200.86,650.92,2
08-01-2024 13:19,6,134,235,78.47,80.51,270.01,235.88,1
08-01-2024 13:20,2,596,371,32.25,38.1,270.81,771.76,1
08-01-2024 13:21,3,539,411,45.67,15.08,268.77,315.07,1
08-01-2024 13:22,4,54,183,57.16,88.08,157.95,463.33,5
08-01-2024 13:23,6,125,287,87.17,16.95,231.47,459.93,1
08-01-2024 13:24,6,302,123,21.78,26.43,136.82,526.68,3
08-01-2024 13:25,7,56,158,30.14,46.65,140.75,210.03,1
08-01-2024 13:26,5,730,323,88.08,52.23,88.74,739.2,2
08-01-2024 13:27,7,691,13,13.36,77.58,89.14,227.23,1
08-01-2024 13:28,2,522,315,65.77,48.59,16.16,538.58,3
08-01-2024 13:29,1,187,54,64.36,56.06,161.78,617.29,2
08-01-2024 13:30,10,407,360,42.58,30,96.08,707.58,5
08-01-2024 13:31,8,861,277,49.79,57.69,60.37,376.41,2
08-01-2024 13:32,1,887,43,82.67,41.13,40.91,575.11,3
08-01-2024 13:33,2,652,267,24.02,22.4,107.36,86.6,2
08-01-2024 13:34,10,212,109,29.68,85.98,270.21,626.86,4
08-01-2024 13:35,6,367,323,53.55,21.13,157.34,609.41,3
08-01-2024 13:36,1,507,166,44.83,65.84,169.3,340.27,2
08-01-2024 13:37,10,302,351,58.82,83.11,21.03,264.5,1
08-01-2024 13:38,3,250,408,88.27,28.44,158.35,316.56,2
08-01-2024 13:39,7,581,106,87.95,32.78,201.95,90.64,1
08-01-2024 13:40,8,790,51,29.55,47,49.46,517.49,4
08-01-2024 13:41,4,724,204,35.68,37.09,295.15,732.17,5
08-01-2024 13:42,3,214,445,23.78,71.93,274.96,539.27,3
08-01-2024 13:43,1,281,302,88.86,40.36,297.97,472.81,5
08-01-2024 13:44,9,377,43,43.82,88.94,111.29,792.75,2
08-01-2024 13:45,10,287,283,48.22,79.41,247.58,442.63,4
08-01-2024 13:46,6,169,85,78.22,82.15,101.98,289.75,2
08-01-2024 13:47,6,999,217,53.6,19.77,225.99,569.64,4
08-01-2024 13:48,9,912,158,20.18,28.22,284.61,426.71,5
08-01-2024 13:49,1,944,350,47.22,27.7,50.73,778.23,4
08-01-2024 13:50,6,930,127,63.59,65.4,46.39,720.4,2
08-01-2024 13:51,5,668,191,71.13,15.89,35.8,758.54,4
08-01-2024 13:52,6,299,266,64.85,75.48,240.51,20.8,1
08-01-2024 13:53,8,385,387,20.13,56.03,201.66,280.68,1
08-01-2024 13:54,5,333,461,35.87,57.47,159.08,509.23,4
08-01-2024 13:55,2,247,60,72.35,55.3,233.3,260.49,4
08-01-2024 13:56,2,465,283,84.82,55.15,255.73,532.03,4
08-01-2024 13:57,10,781,466,14.01,29.84,285.11,577.66,4
08-01-2024 13:58,5,444,379,13.59,36.24,64.37,506.16,4
08-01-2024 13:59,3,987,429,64.69,51.57,135.29,377.44,1
08-01-2024 14:00,10,200,62,56.58,65.84,277.29,563.47,3
08-01-2024 14:01,3,847,408,23.2,35.4,141.09,628.69,5
08-01-2024 14:02,8,314,302,56.6,75.46,148.86,562.95,1
08-01-2024 14:03,7,269,126,92.83,75.79,283.02,653.36,4
08-01-2024 14:04,1,265,462,63.63,35.54,221.73,758.86,3
08-01-2024 14:05,5,364,487,48.18,57,167.85,99.96,3
08-01-2024 14:06,9,717,172,80.34,41.17,110.4,727.01,5
08-01-2024 14:07,4,265,63,28.09,29.3,275.03,233.34,2
08-01-2024 14:08,1,384,260,45.22,75.45,7.64,459.74,2
08-01-2024 14:09,8,408,16,54.86,89.36,99.7,755.05,2
08-01-2024 14:10,5,675,179,52.89,57.43,284.09,503.66,2
08-01-2024 14:11,2,210,330,88.28,83.55,151.97,85.65,1
08-01-2024 14:12,1,864,368,34.88,63.16,189.04,409.4,1
08-01-2024 14:13,3,659,101,14.8,57.43,162.12,717.59,4
08-01-2024 14:14,9,560,475,87.89,51.01,122.22,341.43,3
08-01-2024 14:15,1,967,176,28.45,32.68,201.26,681.41,1
08-01-2024 14:16,4,206,193,42.22,21.32,231.11,639.46,1
08-01-2024 14:17,8,211,453,55.13,48.18,112.51,727.02,5
08-01-2024 14:18,8,91,461,92.95,57.1,179.2,225.2,1
08-01-2024 14:19,10,229,301,55.5,53.21,29.41,407.31,2
08-01-2024 14:20,8,352,387,48.06,67.17,166.54,281.46,1
08-01-2024 14:21,10,379,273,59.61,29.41,225.59,436.73,2
08-01-2024 14:22,8,612,467,92.52,41.57,177.65,34.92,1
08-01-2024 14:23,4,813,421,79.53,46.17,264.14,208.51,4
08-01-2024 14:24,8,478,261,24.36,28.99,89.43,779.75,4
08-01-2024 14:25,9,399,175,78.28,82.98,150.07,490.44,5
08-01-2024 14:26,7,169,234,81.49,66.11,30.81,155.19,3
08-01-2024 14:27,2,124,300,68.71,21.89,211.51,416.49,5
08-01-2024 14:28,9,723,216,65.86,68.46,135.65,564.43,1
08-01-2024 14:29,8,710,491,47.47,56.08,161.46,490.9,1
08-01-2024 14:30,5,172,417,64.54,54.3,42.88,411.5,1
08-01-2024 14:31,3,702,247,72.69,89.23,299.22,545.69,1
08-01-2024 14:32,7,231,21,20.44,61.37,232.72,150.22,2
08-01-2024 14:33,2,970,451,31.87,82.25,123.19,361.79,3
08-01-2024 14:34,3,939,324,26.5,83.52,173.14,605.2,4
08-01-2024 14:35,9,838,243,81.5,22.61,187.52,471.98,3
08-01-2024 14:36,4,306,288,67.8,15.63,288.43,726.9,2
08-01-2024 14:37,4,886,280,48.32,47.65,231.67,366.13,1
08-01-2024 14:38,3,806,244,80.21,72.7,108.15,123.1,2
08-01-2024 14:39,5,647,163,70.93,76.81,293.42,58.03,4
08-01-2024 14:40,3,632,146,87.66,74.06,94.03,392.41,3
08-01-2024 14:41,9,318,67,16.53,48.55,175.2,361.31,1
08-01-2024 14:42,3,542,103,53.28,71.25,211.7,220.08,5
08-01-2024 14:43,2,229,310,70.07,68.91,84.98,480.6,4
08-01-2024 14:44,5,840,410,27.64,38.54,287.13,215.14,1
08-01-2024 14:45,6,198,444,37.81,27.65,68.75,188.73,5
08-01-2024 14:46,1,567,125,45.61,61.61,135.32,505.33,4
08-01-2024 14:47,6,197,117,77.52,65.78,58.06,757.05,1
08-01-2024 14:48,10,893,472,51.95,57.6,263.12,178.16,5
08-01-2024 14:49,3,729,251,51.89,30.99,70.37,162.6,1
08-01-2024 14:50,4,58,321,46.63,35.75,15.25,425.09,3
08-01-2024 14:51,6,227,435,29.43,68.14,16.49,113.16,3
08-01-2024 14:52,8,845,370,88.46,87.2,127.06,249.39,5
08-01-2024 14:53,9,444,226,37.01,85.86,159.22,792.79,3
08-01-2024 14:54,6,677,188,58.23,53.97,17.28,676.01,3
08-01-2024 14:55,7,657,187,22.65,81.49,32.4,570.78,4
08-01-2024 14:56,5,380,76,46.91,17.21,33.75,40.3,2
08-01-2024 14:57,9,905,273,86.82,79.59,202.21,226.76,3
08-01-2024 14:58,4,105,469,94.61,50.71,93.45,464.34,5
08-01-2024 14:59,10,256,149,40.75,73.61,170.96,574.02,4
08-01-2024 15:00,6,154,195,23.09,15.42,26.74,541.33,5
08-01-2024 15:01,5,596,364,36.73,80.14,268.17,164.66,3
08-01-2024 15:02,1,770,284,37.82,59.62,94.81,383.7,1
08-01-2024 15:03,5,842,473,64.78,33.02,234.57,174.84,1
08-01-2024 15:04,5,930,44,52.17,41.06,248.88,740.38,3
08-01-2024 15:05,9,404,454,75.32,30.05,296.43,454.78,1
08-01-2024 15:06,1,708,446,69.61,46.83,223.61,324.4,2
08-01-2024 15:07,5,538,170,31.36,39.75,135.63,736.05,5
08-01-2024 15:08,7,848,94,76.66,55.09,50.03,725.09,2
08-01-2024 15:09,6,642,224,82.03,76.11,19.12,413.2,4
08-01-2024 15:10,6,552,278,60.86,88.67,266.45,555.69,3
08-01-2024 15:11,7,99,38,88.85,33.86,136.77,268.7,5
08-01-2024 15:12,6,136,270,76.55,22.99,226.24,259.98,3
08-01-2024 15:13,5,752,482,60.61,44.68,151.42,448.66,3
08-01-2024 15:14,10,352,235,87.02,25.77,264.5,680.38,2
08-01-2024 15:15,5,50,111,61.03,77.57,226.15,485.78,1
08-01-2024 15:16,9,430,378,54.3,52.58,30.21,378.05,1
08-01-2024 15:17,8,699,410,40.28,61.5,226.88,538.03,5
08-01-2024 15:18,10,697,168,85.04,26.3,83.71,653.59,5
08-01-2024 15:19,4,411,54,20.43,71.22,233.05,634.13,5
08-01-2024 15:20,4,430,397,50.25,88.02,284.81,309.07,4
08-01-2024 15:21,10,715,127,55.68,51.18,279.39,749.81,1
08-01-2024 15:22,5,211,478,57.15,87.18,41.88,32.29,4
08-01-2024 15:23,3,68,275,65.41,17.6,21.13,371.62,5
08-01-2024 15:24,8,889,42,52.99,17.68,234.21,727.87,2
08-01-2024 15:25,7,292,41,31.83,87,214.44,562.88,5
08-01-2024 15:26,5,178,50,82.84,67.52,56.97,569.11,2
08-01-2024 15:27,10,225,487,65.89,29.15,206.95,142.05,1
08-01-2024 15:28,3,458,387,82.95,42.29,9.57,474,3
08-01-2024 15:29,5,841,159,33.46,53.08,191.19,774.22,3
08-01-2024 15:30,3,992,332,64.15,67.7,250.53,185.01,5
08-01-2024 15:31,10,133,399,70.7,78.15,194.34,275.2,1
08-01-2024 15:32,5,425,182,42.59,21.2,24.29,323.13,2
08-01-2024 15:33,1,271,181,79.04,64.24,297.34,300.71,3
08-01-2024 15:34,6,374,429,10.21,50.75,110.05,509.1,3
08-01-2024 15:35,10,500,166,60.57,59.82,117.24,202.97,1
08-01-2024 15:36,4,465,232,62.15,53.14,30,414.44,2
08-01-2024 15:37,4,706,206,55.38,48.8,54.3,332.19,3
08-01-2024 15:38,8,494,355,63.55,30.41,85,522.69,1
08-01-2024 15:39,2,667,464,24.21,50.43,240.76,208.71,1
08-01-2024 15:40,4,374,50,68.21,29.22,209.07,451.44,4
08-01-2024 15:41,2,572,408,38.54,18.35,177.18,597.49,1
08-01-2024 15:42,1,215,401,48.42,43.04,259.85,560.5,3
08-01-2024 15:43,10,757,146,38.31,16.87,299.35,670.74,2
08-01-2024 15:44,3,792,298,50.28,57.19,118.51,765.81,1
08-01-2024 15:45,8,708,145,62.83,20.43,120.41,686.1,3
08-01-2024 15:46,6,920,16,81.26,47.82,222.15,751.8,4
08-01-2024 15:47,7,287,85,51.09,88.51,195.08,33.66,2
08-01-2024 15:48,2,962,216,37.47,15.74,8.95,510.57,5
08-01-2024 15:49,6,62,482,51.48,42.51,198.35,228.83,5
08-01-2024 15:50,8,780,52,68.55,65.49,217.28,651.02,1
08-01-2024 15:51,8,306,36,39.47,26.92,295.85,658.85,5
08-01-2024 15:52,4,563,107,45.21,57.06,178.1,57.26,2
08-01-2024 15:53,6,259,219,57.84,34.36,206.9,484.53,2
08-01-2024 15:54,5,533,423,34.99,31.71,237.68,683.69,3
08-01-2024 15:55,9,414,337,27.77,82.12,33.31,478.18,5
08-01-2024 15:56,8,274,409,21.93,30.25,221.72,351.92,5
08-01-2024 15:57,2,243,371,39.97,43.24,166.33,79.89,3
08-01-2024 15:58,7,245,486,14.11,27.72,34.52,589.61,5
08-01-2024 15:59,7,449,298,59.6,36.29,202.61,78.22,5
08-01-2024 16:00,1,821,254,24.95,36.98,74.18,486.37,2
08-01-2024 16:01,1,106,405,42.08,39.51,163.68,735.75,5
08-01-2024 16:02,4,674,68,32.88,63.08,87.88,346.91,5
08-01-2024 16:03,5,262,473,63.58,70.69,35.84,620.73,5
08-01-2024 16:04,4,328,187,82.28,53.3,79.01,643.85,4
08-01-2024 16:05,7,805,124,63.83,60.79,134.45,28.07,5
08-01-2024 16:06,3,429,30,56.11,76,150.77,733.65,4
08-01-2024 16:07,7,166,185,66.87,89.97,48.8,167.25,4
08-01-2024 16:08,8,947,289,12.55,49.24,99.69,240.5,5
08-01-2024 16:09,6,500,359,20.44,85.23,258.52,699.2,3
08-01-2024 16:10,6,648,474,18.07,51.78,273.56,555.54,5
08-01-2024 16:11,8,459,473,18.35,73.65,162.88,310.05,4
08-01-2024 16:12,8,942,53,32.14,57.99,149.66,88.55,5
08-01-2024 16:13,7,416,400,55.22,81.3,176.52,321.26,3
08-01-2024 16:14,6,824,177,19.75,48.65,68.3,773.74,3
08-01-2024 16:15,6,861,472,89.48,67.19,298.1,101.6,1
08-01-2024 16:16,10,978,133,82.61,49.97,224.86,679.98,2
08-01-2024 16:17,6,162,362,92.59,79.28,75.43,273.74,5
08-01-2024 16:18,8,213,487,13.61,89.58,85.28,530.56,1
08-01-2024 16:19,1,53,77,82.37,33.25,196.28,512.6,1
08-01-2024 16:20,5,679,350,78.32,50.58,100.24,273.96,1
08-01-2024 16:21,3,72,60,86.68,21.09,109.82,62.35,3
08-01-2024 16:22,8,970,455,54.88,25.57,235.38,136.08,5
08-01-2024 16:23,6,794,367,76.97,84.69,83.74,461.36,5
08-01-2024 16:24,2,651,465,14.36,55.77,213.05,760.11,5
08-01-2024 16:25,7,816,311,16.45,44.63,280.79,742.1,4
08-01-2024 16:26,7,141,91,20.08,65.36,41.62,108.51,2
08-01-2024 16:27,5,518,419,87.76,57.01,47.56,702.68,4
08-01-2024 16:28,8,204,453,15.2,36.65,283.15,202.37,3
08-01-2024 16:29,5,868,298,18.51,32,65.04,729.7,1
08-01-2024 16:30,1,676,325,89.08,59.27,11.17,611.63,1
08-01-2024 16:31,9,256,280,19.13,29.12,261.21,769.79,4
08-01-2024 16:32,4,130,199,83.93,25.44,88.28,364.55,3
08-01-2024 16:33,2,664,455,77.09,38.88,93.01,590.64,2
08-01-2024 16:34,4,532,118,13.42,79.6,71.94,593.51,2
08-01-2024 16:35,9,641,183,11.86,17.76,275.71,407.01,1
08-01-2024 16:36,2,456,398,55.42,77.49,233.45,780.12,1
08-01-2024 16:37,4,152,55,94.76,61.57,181.05,210.06,5
08-01-2024 16:38,2,289,271,84.7,18.03,138.71,789.25,4
08-01-2024 16:39,5,314,5,36.35,60.15,47.34,653.45,1
08-01-2024 16:40,3,82,101,42.84,46.95,278.17,500.56,3
08-01-2024 16:41,10,84,388,42.97,78.08,226.15,78.96,2
08-01-2024 16:42,2,298,286,72.41,83.04,87.27,222.3,2
08-01-2024 16:43,9,99,468,39,36.49,284.51,676.2,3
08-01-2024 16:44,5,329,53,22.56,73.81,280.88,587.96,2
08-01-2024 16:45,10,803,218,73.5,38.24,199.56,770.9,4
08-01-2024 16:46,5,201,329,48.93,37.17,295.58,329.49,3
08-01-2024 16:47,1,708,286,16.53,29.45,60.24,717.67,5
08-01-2024 16:48,6,600,492,77.15,65.89,220.76,692.22,2
08-01-2024 16:49,7,750,240,59.75,34.63,49.89,773.58,4
08-01-2024 16:50,1,586,214,51.6,49.86,209.05,232.51,1
08-01-2024 16:51,9,805,104,67.23,75.91,276.36,405.74,3
08-01-2024 16:52,8,784,361,52.96,74.39,163.15,83.15,1
08-01-2024 16:53,8,279,364,65.12,79.16,230.1,480.92,5
08-01-2024 16:54,7,714,222,83.74,27.08,47.22,591.21,1
08-01-2024 16:55,5,972,340,62.15,59.02,191.79,205.65,2
08-01-2024 16:56,3,337,348,66.07,83.61,23.64,152.33,2
08-01-2024 16:57,9,444,189,62.18,18.15,15.88,518.83,2
08-01-2024 16:58,7,502,327,55.15,74.59,192.05,326.64,2
08-01-2024 16:59,10,669,324,24.62,33.47,173.98,352.72,3
08-01-2024 17:00,10,82,476,38.53,65.22,102.13,387.47,4
08-01-2024 17:01,8,964,311,68.91,68.81,156.31,418.95,2
08-01-2024 17:02,6,412,99,46.17,84.42,206.88,172.51,5
08-01-2024 17:03,5,160,97,44.52,53.16,195.19,470.64,5
08-01-2024 17:04,8,170,327,74.54,78.62,26.72,73.9,2
08-01-2024 17:05,3,65,73,10.47,18.4,205.05,108.54,4
08-01-2024 17:06,7,788,482,67.71,46.54,199.56,574.99,5
08-01-2024 17:07,2,572,256,51.58,47.96,202.54,590.52,3
08-01-2024 17:08,3,764,231,42.02,55.37,254.97,227.73,4
08-01-2024 17:09,2,763,170,38.95,51.1,175.13,164.06,4
08-01-2024 17:10,5,147,482,24.69,87.6,281.68,62.11,4
08-01-2024 17:11,7,165,333,38.41,20.89,294.1,346.73,5
08-01-2024 17:12,10,520,157,43.27,34.88,226.79,417.06,3
08-01-2024 17:13,10,488,419,47.18,87.65,110.81,721.58,2
08-01-2024 17:14,1,330,429,67.15,48.4,47.21,21.92,5
08-01-2024 17:15,10,398,458,48.55,57.84,246.94,336.57,4
08-01-2024 17:16,9,281,222,77.68,21.08,48.26,347.04,4
08-01-2024 17:17,1,160,364,64.38,36.3,48.12,711.51,4
08-01-2024 17:18,1,401,346,26.12,17.97,276.12,172.91,4
08-01-2024 17:19,10,979,99,33.56,25.31,170.16,71.63,5
08-01-2024 17:20,8,61,220,16.74,62.5,91.53,317.66,1
08-01-2024 17:21,6,537,413,90.39,72.27,289.08,497.61,1
08-01-2024 17:22,6,582,244,85.36,80.26,213.66,689.35,5
08-01-2024 17:23,9,688,454,17.21,33.86,162.78,229.84,1
08-01-2024 17:24,4,334,259,58.8,39.96,102.2,216.02,5
08-01-2024 17:25,8,996,477,91.63,57.7,204.6,274.26,5
08-01-2024 17:26,4,682,441,73.51,21.28,220.61,112.22,5
08-01-2024 17:27,2,685,194,51.8,75.5,215.07,782.23,4
08-01-2024 17:28,8,968,375,30.49,51.25,62.62,441.68,2
08-01-2024 17:29,7,594,150,33.72,87.41,210.69,232.33,1
08-01-2024 17:30,4,441,494,72.58,23.8,176.53,302.15,5
08-01-2024 17:31,9,219,367,76.35,25,255.77,695.45,3
08-01-2024 17:32,9,126,498,54.94,41.14,189.31,545.51,4
08-01-2024 17:33,8,346,155,20.28,30.51,48.15,451.5,3
08-01-2024 17:34,1,379,499,89.38,67.24,98.97,585.35,1
08-01-2024 17:35,7,112,22,81.8,86.01,224.43,609.54,1
08-01-2024 17:36,5,319,458,21.95,21.74,223.29,171.48,3
08-01-2024 17:37,7,265,116,14.82,33.17,70.7,143.77,5
08-01-2024 17:38,9,239,113,55.55,32.84,109.61,774.02,3
08-01-2024 17:39,2,124,433,34.15,53.18,9.52,164.87,5
08-01-2024 17:40,4,735,211,34.08,48.9,102.85,382.51,4
08-01-2024 17:41,4,559,24,17.41,69.51,12.77,786.57,5
08-01-2024 17:42,2,628,283,91.04,69.95,262.5,345.43,3
08-01-2024 17:43,3,142,292,80.56,57.96,201.66,421.58,2
08-01-2024 17:44,8,102,363,19.68,59.33,290.9,642.72,4
08-01-2024 17:45,9,545,401,84.51,78.17,268.12,285.51,4
08-01-2024 17:46,6,997,56,68.05,44.77,183.03,356.21,3
08-01-2024 17:47,10,143,266,37.66,15.93,153.36,279.1,2
08-01-2024 17:48,2,674,54,84.06,30.98,265.7,244.17,2
08-01-2024 17:49,2,278,337,60.83,17.65,93.03,388.02,1
08-01-2024 17:50,7,299,108,82.14,44.51,70.94,601.79,2
08-01-2024 17:51,8,440,202,49.89,41.84,125.96,696.48,1
08-01-2024 17:52,8,770,202,52.56,22.4,20.69,386.69,5
08-01-2024 17:53,6,231,422,34.74,71.63,94.08,270.38,5
08-01-2024 17:54,10,316,337,42.95,56.48,29.69,731.04,5
08-01-2024 17:55,8,330,383,58.26,31.93,20.53,282.02,1
08-01-2024 17:56,1,716,474,90.5,71.93,167.65,624.5,2
08-01-2024 17:57,9,132,218,61.01,65.09,213.91,603.92,3
08-01-2024 17:58,1,235,243,22.53,29.37,163.32,58.83,4
08-01-2024 17:59,3,910,354,10.59,88.72,25.82,158.56,2
08-01-2024 18:00,9,700,388,82.33,28.31,121.52,466.82,1
08-01-2024 18:01,5,616,178,40.97,72.88,37.73,696.75,3
08-01-2024 18:02,9,580,475,36.77,87.62,196.77,483.31,1
08-01-2024 18:03,9,397,61,78.06,69.41,248.79,599.31,1
08-01-2024 18:04,6,472,405,90.36,64.93,39.43,592.84,4
08-01-2024 18:05,1,907,36,73.58,82.75,24.72,405.61,3
08-01-2024 18:06,10,503,358,24.78,35.18,124.76,457.43,5
08-01-2024 18:07,7,316,46,43.27,35.79,94.52,75.6,2
08-01-2024 18:08,6,556,95,74.55,63.09,81.9,743.63,5
08-01-2024 18:09,9,191,327,87.09,81.16,67.36,545.99,1
08-01-2024 18:10,7,365,44,94.88,61.3,98.49,140.51,4
08-01-2024 18:11,4,725,320,53.48,88.28,289.79,210.32,3
08-01-2024 18:12,7,813,226,79.91,31.72,258.01,23.63,4
08-01-2024 18:13,2,281,146,13.96,76.94,182.4,225.93,4
08-01-2024 18:14,6,346,472,34.3,84.54,241.14,266.96,3
08-01-2024 18:15,6,947,269,41.58,47.03,9.35,552.85,3
08-01-2024 18:16,2,924,13,92.92,87.15,37.88,391.79,3
08-01-2024 18:17,4,621,25,10.29,30.16,91.28,677.37,4
08-01-2024 18:18,8,965,261,36.18,86.46,194.95,87.69,1
08-01-2024 18:19,8,71,128,89.09,82.71,265.61,571.48,4
08-01-2024 18:20,8,433,39,36.07,19.96,73.19,702.42,1
08-01-2024 18:21,8,175,157,29.13,54.1,46.06,348.64,2
08-01-2024 18:22,1,152,364,72.06,54.66,255.14,245.21,1
08-01-2024 18:23,2,949,185,73.35,19.27,125.7,367.54,2
08-01-2024 18:24,4,782,174,50.14,17.96,211.35,635.3,5
08-01-2024 18:25,9,159,417,90.49,15.38,166.67,736.85,2
08-01-2024 18:26,3,619,472,27.23,54.34,56.89,71.16,4
08-01-2024 18:27,6,521,394,87.64,49.79,211.67,432.24,5
08-01-2024 18:28,7,114,186,74.22,85.53,129.13,518.97,4
08-01-2024 18:29,8,521,281,41.3,40.67,89.89,33.63,4
08-01-2024 18:30,7,619,489,78.59,64.37,271.3,161.37,2
08-01-2024 18:31,3,719,74,21.32,15.57,6.77,68.8,3
08-01-2024 18:32,6,125,295,21.13,64.77,124.44,246.49,4
08-01-2024 18:33,5,68,16,89.04,83.51,93.65,180.22,5
08-01-2024 18:34,10,433,188,18.06,41.61,21.07,399.7,4
08-01-2024 18:35,4,239,412,10.35,38.55,28.72,531.17,3
08-01-2024 18:36,1,811,460,43.07,61.95,55.82,676.93,3
08-01-2024 18:37,7,409,172,18.83,39.64,153.97,257.36,4
08-01-2024 18:38,8,924,186,83.36,45.18,88.38,59.32,3
08-01-2024 18:39,2,935,32,88.43,35.48,252.17,23,2
08-01-2024 18:40,7,501,63,51.01,40.87,75.79,678.75,1
08-01-2024 18:41,6,128,499,46.17,65.96,217.47,704.95,3
08-01-2024 18:42,5,645,349,55.82,84.18,67.06,98.77,4
08-01-2024 18:43,4,221,301,29.23,58.73,17.55,27.94,3
08-01-2024 18:44,2,261,309,35.33,15.75,83.06,644.21,4
08-01-2024 18:45,10,935,189,18.58,34.79,252.08,519.77,5
08-01-2024 18:46,6,494,306,47.95,86.42,29.26,453.79,4
08-01-2024 18:47,5,198,411,61.99,83.27,106.63,435.9,5
08-01-2024 18:48,2,59,26,89.07,23.67,7.36,623.53,1
08-01-2024 18:49,10,591,387,72.82,83.13,190.92,248.79,2
08-01-2024 18:50,7,841,346,71.46,87.34,283.11,323.51,1
08-01-2024 18:51,6,993,39,36.18,39.34,118.39,80.72,4
08-01-2024 18:52,9,104,193,85.5,67.58,175.19,461.58,1
08-01-2024 18:53,10,921,163,90.49,57,138.42,769.43,5
08-01-2024 18:54,5,688,53,89.24,40.28,292.13,241.4,1
08-01-2024 18:55,9,229,475,13.3,26.5,222.12,744.81,2
08-01-2024 18:56,9,793,174,61.37,42.52,18.05,588.78,3
08-01-2024 18:57,1,430,196,64.67,84.58,37.07,202.43,5
08-01-2024 18:58,5,471,211,35.08,75.84,143.79,537.03,1
08-01-2024 18:59,9,500,278,94.36,39.8,191.37,305.66,1
08-01-2024 19:00,7,142,188,34.75,56.08,90.67,115.4,1
08-01-2024 19:01,6,569,390,28.41,45.45,204.02,92.32,5
08-01-2024 19:02,6,462,308,51.15,49.97,175.07,33.44,1
08-01-2024 19:03,7,808,457,37.47,72.09,133.35,642.29,3
08-01-2024 19:04,1,443,331,88.54,55.73,176.78,710.18,4
08-01-2024 19:05,4,380,214,47.41,28.58,275.36,396.38,1
08-01-2024 19:06,1,757,495,44.86,35.18,76.75,425.54,3
08-01-2024 19:07,6,482,329,63.2,57.58,238.41,559.44,5
08-01-2024 19:08,4,212,29,16.89,66.96,8.53,566.71,4
08-01-2024 19:09,1,995,171,74.32,53.11,30.02,272.82,5
08-01-2024 19:10,9,89,122,75.31,61.52,285.16,144.16,4
08-01-2024 19:11,4,815,458,50.29,74.2,210.83,355.73,3
08-01-2024 19:12,6,957,418,91.23,55.9,191.83,563.67,3
08-01-2024 19:13,7,134,159,59.24,88.29,103.55,647.28,4
08-01-2024 19:14,8,833,86,69.1,32.67,59.38,89.55,3
08-01-2024 19:15,9,639,302,88.57,83.98,117.08,478.89,2
08-01-2024 19:16,9,774,4,66.64,33.57,181.53,62.2,4
08-01-2024 19:17,8,865,2,46.71,54.87,192.14,663.33,1
08-01-2024 19:18,10,816,133,12.11,49.19,55.02,540.11,1
08-01-2024 19:19,3,140,302,71.91,42.97,136.42,563.37,1
08-01-2024 19:20,2,533,79,92.01,87.21,172.19,614.14,1
08-01-2024 19:21,5,434,147,49.97,35.42,288.19,406.6,1
08-01-2024 19:22,1,242,166,38.88,65.62,167.08,253.14,2
08-01-2024 19:23,3,302,315,54.14,75.31,176.28,632.82,1
08-01-2024 19:24,1,839,463,71.92,29.78,230.73,626.35,3
08-01-2024 19:25,3,704,238,10.06,87.99,128.58,125.26,5
08-01-2024 19:26,4,293,328,85.41,56,118.24,724.15,3
08-01-2024 19:27,7,773,276,85.34,83.59,179.32,192.55,3
08-01-2024 19:28,5,756,204,56.01,64.79,236.08,259.04,2
08-01-2024 19:29,5,319,452,20.4,63.71,193.09,188.41,2
08-01-2024 19:30,1,890,53,67.1,40.92,59.91,773.17,3
08-01-2024 19:31,8,68,486,21.72,72.79,122.32,253.58,3
08-01-2024 19:32,4,89,107,53.14,17.23,156.22,777.69,1
08-01-2024 19:33,10,659,55,17.96,56.69,159.5,517.59,5
08-01-2024 19:34,5,565,246,60.07,17.41,105.18,157.72,2
08-01-2024 19:35,2,82,423,37.04,38.02,159.11,452,5
08-01-2024 19:36,1,860,377,80.63,22.22,203.53,708.17,5
08-01-2024 19:37,9,726,164,78,83.37,143.05,458.11,2
08-01-2024 19:38,2,499,442,94.87,62.12,138.15,123.42,5
08-01-2024 19:39,6,588,15,31.89,65.14,241.47,243.81,1
08-01-2024 19:40,1,734,1,15.25,78.83,228.27,195.35,2
08-01-2024 19:41,1,898,351,47.66,69.98,129.61,118.17,3
08-01-2024 19:42,9,674,137,17.09,24.31,298.82,275.28,4
08-01-2024 19:43,4,995,151,25.17,61.32,24.61,535.63,1
08-01-2024 19:44,9,934,180,60.77,88.36,101.17,318.36,2
08-01-2024 19:45,5,941,410,60.33,31.06,15.86,366.17,5
08-01-2024 19:46,7,656,232,13.68,61.48,252.64,270.11,3
08-01-2024 19:47,1,368,492,47.65,57.27,227.91,795.69,4
08-01-2024 19:48,6,794,487,55.07,44.37,206.68,477.23,2
08-01-2024 19:49,8,695,188,32.78,86.6,68.27,670.43,1
08-01-2024 19:50,1,173,18,84.12,41.73,213.78,364.24,1
08-01-2024 19:51,9,421,225,23.69,22.03,109.82,151.54,3
08-01-2024 19:52,3,400,105,31.58,87.19,261.23,680.51,1
08-01-2024 19:53,1,372,487,23.34,69.69,63.85,615.48,2
08-01-2024 19:54,1,537,206,19.91,40.68,69.26,277.25,3
08-01-2024 19:55,6,500,186,84.71,36.04,288.37,493.01,4
08-01-2024 19:56,6,402,65,33.62,84.6,157.52,92.91,2
08-01-2024 19:57,1,165,333,71.41,35.52,136.68,40.53,1
08-01-2024 19:58,3,62,372,46.38,55.29,108.77,656.29,4
08-01-2024 19:59,7,966,207,64.05,31.12,250.21,754.7,4
08-01-2024 20:00,10,369,229,88.89,89.64,109.05,288.37,3
08-01-2024 20:01,3,214,69,81.79,72.71,110.07,486.11,1
08-01-2024 20:02,3,769,142,15.86,57.57,41.38,579.49,5
08-01-2024 20:03,3,134,206,81.84,70.94,158.61,601.91,4
08-01-2024 20:04,7,297,174,48.4,83.73,277.51,395.24,4
08-01-2024 20:05,4,481,197,39.76,87.23,287.47,498.36,2
08-01-2024 20:06,4,617,331,67.15,73.95,298.68,532.5,3
08-01-2024 20:07,3,733,416,90.77,78.68,144.56,100.54,5
08-01-2024 20:08,10,702,307,18,44.83,233.61,523.19,1
08-01-2024 20:09,9,693,197,75.29,44.39,168,418.47,1
08-01-2024 20:10,2,528,228,27.3,75.62,166.65,315.23,2
08-01-2024 20:11,4,762,271,42.31,71.97,242.84,224.15,5
08-01-2024 20:12,8,417,437,84.27,82.57,251.43,517.58,1
08-01-2024 20:13,6,850,199,56.39,24.98,10.84,150.07,4
08-01-2024 20:14,7,982,325,15.73,66.81,283.12,652.45,4
08-01-2024 20:15,7,870,478,53.18,63.57,247.78,154,2
08-01-2024 20:16,2,406,15,77.12,74.89,217.73,621.86,1
08-01-2024 20:17,4,457,286,54.95,16.84,256.35,657.59,2
08-01-2024 20:18,10,394,334,24.19,76.97,163.49,752.93,2
08-01-2024 20:19,10,228,408,47.83,39.48,233.11,381.37,3
08-01-2024 20:20,6,474,216,88.57,66.53,181.6,69.68,1
08-01-2024 20:21,3,590,35,65.95,61.24,165.16,548.59,1
08-01-2024 20:22,9,492,69,72.04,48.01,67.42,240.45,2
08-01-2024 20:23,4,985,396,76.8,70.95,254.99,92.33,2
08-01-2024 20:24,10,868,212,17.71,87.09,265.74,687.5,4
08-01-2024 20:25,2,355,46,59.43,39.26,291.5,129,3
08-01-2024 20:26,6,416,382,41.95,71.13,40.53,414.97,2
08-01-2024 20:27,1,85,453,21.83,38.59,91.01,635.04,1
08-01-2024 20:28,6,512,248,27.23,78.42,207.19,175.29,3
08-01-2024 20:29,10,670,420,76.4,47.8,257.29,719.38,1
08-01-2024 20:30,1,877,85,23.73,48.69,226.63,278.64,3
08-01-2024 20:31,8,195,48,36.56,72.89,139.4,329.21,4
08-01-2024 20:32,5,837,231,34.21,52.21,219.16,122.56,5
08-01-2024 20:33,6,950,67,14.13,35,26.28,522.68,5
08-01-2024 20:34,2,195,477,49.28,89.67,200.45,406.35,2
08-01-2024 20:35,2,429,438,75.1,61.52,7.36,779.85,5
08-01-2024 20:36,9,217,89,11.88,63.39,19.03,564.7,1
08-01-2024 20:37,3,818,219,19.57,63.49,228.4,612.01,1
08-01-2024 20:38,6,324,420,71.22,81.25,145.9,175.29,3
08-01-2024 20:39,10,136,52,60.45,28.79,22.57,575.96,4
08-01-2024 20:40,5,203,22,70.8,19.44,147.15,454.77,2
08-01-2024 20:41,4,546,422,29.56,44,23.51,334.99,2
08-01-2024 20:42,10,846,99,78.32,57.37,107.08,630.47,1
08-01-2024 20:43,2,364,446,50.79,36.43,51.42,783.27,1
08-01-2024 20:44,8,880,449,61.88,66.69,69.71,93.93,5
08-01-2024 20:45,10,659,131,17.83,20.54,62.7,635.33,2
08-01-2024 20:46,7,772,88,27.43,74.3,114.67,737.19,3
08-01-2024 20:47,2,609,136,75.74,68.86,36.83,265.85,4
08-01-2024 20:48,6,879,496,29.03,31.05,160.68,303.16,2
08-01-2024 20:49,8,323,374,17.87,37.38,125.09,639.92,3
08-01-2024 20:50,7,755,39,60.76,75.53,252.76,763.84,1
08-01-2024 20:51,1,813,18,56.57,73,248.65,752.36,3
08-01-2024 20:52,5,844,105,61.67,76.03,248.16,63.39,3
08-01-2024 20:53,2,311,387,62.56,39.17,143.54,699.71,2
08-01-2024 20:54,6,536,146,52.52,87.72,90.78,477.43,3
08-01-2024 20:55,7,503,336,51.97,68.65,127.54,348.48,2
08-01-2024 20:56,7,492,224,88.55,19.89,207.77,679.52,5
08-01-2024 20:57,3,311,117,55.38,50.83,161.29,644.34,5
08-01-2024 20:58,7,592,1,62.47,64.84,189.17,417.29,3
08-01-2024 20:59,5,154,117,32.69,27.65,209.65,340.36,3
08-01-2024 21:00,8,399,384,84.04,82.63,275.92,388.53,4
08-01-2024 21:01,8,873,26,12.07,71.56,283.47,268.32,1
08-01-2024 21:02,7,487,436,57.36,21.11,252.94,550.81,5
08-01-2024 21:03,6,218,496,42.63,83.49,24.19,715.79,3
08-01-2024 21:04,2,797,12,61.33,45.33,293.9,215.39,3
08-01-2024 21:05,6,835,294,40.61,48.94,212.57,663.9,3
08-01-2024 21:06,9,392,341,71,73.73,209.55,301.38,3
08-01-2024 21:07,2,279,169,11.73,63.3,11.82,122.83,3
08-01-2024 21:08,1,72,53,44.5,47.81,146.42,51.59,4
08-01-2024 21:09,5,725,269,80.66,34.47,189.82,393.9,1
08-01-2024 21:10,6,330,248,31.27,53.77,87.16,463.28,4
08-01-2024 21:11,3,568,128,14.48,58.44,29.56,24.71,2
08-01-2024 21:12,8,771,76,52.2,62.32,162.07,529.05,4
08-01-2024 21:13,7,302,269,93.01,60.38,136.66,424.45,1
08-01-2024 21:14,2,453,146,15.45,61.3,18,797.98,1
08-01-2024 21:15,7,182,403,15.95,50.68,158.23,101.52,2
08-01-2024 21:16,1,323,403,60.58,57.14,36.78,569.91,2
08-01-2024 21:17,9,667,499,31.26,36.65,130.24,189.29,1
08-01-2024 21:18,7,281,454,44.87,26.88,84.77,180.95,5
08-01-2024 21:19,6,594,48,80.59,60.52,291.29,34.6,1
08-01-2024 21:20,2,128,199,26.9,18.52,15.25,25.1,2
08-01-2024 21:21,3,84,71,71.14,19.89,170.21,165.57,5
08-01-2024 21:22,1,544,412,52.88,33.55,49.82,156.89,2
08-01-2024 21:23,10,159,92,86.92,29.57,99.19,20.34,4
08-01-2024 21:24,5,370,403,92.7,43.06,59.25,579.38,1
08-01-2024 21:25,9,624,464,51.22,42.85,298.57,412.87,4
08-01-2024 21:26,6,377,209,59.7,23.76,14.55,328.99,3
08-01-2024 21:27,5,858,342,73.4,33.49,164.7,100.96,4
08-01-2024 21:28,3,739,339,37.09,15.34,184.37,280.44,3
08-01-2024 21:29,5,433,48,29.27,41.32,232.79,387.06,1
08-01-2024 21:30,8,413,29,92,74.73,189.67,798.48,2
08-01-2024 21:31,2,281,176,46.77,34.96,73.25,418.27,5
08-01-2024 21:32,5,665,19,10.14,63.25,181.42,35.22,5
08-01-2024 21:33,6,463,495,81.21,22.37,292.62,182.04,3
08-01-2024 21:34,10,343,355,60.97,15.92,255.29,296.53,2
08-01-2024 21:35,8,596,47,24.33,52.38,138.78,375.62,3
08-01-2024 21:36,8,755,345,12.56,49.61,145.84,545.94,5
08-01-2024 21:37,5,223,60,34.78,29.36,44.21,480.66,5
08-01-2024 21:38,9,441,176,88.87,36.49,173.13,417.23,1
08-01-2024 21:39,4,151,255,89.35,17.3,87.67,673.56,3
08-01-2024 21:40,9,885,404,36.44,74.83,36.89,173.07,3
08-01-2024 21:41,7,342,229,81.05,37.6,144.89,80.75,5
08-01-2024 21:42,6,134,147,47.56,31.46,18.3,673.8,5
08-01-2024 21:43,4,958,298,65.62,75.35,40.44,380.49,1
08-01-2024 21:44,2,250,333,38.43,17.95,69.62,451.62,2
08-01-2024 21:45,8,734,239,53.86,36.34,297.24,673.16,2
08-01-2024 21:46,6,590,332,34.97,34.71,243.5,757.74,2
08-01-2024 21:47,3,346,433,15.19,34.72,164.82,450.56,4
08-01-2024 21:48,7,105,399,21.85,15.86,73.61,653.56,2
08-01-2024 21:49,10,521,188,34.71,85.1,158.08,444.93,1
08-01-2024 21:50,7,65,324,92.98,79.81,196.45,45.99,3
08-01-2024 21:51,6,701,335,92.08,46.09,6.35,765.57,3
08-01-2024 21:52,2,115,209,80.35,48.41,296.43,657.86,2
08-01-2024 21:53,8,708,411,29.76,54.31,189.9,607.67,4
08-01-2024 21:54,1,719,75,47.54,50.87,296.53,364.62,3
08-01-2024 21:55,1,961,183,47.38,73.44,143.37,755.19,4
08-01-2024 21:56,6,521,87,42.89,51.63,188.93,402.08,2
08-01-2024 21:57,5,958,271,13.81,29.16,141.13,582.21,4
08-01-2024 21:58,9,630,180,55.43,23.77,7.8,98.46,5
08-01-2024 21:59,7,72,415,16.19,83.87,255.72,190.71,5
08-01-2024 22:00,2,751,245,78.16,18.63,137.46,350.88,5
08-01-2024 22:01,7,809,346,68.76,82.32,143.93,473.41,1
08-01-2024 22:02,3,535,7,39.98,66.79,111.19,648.33,1
08-01-2024 22:03,1,464,269,65.01,45.35,132.63,207.88,2
08-01-2024 22:04,8,870,438,29.81,29.04,219.04,624,4
08-01-2024 22:05,3,937,13,32.55,38.29,211.68,714.19,4
08-01-2024 22:06,8,706,404,36.7,54.74,243.47,658.39,5
08-01-2024 22:07,7,945,226,77.75,64.26,292.53,505.48,5
08-01-2024 22:08,2,354,266,27.91,66.86,120.39,651.79,5
08-01-2024 22:09,1,226,242,57.84,48.55,104.99,704.45,4
08-01-2024 22:10,7,244,380,27.04,43.05,150.59,452.98,4
08-01-2024 22:11,1,971,180,34.23,72.62,50.54,651.93,5
08-01-2024 22:12,6,62,421,30.02,84.41,228.62,348.48,4
08-01-2024 22:13,10,925,180,64.83,83.58,176.44,427.53,1
08-01-2024 22:14,10,215,126,54.77,56.37,67.35,61.04,2
08-01-2024 22:15,8,199,499,71.31,20.93,259.89,709.12,5
08-01-2024 22:16,7,390,283,28.7,20.5,187.62,129.49,3
08-01-2024 22:17,4,974,418,10.78,45.21,15.04,235.43,1
08-01-2024 22:18,1,606,356,67.84,69.96,62.97,267.62,5
08-01-2024 22:19,1,223,190,19.76,52.3,267.87,110.4,5
08-01-2024 22:20,4,216,16,30.94,62.05,117.41,738.97,4
08-01-2024 22:21,5,758,315,35.98,78.25,295.38,776.63,1
08-01-2024 22:22,7,767,21,73.48,18.03,161.28,694.85,2
08-01-2024 22:23,4,643,16,63.2,84.29,66.33,290.16,3
08-01-2024 22:24,10,629,465,25.66,39.82,180.2,63.08,5
08-01-2024 22:25,1,146,463,60.82,18.51,35.19,162.66,2
08-01-2024 22:26,10,728,269,70.19,77.66,243.22,622.24,3
08-01-2024 22:27,7,453,33,43.06,85.06,190.21,243.06,2
08-01-2024 22:28,2,126,182,30.91,72.65,289.36,716.23,4
08-01-2024 22:29,2,286,69,67.71,75.34,208.58,671.4,1
08-01-2024 22:30,8,757,411,61.93,80.35,19.5,204.82,5
08-01-2024 22:31,10,340,52,16.62,54.18,145.55,560.89,3
08-01-2024 22:32,10,185,65,66.67,66.03,161.74,364.99,5
08-01-2024 22:33,10,869,300,51.52,36.48,275.45,187.66,3
08-01-2024 22:34,5,857,414,74.04,33.73,132.58,480.29,2
08-01-2024 22:35,10,938,407,26.21,60.67,180.09,673.14,5
08-01-2024 22:36,2,930,335,31.95,70.1,59.86,742.9,1
08-01-2024 22:37,5,416,228,56.18,44.79,77.16,65.81,3
08-01-2024 22:38,8,597,467,50.95,45.02,166.83,346.61,4
08-01-2024 22:39,6,951,222,42.84,86.57,210.61,491.45,2
08-01-2024 22:40,3,297,272,73.41,53.88,133.46,283.63,4
08-01-2024 22:41,8,815,439,58,88.97,132.64,267.78,2
08-01-2024 22:42,9,263,18,70.37,79.71,80.52,622.11,1
08-01-2024 22:43,5,813,218,23.03,62.97,210.95,630.36,4
08-01-2024 22:44,2,119,273,71.96,15.69,6.61,588.56,2
08-01-2024 22:45,2,795,459,49.23,37.19,156.27,720.85,4
08-01-2024 22:46,7,378,308,12.87,46.32,6.05,405.87,2
08-01-2024 22:47,1,65,173,29.93,63.96,180.07,634.49,1
08-01-2024 22:48,10,536,56,12.19,44.66,14.12,28.75,5
08-01-2024 22:49,2,223,349,48.83,77.09,282.32,790.2,2
08-01-2024 22:50,10,748,438,37.7,64.72,146,737,3
08-01-2024 22:51,4,855,9,93.93,41.04,206.79,676.25,5
08-01-2024 22:52,1,786,497,83.82,73.83,256.81,478.46,4
08-01-2024 22:53,4,323,401,80.18,37.73,74.45,444.44,4
08-01-2024 22:54,10,573,283,52.59,19.71,164.32,137.1,4
08-01-2024 22:55,5,871,293,78.6,27.94,259.72,62.09,3
08-01-2024 22:56,9,268,22,32.68,15.21,163.64,219.58,3
08-01-2024 22:57,1,992,72,57.66,77.43,120.87,137.76,3
08-01-2024 22:58,5,562,451,43.4,62.03,113.82,457.44,3
08-01-2024 22:59,2,448,422,24.56,57.79,118.31,279.39,3
08-01-2024 23:00,9,160,355,16.17,64.65,186.55,322.53,3
08-01-2024 23:01,6,513,480,57.45,64.02,18.47,40.59,5
08-01-2024 23:02,2,838,328,18.3,57.41,127.54,447.92,5
08-01-2024 23:03,3,690,172,71.03,78.18,170.37,531.81,4
08-01-2024 23:04,8,142,123,88.32,48.07,236.98,280.84,3
08-01-2024 23:05,1,500,91,23.78,75.36,161.35,122.38,1
08-01-2024 23:06,3,445,224,50.03,74,278.22,568.91,4
08-01-2024 23:07,10,941,292,72.8,29.96,135.91,120.61,4
08-01-2024 23:08,1,973,354,34.38,49.03,196.98,657.15,2
08-01-2024 23:09,8,600,252,88.26,77.62,10.19,445.9,4
08-01-2024 23:10,1,982,409,85.52,77.31,75.34,205.21,4
08-01-2024 23:11,5,528,479,18.82,16.8,245.56,721.01,4
08-01-2024 23:12,4,365,298,12.33,31.73,177.93,130.58,2
08-01-2024 23:13,7,720,367,93,46.79,284.12,488.92,1
08-01-2024 23:14,5,747,256,91.3,18.54,227.1,501.66,3
08-01-2024 23:15,8,402,13,45.89,34.55,137.65,49.1,2
08-01-2024 23:16,1,817,440,14.3,34.37,234.72,495.58,3
08-01-2024 23:17,5,288,335,62.6,31.09,143,561.49,5
08-01-2024 23:18,4,153,118,34.94,44.75,102.4,729.9,4
08-01-2024 23:19,3,956,435,89.62,75.98,18.89,572.97,4
08-01-2024 23:20,5,927,178,77.55,33.31,260.36,397.86,4
08-01-2024 23:21,10,78,461,65.22,58.66,128.59,685.57,4
08-01-2024 23:22,3,138,308,34.18,56.82,207.13,295.95,1
08-01-2024 23:23,8,424,161,69.61,76.34,50.15,687.3,3
08-01-2024 23:24,3,446,95,34.58,44.55,249.54,678.3,2
08-01-2024 23:25,1,612,409,13.2,31.77,248.14,490.85,2
08-01-2024 23:26,9,413,368,53.22,81.86,147.23,288.81,1
08-01-2024 23:27,9,999,314,51.54,77.47,203.28,481.14,1
08-01-2024 23:28,6,196,168,74.86,61.61,158.83,726.6,5
08-01-2024 23:29,10,363,87,83.58,21.99,167.92,516.5,3
08-01-2024 23:30,1,597,422,40.13,16.21,267.2,675.21,4
08-01-2024 23:31,8,845,3,48.21,28.7,290.24,288.81,4
08-01-2024 23:32,2,501,372,49.98,29.75,113.41,248,1
08-01-2024 23:33,9,948,16,37.56,25.22,102.86,219.56,1
08-01-2024 23:34,8,555,130,73.19,34.66,94.62,403.18,2
08-01-2024 23:35,3,535,23,54.38,40.34,232.37,356.94,2
08-01-2024 23:36,5,150,98,87.69,71.58,218.25,686.29,1
08-01-2024 23:37,9,156,158,65.28,68.21,17.92,107.83,5
08-01-2024 23:38,1,906,239,28.01,22.83,31.09,452.16,5
08-01-2024 23:39,9,986,10,24.01,88.28,195.63,334.66,4
08-01-2024 23:40,4,340,321,41.65,71.41,86.11,751.3,5
08-01-2024 23:41,4,398,22,39.49,27.26,32.02,634.94,4
08-01-2024 23:42,4,666,308,44.61,24.34,127.03,358.01,5
08-01-2024 23:43,10,782,367,25.61,21.57,263.86,519.68,5
08-01-2024 23:44,9,637,184,93.15,69.88,113.06,601.56,1
08-01-2024 23:45,6,276,417,22.39,32.72,210.21,75.49,5
08-01-2024 23:46,8,645,217,65.48,20.47,270.67,545.5,4
08-01-2024 23:47,4,637,214,11.11,46.64,54.95,128.8,3
08-01-2024 23:48,3,810,336,44.59,68.15,184.86,167.38,3
08-01-2024 23:49,1,816,158,36.28,37.84,272.76,379.75,2
08-01-2024 23:50,10,99,210,42.47,51.2,62.06,783.97,4
08-01-2024 23:51,7,917,408,52.34,29.45,296.67,762.68,1
08-01-2024 23:52,4,771,133,61.03,47.19,112.7,723.77,1
08-01-2024 23:53,8,207,53,59.6,41.92,69.17,46.78,2
08-01-2024 23:54,3,377,229,63.61,47.54,252.16,685.21,3
08-01-2024 23:55,1,794,183,81.79,49.93,143.03,625.41,4
08-01-2024 23:56,5,932,23,85.37,21.92,202.85,409.05,5
08-01-2024 23:57,2,126,106,72.67,22,149.43,273.83,2
08-01-2024 23:58,3,784,91,16.71,34.55,194.84,609.36,4
08-01-2024 23:59,6,682,119,91.71,23.68,15.43,103.48,5
09-01-2024 00:00,3,503,460,90.53,33.96,108.3,527.35,5
09-01-2024 00:01,3,359,138,70.49,16.84,198.91,544.06,4
09-01-2024 00:02,6,376,482,53.98,41.31,108.48,451.88,1
09-01-2024 00:03,5,557,120,31.3,31.01,233.85,704.67,4
09-01-2024 00:04,10,902,161,74.29,81.91,288.46,277.29,4
09-01-2024 00:05,9,919,208,84.62,79.36,16.04,392.97,1
09-01-2024 00:06,1,156,349,66.54,37.53,257.32,611.76,2
09-01-2024 00:07,3,290,318,63.47,50.66,54.87,579.02,1
09-01-2024 00:08,3,484,338,26.41,86.68,275.61,458.72,5
09-01-2024 00:09,6,77,155,40.41,54.31,284.3,232.27,3
09-01-2024 00:10,8,753,263,71.47,78.63,172.91,249.52,2
09-01-2024 00:11,3,298,356,11.44,76.98,146.31,598.14,4
09-01-2024 00:12,3,413,155,64.51,85.6,228.76,24.48,4
09-01-2024 00:13,6,774,330,75.17,37.93,275.82,529.13,5
09-01-2024 00:14,8,582,394,38.45,18.26,73.57,213.65,5
09-01-2024 00:15,6,521,459,16.47,22.8,117.82,544.94,2
09-01-2024 00:16,10,716,313,79.63,57.85,128.17,165.81,2
09-01-2024 00:17,3,588,286,22.06,54.77,254.52,313.62,2
09-01-2024 00:18,4,638,259,41.52,37.38,45.39,607.98,5
09-01-2024 00:19,1,867,157,70.12,33.65,188.8,609.06,3
09-01-2024 00:20,8,462,14,79.44,68.2,108.53,183.56,1
09-01-2024 00:21,4,984,77,83.3,40.54,266.23,313.5,5
09-01-2024 00:22,6,618,339,55.09,60.3,105.24,411.95,3
09-01-2024 00:23,3,680,409,50.45,68.42,293.49,478.14,5
09-01-2024 00:24,6,214,394,82.11,47.28,9.61,599.1,1
09-01-2024 00:25,9,625,335,57.86,29.51,75.67,38.44,2
09-01-2024 00:26,9,97,220,59.19,79.56,139.91,109.95,3
09-01-2024 00:27,10,711,232,46.89,22.01,80.62,143.02,2
09-01-2024 00:28,3,533,433,41.69,77.21,222.53,168.72,1
09-01-2024 00:29,3,207,294,50.85,77.75,245.29,43.61,5
09-01-2024 00:30,4,717,455,41.01,57.82,210.76,737.97,4
09-01-2024 00:31,7,200,142,39.2,62.21,291.27,146.51,1
09-01-2024 00:32,3,274,251,94.46,41.85,139.53,77.44,1
09-01-2024 00:33,10,309,414,38.58,78.12,294.03,387.95,3
09-01-2024 00:34,8,436,296,31.79,34.78,41.76,754.12,4
09-01-2024 00:35,8,305,140,40.08,56.98,254.55,772.22,3
09-01-2024 00:36,6,110,476,60.22,15.13,16.34,547.59,3
09-01-2024 00:37,4,913,498,87.43,85.49,161.92,159.11,2
09-01-2024 00:38,5,821,142,76.97,86.12,147.92,22.96,1
09-01-2024 00:39,2,882,129,81.59,68.28,257.61,281.33,1
09-01-2024 00:40,6,445,324,83.02,46.74,211.72,117.86,1
09-01-2024 00:41,3,446,305,88.24,28.4,135.11,608.97,4
09-01-2024 00:42,6,211,18,29.98,51.93,269.22,775.9,2
09-01-2024 00:43,5,429,243,48.96,74.36,266.33,85.3,4
09-01-2024 00:44,2,492,164,42.74,60.4,12.3,329.61,5
09-01-2024 00:45,5,398,320,42.46,54.56,261.95,723.93,3
09-01-2024 00:46,5,80,96,65.44,78.71,160.34,588.07,3
09-01-2024 00:47,9,120,28,44.15,38.49,252.49,698.43,4
09-01-2024 00:48,8,446,476,62.39,79.5,58.49,739.92,4
09-01-2024 00:49,7,487,230,42.49,47.96,49.57,341.84,3
09-01-2024 00:50,3,51,416,36.45,15.18,218.05,561.06,2
09-01-2024 00:51,10,978,456,40.01,69.9,86.23,573.28,2
09-01-2024 00:52,4,611,25,78.32,80.84,169.86,512.04,3
09-01-2024 00:53,6,184,175,61.09,51.33,208.2,274.1,5
09-01-2024 00:54,3,195,404,92.79,49.11,185.07,669.09,4
09-01-2024 00:55,9,228,161,80.78,75.41,211.19,619.74,1
09-01-2024 00:56,8,313,30,51.29,81.36,188.01,367.27,5
09-01-2024 00:57,6,360,165,30.6,88.08,116.84,348.35,2
09-01-2024 00:58,4,253,208,67.28,40.92,31.7,28.41,1
09-01-2024 00:59,7,860,437,71.76,59.6,257.33,677.89,1
09-01-2024 01:00,3,748,473,49.45,76.72,254.57,241.51,5
09-01-2024 01:01,10,79,102,29.54,54.89,6.68,387.23,5
09-01-2024 01:02,8,108,373,57.37,49.64,253.06,340.81,4
09-01-2024 01:03,1,58,106,31.58,57.89,49.54,548.95,5
09-01-2024 01:04,3,373,330,89.9,41.77,103.19,324.28,3
09-01-2024 01:05,5,216,69,63.46,29.41,126.94,160.19,2
09-01-2024 01:06,5,386,8,34.81,20,205.49,697.52,4
09-01-2024 01:07,10,956,123,28.34,60.75,32.26,163.17,4
09-01-2024 01:08,2,428,353,70.92,43.44,248.86,42.18,3
09-01-2024 01:09,10,947,101,70.16,81.22,283.11,173.07,1
09-01-2024 01:10,8,840,1,60.76,31.72,286.05,375.01,5
09-01-2024 01:11,5,752,351,62.22,38.3,32.09,350.12,1
09-01-2024 01:12,7,291,7,61.33,87.79,276.22,641.13,2
09-01-2024 01:13,7,839,318,40.61,56.72,172.51,172.05,2
09-01-2024 01:14,5,715,111,89.68,41.01,219.44,624.98,4
09-01-2024 01:15,8,957,343,50.74,79.57,279.53,95.17,5
09-01-2024 01:16,9,209,186,11.73,70.75,199.99,389.46,1
09-01-2024 01:17,4,826,216,39.61,57.99,139.74,694.96,5
09-01-2024 01:18,4,284,462,21.07,81.68,159.91,342.09,4
09-01-2024 01:19,8,502,343,40.89,22.05,206.93,771.36,4
09-01-2024 01:20,1,907,123,61.7,44.59,283.69,512.21,1
09-01-2024 01:21,4,248,201,11.93,75.79,267.49,610.19,5
09-01-2024 01:22,6,526,8,83.97,43.95,175.23,417.69,3
09-01-2024 01:23,4,82,64,61.88,84.51,67.25,355.21,2
09-01-2024 01:24,6,457,136,35.11,26.44,107.29,86.05,2
09-01-2024 01:25,5,138,387,36.45,40.25,111.73,113.56,2
09-01-2024 01:26,9,656,383,49.58,46.93,90.31,465.93,4
09-01-2024 01:27,10,270,186,31.09,66.52,225.29,498.63,3
09-01-2024 01:28,9,118,127,10.37,29.65,251.62,788.11,4
09-01-2024 01:29,4,343,416,12.26,15.74,99.35,689.04,1
09-01-2024 01:30,4,286,372,40.41,88.24,254.61,678.7,5
09-01-2024 01:31,8,956,452,20.56,82.41,221.66,243.55,5
09-01-2024 01:32,10,209,49,11.9,37.52,135.13,341.19,5
09-01-2024 01:33,4,881,166,83.04,51.26,211.11,99.66,5
09-01-2024 01:34,2,889,386,33.3,51.67,231.95,473.6,4
09-01-2024 01:35,2,837,127,52.77,80.19,170.5,74.24,5
09-01-2024 01:36,1,339,393,25.25,59.78,135.72,368.53,1
09-01-2024 01:37,5,928,302,13.97,76.98,35.01,461.64,3
09-01-2024 01:38,6,603,321,73.31,83.4,5.4,197.98,4
09-01-2024 01:39,9,953,177,20.62,57.45,281.49,624.85,1
09-01-2024 01:40,5,627,203,12.19,36.41,83.91,546.38,1
09-01-2024 01:41,6,582,157,59.91,52.4,200.58,135.33,2
09-01-2024 01:42,6,384,346,11.14,78.82,283.29,787.27,3
09-01-2024 01:43,3,631,219,47.08,58.77,246.4,442.8,2
09-01-2024 01:44,4,822,486,34.55,82.18,41.16,40.61,5
09-01-2024 01:45,1,551,285,37.15,82.16,241.56,293.09,1
09-01-2024 01:46,4,295,289,10.33,43,219.29,783.86,2
09-01-2024 01:47,1,372,28,91.97,48.61,102.17,723.8,1
09-01-2024 01:48,5,796,351,53.94,65.84,208.43,137.91,5
09-01-2024 01:49,8,988,83,58.66,23.33,248.64,686.9,5
09-01-2024 01:50,8,833,112,66.62,49.92,90.97,502.36,3
09-01-2024 01:51,5,660,154,77.79,26.2,261.36,36.95,5
09-01-2024 01:52,10,378,370,61.67,78.6,28.25,610.8,3
09-01-2024 01:53,2,596,29,74.79,85.71,160.6,342.01,5
09-01-2024 01:54,6,388,395,48.14,25.62,73.8,328.99,5
09-01-2024 01:55,1,220,489,41.56,65.05,219.76,318.58,3
09-01-2024 01:56,7,159,480,79.97,62.74,56.59,485.32,2
09-01-2024 01:57,4,856,213,83.55,72.01,105.73,577.09,4
09-01-2024 01:58,5,59,102,21.71,67.18,42.58,525.16,2
09-01-2024 01:59,6,251,418,56.13,31.28,244.51,208.57,5
09-01-2024 02:00,1,965,360,68.11,36.84,44.02,571.31,1
09-01-2024 02:01,9,306,214,17.11,27.39,218.33,125.7,4
09-01-2024 02:02,10,311,304,89.02,84.09,213.63,777.65,5
09-01-2024 02:03,4,742,155,54.21,54.14,47,389.42,3
09-01-2024 02:04,8,479,380,64.86,88.21,171.99,91.25,1
09-01-2024 02:05,5,556,200,25.15,48.7,151.58,469.77,4
09-01-2024 02:06,8,115,168,32.48,56.45,180.38,470.05,4
09-01-2024 02:07,1,855,238,20.29,74.2,281.48,50.27,4
09-01-2024 02:08,8,722,159,32.44,74.79,28.76,28.47,1
09-01-2024 02:09,4,628,193,51.85,32.34,247.05,796.96,1
09-01-2024 02:10,2,661,167,80.86,36.62,259.32,324.27,3
09-01-2024 02:11,6,638,226,55.37,22.34,42.25,211.46,1
09-01-2024 02:12,2,84,367,30.78,75.41,198.55,447.23,1
09-01-2024 02:13,5,606,251,13.79,74.54,212.13,26.5,2
09-01-2024 02:14,2,711,280,62.87,21.09,166.86,30.06,3
09-01-2024 02:15,3,540,476,45.71,34.31,153.36,107.97,3
09-01-2024 02:16,6,629,498,93.67,48.74,98.76,645.97,4
09-01-2024 02:17,1,303,452,76.28,55.63,208.28,213.63,5
09-01-2024 02:18,6,66,466,78.71,54.19,89.24,412.7,4
09-01-2024 02:19,3,310,221,11.04,88.73,140.71,194.42,3
09-01-2024 02:20,7,774,23,76.11,72.31,257.92,444.97,3
09-01-2024 02:21,2,874,485,26.54,23.49,31.41,416.87,5
09-01-2024 02:22,6,305,189,59.79,37.01,160.87,332.57,5
09-01-2024 02:23,8,777,411,48.03,40.91,148.39,357.89,5
09-01-2024 02:24,1,912,272,58.59,38.64,116.65,529.63,5
09-01-2024 02:25,9,473,429,21.34,73.95,181.27,676.88,4
09-01-2024 02:26,5,550,27,48.84,42.04,9.61,269.14,1
09-01-2024 02:27,5,335,457,13.14,51.93,150.28,435.07,4
09-01-2024 02:28,5,987,389,13.48,55.01,148.28,686.26,5
09-01-2024 02:29,6,56,443,65.91,35.28,157.25,150.98,4
09-01-2024 02:30,2,546,456,90.89,39.2,67.67,784.05,4
09-01-2024 02:31,6,941,210,76.08,73.5,66.24,605.49,4
09-01-2024 02:32,4,248,35,49.88,80,195.92,305.57,5
09-01-2024 02:33,8,652,198,14.75,17.78,32.35,312.64,5
09-01-2024 02:34,9,708,491,13.83,60.39,95.25,180.17,5
09-01-2024 02:35,9,986,471,23.42,62.51,250.09,228.97,2
09-01-2024 02:36,8,467,174,92.94,70.3,35.61,477.89,1
09-01-2024 02:37,3,711,218,43.89,67.04,143.08,22.92,3
09-01-2024 02:38,10,101,56,81.69,80.81,202.25,38.06,2
09-01-2024 02:39,4,292,383,69.94,20.89,46.79,789.45,2
09-01-2024 02:40,1,268,499,61.46,44.13,97.18,203.71,2
09-01-2024 02:41,9,567,487,90.57,73.66,169.83,667.06,2
09-01-2024 02:42,5,158,152,29.58,78.49,101.53,497.67,4
09-01-2024 02:43,6,400,394,48.67,34.86,37.43,367.86,2
09-01-2024 02:44,3,970,463,83.5,58.9,73.56,591.1,1
09-01-2024 02:45,10,115,38,56.9,28.56,37.28,59.02,5
09-01-2024 02:46,8,59,468,30.95,78.82,295.15,609.74,3
09-01-2024 02:47,7,251,477,27.76,69.78,74.52,688.45,1
09-01-2024 02:48,1,843,198,73.99,31.65,161.51,238.58,2
09-01-2024 02:49,10,950,432,11.09,61.78,131.41,255.26,5
09-01-2024 02:50,5,263,9,87.71,53.2,173.01,100.35,2
09-01-2024 02:51,10,117,499,11.57,34.41,151.94,687.6,3
09-01-2024 02:52,9,808,178,63.63,81.98,219.51,650.17,2
09-01-2024 02:53,6,915,325,61.4,26.09,262.54,351.67,4
09-01-2024 02:54,8,376,176,59.16,50.06,89.16,314.62,4
09-01-2024 02:55,10,99,423,50.32,58.71,59.16,353.47,2
09-01-2024 02:56,1,66,467,82.46,76.77,295.38,347.87,5
09-01-2024 02:57,10,572,261,66.04,26.26,260.49,355.1,3
09-01-2024 02:58,7,870,84,76.46,60.69,112.36,133.68,2
09-01-2024 02:59,3,355,139,19.82,15.49,268.96,30.51,3
09-01-2024 03:00,9,441,242,14.24,76.69,202.81,614.7,2
09-01-2024 03:01,6,173,316,12.42,32.6,134.04,288.12,3
09-01-2024 03:02,5,553,155,22.51,69.07,262.66,402.89,2
09-01-2024 03:03,8,274,221,66.7,60.14,204.21,259.8,4
09-01-2024 03:04,8,805,135,51.99,18.76,248.8,317.68,2
09-01-2024 03:05,3,367,188,73.94,28.74,128.24,78.39,4
09-01-2024 03:06,2,522,178,26.3,35.08,240.62,308.82,5
09-01-2024 03:07,2,893,67,41.19,81.5,113.24,381.23,2
09-01-2024 03:08,5,940,69,85.52,51.06,221.85,669.62,3
09-01-2024 03:09,10,907,439,89.54,83.51,133.48,271.32,5
09-01-2024 03:10,7,590,77,88.35,18.56,124.53,89.06,4
09-01-2024 03:11,8,407,400,79.56,15.49,240.01,612.17,5
09-01-2024 03:12,10,532,374,68.5,86.12,41.89,313,2
09-01-2024 03:13,8,918,12,87.66,69.29,278.82,733.98,1
09-01-2024 03:14,8,927,487,70.71,73.75,155.06,768.05,2
09-01-2024 03:15,10,989,283,91.08,83.69,192.64,700.04,4
09-01-2024 03:16,3,926,246,12.11,88.84,124.55,196.78,5
09-01-2024 03:17,2,478,237,88.34,22.33,195.53,217.97,1
09-01-2024 03:18,4,846,252,57.24,26.87,214.41,639.42,3
09-01-2024 03:19,1,546,417,19.5,29.14,261.2,367.97,5
09-01-2024 03:20,3,521,207,28.27,76.38,257.04,252.29,5
09-01-2024 03:21,9,620,341,82.43,41.67,110.56,249.25,2
09-01-2024 03:22,7,704,108,53.02,59.5,186.68,470.42,3
09-01-2024 03:23,7,887,209,93.54,79.14,235.27,718.12,1
09-01-2024 03:24,1,913,311,19.99,66.24,230.63,502.76,5
09-01-2024 03:25,7,349,308,45.06,19.91,267.82,503.82,2
09-01-2024 03:26,10,787,293,38.21,48.43,250.42,602.62,2
09-01-2024 03:27,7,725,113,53.87,20.06,216.77,613.03,1
09-01-2024 03:28,4,133,376,63.84,50.91,225.91,729.37,3
09-01-2024 03:29,7,426,15,66.24,31.45,243.2,146.45,3
09-01-2024 03:30,8,362,340,10.11,15.1,252.18,788.01,2
09-01-2024 03:31,3,678,83,17.56,75.99,109.04,276.49,3
09-01-2024 03:32,10,369,65,12.98,87.7,235.63,239.62,3
09-01-2024 03:33,2,253,452,83.49,87.31,285.02,417.63,2
09-01-2024 03:34,7,404,3,36.63,37.44,73.72,226.2,5
09-01-2024 03:35,5,343,456,41.2,77.16,19.23,201.67,5
09-01-2024 03:36,5,553,361,48.28,65.91,26.36,774.11,3
09-01-2024 03:37,5,194,236,82.19,75.01,68.93,101.12,2
09-01-2024 03:38,7,588,389,11.2,78.47,276.34,792.16,5
09-01-2024 03:39,9,66,393,20.08,88.52,42.4,505.53,5
09-01-2024 03:40,8,624,129,68.24,26.38,225.54,767.69,2
09-01-2024 03:41,6,828,247,91.93,72.73,260.78,719.97,1
09-01-2024 03:42,7,625,235,64.64,70.06,263.87,525.75,3
09-01-2024 03:43,9,88,30,32.2,36.58,127.94,480.07,3
09-01-2024 03:44,6,179,71,54.19,44.44,151.1,794.25,5
09-01-2024 03:45,1,164,470,92.87,28.26,100.36,421.87,2
09-01-2024 03:46,4,499,148,54.89,83.5,48.47,159.43,4
09-01-2024 03:47,8,999,93,41.75,80.95,67.59,794.5,4
09-01-2024 03:48,7,974,283,42.59,61.05,44.76,272.35,2
09-01-2024 03:49,3,94,217,92.2,53.37,125.22,88.18,2
09-01-2024 03:50,10,265,238,71.11,32.47,55.25,579.18,1
09-01-2024 03:51,3,649,227,68.41,74.22,124,367.92,4
09-01-2024 03:52,3,897,219,29.72,15.62,256.1,322.66,2
09-01-2024 03:53,1,464,319,57.56,49.71,198.08,512.65,2
09-01-2024 03:54,10,738,459,40.32,79.54,200.51,61.22,3
09-01-2024 03:55,1,314,337,30.42,61.39,244.5,564.61,4
09-01-2024 03:56,6,972,31,86.12,62.63,17.15,412.69,2
09-01-2024 03:57,1,489,466,42.57,20.3,239.38,402.39,4
09-01-2024 03:58,5,666,403,34.04,36.5,62.92,722.03,2
09-01-2024 03:59,4,430,114,89.2,65.54,107.05,668.34,4
09-01-2024 04:00,5,895,102,26.77,18.72,95.87,434.64,1
09-01-2024 04:01,7,350,93,73.37,39.82,36.17,471.11,1
09-01-2024 04:02,6,220,207,65.48,41.55,56.24,649.43,1
09-01-2024 04:03,9,669,446,88.24,52.4,287.12,340.8,5
09-01-2024 04:04,6,455,391,80.72,42.18,182.08,543.56,2
09-01-2024 04:05,9,404,229,69.95,49.06,144.82,441.81,3
09-01-2024 04:06,4,210,421,36.74,56.02,228.55,409.71,5
09-01-2024 04:07,1,844,71,52.12,24.63,245.05,788.08,4
09-01-2024 04:08,1,601,342,90.28,28.54,37.53,33.66,2
09-01-2024 04:09,10,75,460,11.97,77.44,223.57,343.41,2
09-01-2024 04:10,7,132,136,77.52,49.48,280.06,745.54,5
09-01-2024 04:11,3,222,441,31.4,41.64,177.7,743.96,2
09-01-2024 04:12,2,734,466,25.73,47.54,186.18,603.22,2
09-01-2024 04:13,6,843,284,29.74,28.11,261.77,481.69,4
09-01-2024 04:14,6,119,338,15.08,32.99,205.45,558.86,3
09-01-2024 04:15,7,884,351,94.32,53.66,298.6,217.28,4
09-01-2024 04:16,5,55,17,83.94,41.92,88.39,400.95,5
09-01-2024 04:17,8,845,215,54.29,50.66,254.42,438.13,2
09-01-2024 04:18,7,244,395,70.78,26.23,185.66,69.7,2
09-01-2024 04:19,2,574,399,57.31,26.74,112.89,695.65,3
09-01-2024 04:20,1,112,414,78.98,43.8,265.5,376.22,3
09-01-2024 04:21,9,62,244,81.81,43.41,298.89,721.14,1
09-01-2024 04:22,5,810,95,29.79,81.25,22.07,324.17,3
09-01-2024 04:23,5,254,121,49.08,17.51,278.03,338.92,4
09-01-2024 04:24,10,946,6,63.96,89.46,64.92,210.49,2
09-01-2024 04:25,4,814,268,93.17,86.74,65.53,522.57,4
09-01-2024 04:26,2,89,87,68.03,55.67,17.32,447.83,4
09-01-2024 04:27,5,214,189,86.3,68.91,277.05,732.12,4
09-01-2024 04:28,2,80,103,81.92,85.14,229.02,354.8,4
09-01-2024 04:29,7,578,104,59.48,33.84,20.77,525.5,4
09-01-2024 04:30,9,698,420,85.96,38.67,191.89,571.9,4
09-01-2024 04:31,9,926,291,42.08,23.32,40.44,269.49,2
09-01-2024 04:32,6,881,67,42.24,57.29,226.66,707.04,4
09-01-2024 04:33,1,874,106,76.38,26.96,125.67,317.06,5
09-01-2024 04:34,6,958,248,21.44,84.82,20.27,517.14,4
09-01-2024 04:35,5,726,348,36,47.37,249.68,500.36,1
09-01-2024 04:36,4,447,207,61.73,83.98,173.86,348.7,4
09-01-2024 04:37,6,508,205,45.71,30.38,233,163.01,1
09-01-2024 04:38,6,842,319,89.96,67.05,203.99,482.15,2
09-01-2024 04:39,6,272,83,91.47,63.57,133.15,312.92,5
09-01-2024 04:40,2,683,424,52.72,44.98,211.11,315.69,2
09-01-2024 04:41,7,127,82,55.82,82.38,9.35,404.48,2
09-01-2024 04:42,4,874,287,71.59,47.61,105.22,548.25,4
09-01-2024 04:43,9,888,37,48.87,29.88,234.47,589.1,1
09-01-2024 04:44,10,649,213,26.16,88.27,230.1,353.12,5
09-01-2024 04:45,2,674,487,73.49,48.11,266.79,113.51,4
09-01-2024 04:46,5,661,133,72.71,30.61,185.26,637.54,1
09-01-2024 04:47,4,987,115,30.82,42.27,282.95,542.14,4
09-01-2024 04:48,9,987,377,80.8,61.01,169.53,644.54,2
09-01-2024 04:49,4,864,465,62.16,53.4,152.63,266.39,1
09-01-2024 04:50,8,933,211,30.09,62.63,63.18,729.11,3
09-01-2024 04:51,8,477,132,65.42,64.64,234.76,224.93,4
09-01-2024 04:52,6,474,374,29.86,24.25,209.16,246.02,2
09-01-2024 04:53,6,436,154,32.54,38.62,140.92,438.37,1
09-01-2024 04:54,8,288,408,82.08,71.15,30.7,797.93,2
09-01-2024 04:55,10,907,423,89.01,63.78,42.08,177.68,4
09-01-2024 04:56,9,672,440,31.84,21.63,38.77,674.03,4
09-01-2024 04:57,5,139,438,88.88,38.64,115.8,21.83,4
09-01-2024 04:58,1,434,294,30.3,84.85,51.9,205.27,5
09-01-2024 04:59,1,188,366,19.97,79.65,258.95,289.99,5
09-01-2024 05:00,2,696,182,14.95,65.3,270.31,525.91,4
09-01-2024 05:01,10,573,147,30.58,20.46,257.75,108.73,5
09-01-2024 05:02,10,293,222,42.75,60.53,184.61,120.39,2
09-01-2024 05:03,5,554,282,88.84,15.91,180.92,134.16,1
09-01-2024 05:04,4,471,127,30.58,64.58,267.82,536.79,5
09-01-2024 05:05,1,231,308,41.06,69.84,124.86,109.42,5
09-01-2024 05:06,4,244,203,72.4,52.29,23.39,330.62,5
09-01-2024 05:07,4,923,118,35.68,15.29,143.77,142.21,5
09-01-2024 05:08,10,683,61,68.17,65,168.34,318.02,3
09-01-2024 05:09,4,102,231,46.73,76.48,167.09,576.95,1
09-01-2024 05:10,1,977,451,26.7,58.94,51.91,236.62,2
09-01-2024 05:11,9,917,150,72.4,68.19,236.11,501.76,5
09-01-2024 05:12,3,734,145,12.3,21.77,220.93,213.83,3
09-01-2024 05:13,4,228,395,34.85,68.65,72.81,595.31,4
09-01-2024 05:14,5,342,111,40.28,61.06,167.61,626.11,4
09-01-2024 05:15,7,424,167,48.95,39.83,238.15,262.11,3
09-01-2024 05:16,6,108,189,67.79,66.4,7.27,38.56,2
09-01-2024 05:17,5,103,495,49.05,63.42,86.17,120.69,3
09-01-2024 05:18,8,963,475,60.52,59.96,144.25,402.95,4
09-01-2024 05:19,1,818,49,60.64,28.72,254.28,318,5
09-01-2024 05:20,7,294,107,41.73,37.22,240.7,289.54,4
09-01-2024 05:21,6,198,93,89.39,89.35,49.54,471.86,1
09-01-2024 05:22,5,845,124,91.25,47.48,141.51,145.97,1
09-01-2024 05:23,7,417,317,59.46,19.46,94.87,376.21,4
09-01-2024 05:24,3,65,140,16.09,82.43,123.42,178.64,4
09-01-2024 05:25,1,225,397,51.75,27.97,164.48,785.23,5
09-01-2024 05:26,9,589,314,25.68,45.26,152.31,57.93,5
09-01-2024 05:27,2,455,11,51.07,35.85,46.76,32.31,1
09-01-2024 05:28,10,516,448,26.02,87.29,40.9,460.06,2
09-01-2024 05:29,3,929,415,69.83,43.36,43.43,68.85,4
09-01-2024 05:30,8,178,395,16.84,68.15,253.18,652.57,5
09-01-2024 05:31,10,272,378,91.03,59.88,10.88,659.28,4
09-01-2024 05:32,9,933,361,26.61,18.22,64.71,357.16,1
09-01-2024 05:33,3,293,171,66.16,43.82,286.99,673.93,5
09-01-2024 05:34,6,475,36,87.94,44.25,24.48,597.6,3
09-01-2024 05:35,7,403,130,31.07,89.24,15.71,125.62,1
09-01-2024 05:36,1,799,343,89.42,75.89,119.26,690.49,4
09-01-2024 05:37,7,793,61,43.04,79.25,49.6,701.94,5
09-01-2024 05:38,4,375,420,91.65,38.51,171.9,271.72,1
09-01-2024 05:39,5,653,334,92.57,39.68,104.88,624.49,4
09-01-2024 05:40,8,52,485,25.99,53.67,66.65,719.94,2
09-01-2024 05:41,4,528,49,80.64,62.33,299.59,601.6,5
09-01-2024 05:42,4,130,411,26.44,69.62,105.63,93.33,2
09-01-2024 05:43,8,93,396,29.25,76.56,194.1,93.82,1
09-01-2024 05:44,5,204,186,17.15,80.49,262.86,786.27,5
09-01-2024 05:45,6,996,221,23.31,16.85,277.1,442.25,4
09-01-2024 05:46,5,585,6,63.74,74.71,125.99,522.67,2
09-01-2024 05:47,1,965,300,48.19,60.81,292.97,731.56,1
09-01-2024 05:48,7,977,175,77.23,54.91,218.75,25.8,4
09-01-2024 05:49,6,148,279,38.22,62.13,177.07,352.82,4
09-01-2024 05:50,2,446,371,92.33,81.15,209.52,461.79,4
09-01-2024 05:51,7,929,458,14.24,55.9,111.24,21.67,4
09-01-2024 05:52,6,220,354,15.35,27.16,130.2,507.04,2
09-01-2024 05:53,5,197,364,69.62,47.76,177.95,683.73,4
09-01-2024 05:54,8,172,204,85.44,84.33,101.42,62.83,3
09-01-2024 05:55,5,161,96,77.62,76.09,231.8,647.3,5
09-01-2024 05:56,2,179,282,51.63,30.23,79.07,782.47,4
09-01-2024 05:57,6,117,135,32.92,68.56,240.06,737.82,4
09-01-2024 05:58,1,908,416,11.14,34.22,49.89,438.87,3
09-01-2024 05:59,5,877,33,53.3,41.14,69.13,691.16,5
09-01-2024 06:00,6,778,82,50.43,50.17,227.16,621.1,4
09-01-2024 06:01,7,949,483,39.26,48.07,82.63,657.78,4
09-01-2024 06:02,2,941,148,59.14,17.2,239.64,330.48,4
09-01-2024 06:03,1,657,95,71.95,73.05,236.24,390.98,3
09-01-2024 06:04,6,706,453,69.58,78.48,80.9,206.52,5
09-01-2024 06:05,3,946,480,32.38,54.82,26.56,60.22,1
09-01-2024 06:06,5,594,436,59.75,27.97,54.08,485.84,5
09-01-2024 06:07,2,335,495,22.65,33.6,227,261.47,3
09-01-2024 06:08,1,54,170,20.34,24.48,254.86,412.11,5
09-01-2024 06:09,1,167,211,76.8,27.71,118,770.9,4
09-01-2024 06:10,4,701,385,68.97,80.73,53.44,69.26,3
09-01-2024 06:11,10,279,191,75.27,51.01,27.26,701.32,3
09-01-2024 06:12,2,209,7,22.96,23.33,68.67,87.68,5
09-01-2024 06:13,1,343,380,87.74,34.11,294.01,529.79,5
09-01-2024 06:14,6,810,314,21.31,86.21,55.23,287.74,2
09-01-2024 06:15,4,834,342,83.95,53.19,30.42,98.12,5
09-01-2024 06:16,10,235,434,39.95,53.67,236.71,610.41,5
09-01-2024 06:17,7,926,34,18.96,54.42,186.55,564.89,4
09-01-2024 06:18,6,601,51,34.38,23.37,162.77,519.4,1
09-01-2024 06:19,5,273,120,25.42,87.77,137.12,772.61,1
09-01-2024 06:20,10,201,138,51.71,21.34,212.04,38.47,1
09-01-2024 06:21,2,189,367,90.73,67.5,211.01,359.04,5
09-01-2024 06:22,5,416,106,37.87,19.33,130.21,458.88,1
09-01-2024 06:23,9,177,282,62.03,48.27,74.1,299.01,2
09-01-2024 06:24,9,400,32,85.8,82.48,253.17,542.21,3
09-01-2024 06:25,2,196,124,63.56,72.63,53.56,721.38,2
09-01-2024 06:26,7,334,170,40.79,40.1,162.53,563.65,2
09-01-2024 06:27,10,518,475,94.22,56.35,209.34,464.11,1
09-01-2024 06:28,4,267,446,25.93,27.4,193.47,595.52,1
09-01-2024 06:29,3,485,12,54.48,86.71,187.54,105.51,2
09-01-2024 06:30,1,781,168,77.72,68.15,200.44,511.4,2
09-01-2024 06:31,3,194,343,10.06,43.07,263.32,337.65,2
09-01-2024 06:32,9,890,78,69.67,38.85,112.79,268.66,2
09-01-2024 06:33,9,326,34,32.65,32.9,190.09,415.54,2
09-01-2024 06:34,7,803,209,24.43,73.99,210.61,647.69,5
09-01-2024 06:35,3,109,326,33.31,47.6,179.15,341.8,2
09-01-2024 06:36,3,659,411,92.18,39.77,271.39,567.91,3
09-01-2024 06:37,4,892,8,85.81,82.89,198.16,479.34,1
09-01-2024 06:38,7,424,225,28.17,26.27,130.21,734.6,3
09-01-2024 06:39,7,453,227,19.95,34.79,254.45,366.98,4
09-01-2024 06:40,2,930,175,40.95,40.86,149.42,659.54,1
09-01-2024 06:41,5,742,81,60.35,34.49,161.4,676.74,3
09-01-2024 06:42,7,163,282,83.71,58.91,176.77,382.06,2
09-01-2024 06:43,7,544,57,92.12,60.08,100.22,401.1,2
09-01-2024 06:44,6,664,135,73.85,19.11,218.15,280.06,1
09-01-2024 06:45,10,385,238,60.92,25.84,33.95,406.53,5
09-01-2024 06:46,10,880,472,22.1,29.89,261.31,214.42,2
09-01-2024 06:47,8,618,217,16.29,20.27,227.59,689.45,3
09-01-2024 06:48,3,334,227,60.66,24.36,109.32,214.93,1
09-01-2024 06:49,1,178,26,55.82,32.97,71.79,220.95,5
09-01-2024 06:50,3,941,187,81.92,40.92,119.43,718.61,2
09-01-2024 06:51,2,364,370,37.42,74.35,242.49,435.09,5
09-01-2024 06:52,2,647,118,13.37,31.34,14.31,102.01,3
09-01-2024 06:53,2,761,197,46.02,65.25,143.04,289.67,1
09-01-2024 06:54,5,120,116,92.38,19.34,79.96,570.2,2
09-01-2024 06:55,1,394,303,77.62,64.37,263.11,336.53,5
09-01-2024 06:56,10,147,102,12.87,74.6,127.08,350.08,1
09-01-2024 06:57,4,349,380,84.35,60.36,210.88,408.98,3
09-01-2024 06:58,10,225,163,50.09,30.1,110.58,193.55,1
09-01-2024 06:59,5,794,414,41.01,39.78,102.26,350.76,2
09-01-2024 07:00,2,933,178,39.47,75.39,101.13,187.97,4
09-01-2024 07:01,5,124,473,60.59,47.4,205.06,293.58,1
09-01-2024 07:02,10,192,280,55.1,34.14,289.45,435.25,2
09-01-2024 07:03,4,980,286,65.81,84.95,66.4,561.1,5
09-01-2024 07:04,8,72,212,58.76,62.8,194.95,514.46,1
09-01-2024 07:05,1,230,54,22.24,75.43,83.3,468.91,1
09-01-2024 07:06,5,94,67,31.87,16.84,167.06,484.52,4
09-01-2024 07:07,10,518,32,81.49,40.45,164.77,418.52,4
09-01-2024 07:08,1,141,251,66.38,49.42,137.76,499.4,4
09-01-2024 07:09,10,318,8,48.11,59.06,152.1,312.9,4
09-01-2024 07:10,10,83,499,25.52,29.25,264.67,721.57,2
09-01-2024 07:11,4,727,434,10.65,52.35,31.14,480.64,4
09-01-2024 07:12,8,631,431,36.51,66.42,249.93,750.54,4
09-01-2024 07:13,1,413,215,14.66,40.94,141.38,335.57,3
09-01-2024 07:14,2,757,46,50.99,66.86,103.41,327.72,4
09-01-2024 07:15,1,182,80,79.85,44.22,57.26,772.72,2
09-01-2024 07:16,7,808,35,34.26,50.21,245.37,588.66,2
09-01-2024 07:17,2,431,189,82.06,25.07,179.65,424.62,2
09-01-2024 07:18,1,729,89,69.89,63.85,219.87,580.43,5
09-01-2024 07:19,6,326,335,20.65,31.82,97.91,329.44,5
09-01-2024 07:20,6,205,435,64.79,77.16,120.92,611.87,3
09-01-2024 07:21,10,436,447,22.89,56.51,274.52,183.47,5
09-01-2024 07:22,2,584,136,65.66,57.02,288.55,761.69,3
09-01-2024 07:23,1,249,34,22.13,83.44,223.25,379.47,5
09-01-2024 07:24,10,324,281,43.36,27.56,226.08,92.47,1
09-01-2024 07:25,3,550,113,58.16,54.77,209.85,679.11,3
09-01-2024 07:26,10,508,172,14.28,43.67,178.23,717.6,5
09-01-2024 07:27,5,99,339,23.03,87.47,180.55,589.37,1
09-01-2024 07:28,6,747,43,37.23,74.45,289.32,511.17,3
09-01-2024 07:29,3,581,382,49.3,71.81,226.52,744.17,3
09-01-2024 07:30,9,677,434,82.97,30.31,198.33,505.2,1
09-01-2024 07:31,5,141,13,25.92,32.8,60.78,637.3,3
09-01-2024 07:32,2,910,174,39.54,17.19,293.24,387.57,1
09-01-2024 07:33,10,505,125,50.44,62.89,158.49,587.22,1
09-01-2024 07:34,6,388,332,35.14,42.81,283.4,799.21,3
09-01-2024 07:35,8,102,207,63.19,38.4,215.5,318.35,3
09-01-2024 07:36,6,545,343,31.81,62.78,16.82,581.68,4
09-01-2024 07:37,4,684,437,75.65,77.15,164,136.14,4
09-01-2024 07:38,6,902,447,52.94,24.98,268.34,515.38,2
09-01-2024 07:39,8,899,104,17.34,83.9,20.28,271.85,2
09-01-2024 07:40,8,826,130,63.29,17.57,260.68,695.95,1
09-01-2024 07:41,10,53,40,58.39,22.13,185.95,300.52,3
09-01-2024 07:42,2,730,23,38.78,77.86,18.14,367.21,1
09-01-2024 07:43,8,330,252,10.95,51.95,115.21,784.64,4
09-01-2024 07:44,6,339,443,27.06,85.44,13.9,187.99,2
09-01-2024 07:45,2,122,325,44.49,49.62,5.51,460.51,1
09-01-2024 07:46,1,186,290,26.99,84.46,269.45,693.73,3
09-01-2024 07:47,6,899,202,59.09,32.97,225.83,265.56,2
09-01-2024 07:48,7,817,155,70.55,61.23,90.39,31.91,1
09-01-2024 07:49,10,702,55,82.76,89.59,38.54,719.15,2
09-01-2024 07:50,5,442,106,64.99,43.2,21.06,503.31,3
09-01-2024 07:51,10,257,260,68.57,15.11,275.58,199.73,2
09-01-2024 07:52,8,309,452,61.72,19.8,189.54,235.54,1
09-01-2024 07:53,9,979,200,93.77,79.43,52.36,643.68,1
09-01-2024 07:54,4,312,326,32.19,51.89,206.03,520.84,2
09-01-2024 07:55,7,832,217,32.63,55.25,299.67,591.43,3
09-01-2024 07:56,8,554,411,20.74,74.96,237.47,470.23,1
09-01-2024 07:57,6,599,47,51.28,75.87,136.73,636.23,5
09-01-2024 07:58,2,252,370,18.17,50.81,245.18,660.43,2
09-01-2024 07:59,7,785,117,32.96,79.35,224.57,321.78,4
09-01-2024 08:00,9,396,374,51.03,50.13,31.15,722.75,1
09-01-2024 08:01,5,101,424,91.4,65.63,278.08,414.06,4
09-01-2024 08:02,2,642,212,91.92,17.5,265.81,144.93,4
09-01-2024 08:03,4,405,155,73.22,25.35,179.22,190.41,3
09-01-2024 08:04,3,772,263,43.09,78.86,154.9,592.38,3
09-01-2024 08:05,4,568,151,83.54,38.48,72.18,314.33,3
09-01-2024 08:06,10,412,212,84.41,40.11,251.17,224.7,2
09-01-2024 08:07,7,94,192,87.37,64.72,132.41,491.72,4
09-01-2024 08:08,10,876,369,64.4,59.44,175.9,630.17,1
09-01-2024 08:09,8,427,243,27.15,21.16,55.18,105.2,4
09-01-2024 08:10,1,838,98,17.74,72.43,68.08,370.32,5
09-01-2024 08:11,8,461,29,87.76,61.29,295.63,621.75,4
09-01-2024 08:12,5,820,189,14.72,79.15,150.73,724.83,4
09-01-2024 08:13,7,191,172,35.15,55.16,245.64,30.57,2
09-01-2024 08:14,1,307,371,51.39,46.07,249.77,531.75,1
09-01-2024 08:15,2,846,197,11.87,42.85,294.55,485.95,5
09-01-2024 08:16,1,963,155,87.09,15.33,294.96,423.84,2
09-01-2024 08:17,5,86,140,34.41,17.98,139.8,144.95,5
09-01-2024 08:18,6,990,401,12.42,24.84,285.34,598.59,4
09-01-2024 08:19,10,94,293,94.46,84.72,112.81,326.38,1
09-01-2024 08:20,9,969,290,36.47,81.05,184.25,203.01,4
09-01-2024 08:21,8,681,256,84.53,52.29,247.41,683.02,2
09-01-2024 08:22,7,95,478,48.55,28.51,274.57,259.48,1
09-01-2024 08:23,5,701,164,66.37,25.96,159.53,174.76,5
09-01-2024 08:24,3,614,134,30.49,34.21,128.27,263.4,1
09-01-2024 08:25,9,350,352,52.74,83.15,219.91,161.22,1
09-01-2024 08:26,5,337,416,31.9,54.11,139.5,626.27,2
09-01-2024 08:27,3,835,329,90.84,75.3,203.18,162.01,2
09-01-2024 08:28,3,318,378,15.18,53.01,242.24,579,4
09-01-2024 08:29,3,949,406,33.35,60.71,253.13,146.75,1
09-01-2024 08:30,6,840,266,85.91,60.76,80.02,196.52,1
09-01-2024 08:31,1,111,29,50.8,17.35,173.58,287.17,3
09-01-2024 08:32,4,615,139,61.01,48.4,12.39,761.05,4
09-01-2024 08:33,8,630,348,65.39,79.8,240.34,732.78,3
09-01-2024 08:34,3,291,450,16.03,51.68,41.9,86.39,2
09-01-2024 08:35,5,985,312,11.51,47.65,262.15,281.94,5
09-01-2024 08:36,2,831,85,89.72,54.49,125.01,290.15,4
09-01-2024 08:37,2,813,249,33.08,43.56,54.34,185.02,1
09-01-2024 08:38,7,403,351,42.33,53.65,239.77,359.78,3
09-01-2024 08:39,10,845,314,67.98,25.15,64.08,603.44,1
09-01-2024 08:40,3,912,233,30.09,87.6,121.35,97.49,5
09-01-2024 08:41,5,120,308,72.31,17.56,172.23,543.89,1
09-01-2024 08:42,3,884,61,48.95,51.24,111.21,223.4,3
09-01-2024 08:43,6,462,273,82.81,30.75,57.81,521.1,4
09-01-2024 08:44,10,661,219,33.68,19.38,124.8,551.88,1
09-01-2024 08:45,3,110,286,27.32,63.88,47.55,587.95,3
09-01-2024 08:46,8,664,489,80.69,88.89,217.15,692.13,2
09-01-2024 08:47,2,501,249,37.74,71.22,55.59,721.7,1
09-01-2024 08:48,3,442,72,45.01,34.05,147.3,612.12,1
09-01-2024 08:49,8,680,293,77.47,52,170.31,395.26,5
09-01-2024 08:50,8,578,389,64.02,18.73,283.79,54.46,1
09-01-2024 08:51,1,354,410,47.55,54.88,28.09,750.94,3
09-01-2024 08:52,8,240,198,31.24,22.46,279.48,489.04,5
09-01-2024 08:53,10,773,80,74.96,74.6,66.43,436.97,5
09-01-2024 08:54,2,127,385,25.34,19.25,253.08,206.8,1
09-01-2024 08:55,7,607,137,88.9,15.7,31.7,553.7,4
09-01-2024 08:56,6,654,213,22.78,79.62,296.67,795.89,2
09-01-2024 08:57,2,938,327,78.42,85.69,243.25,277.42,4
09-01-2024 08:58,5,574,107,46.06,21.49,23.57,643.67,3
09-01-2024 08:59,7,789,448,25.81,35.92,68.16,247.08,1
09-01-2024 09:00,8,350,207,44.2,70.63,166.82,400.43,1
09-01-2024 09:01,3,998,152,28.83,55.47,159.45,186.36,2
09-01-2024 09:02,1,66,133,21.56,86.19,190.63,419.97,4
09-01-2024 09:03,7,864,435,30.33,44.19,141.73,378.25,4
09-01-2024 09:04,5,623,166,83.73,15.25,221.58,50.35,4
09-01-2024 09:05,5,483,413,19.01,16.48,107.8,317.81,4
09-01-2024 09:06,7,92,430,92.67,57.36,57.03,68.92,5
09-01-2024 09:07,1,117,180,10.42,71.41,14.96,371.49,2
09-01-2024 09:08,8,429,121,65.95,74.3,100.81,784.53,3
09-01-2024 09:09,10,261,174,82.8,83.36,130.93,248.52,4
09-01-2024 09:10,5,252,331,89.39,32.18,199.43,422.2,2
09-01-2024 09:11,8,775,68,22.24,70.38,242.9,121.55,2
09-01-2024 09:12,10,158,187,69.35,77.03,75.82,140.1,1
09-01-2024 09:13,10,333,138,19.12,77.72,150.49,297.27,3
09-01-2024 09:14,5,990,354,39.97,45.87,73.95,402,3
09-01-2024 09:15,7,986,388,72.21,61.95,285.59,567.1,3
09-01-2024 09:16,10,655,308,39.41,56.37,196.03,376.22,5
09-01-2024 09:17,3,274,330,36.64,59.81,204.98,39.02,4
09-01-2024 09:18,2,786,481,19.86,36.15,161.71,231.35,4
09-01-2024 09:19,6,800,238,15.65,66.24,88.14,39.32,4
09-01-2024 09:20,5,167,18,19.8,68.25,64.13,735.99,2
09-01-2024 09:21,9,981,76,84.42,29.7,198.71,42.65,5
09-01-2024 09:22,10,652,435,10.95,48.27,276.9,58.68,3
09-01-2024 09:23,4,389,151,68.89,46.66,67.8,252.65,1
09-01-2024 09:24,3,850,108,75.33,71.17,173.67,513.22,3
09-01-2024 09:25,9,330,153,58.27,64.99,161.15,299.21,2
09-01-2024 09:26,8,540,316,72.12,50.71,194.29,68.02,4
09-01-2024 09:27,6,68,37,65.44,63.94,178.4,672.28,1
09-01-2024 09:28,1,224,452,48.72,34.71,85.47,566.17,2
09-01-2024 09:29,10,518,333,42.53,32.43,208.98,329.17,1
09-01-2024 09:30,1,667,146,90.01,32.99,85.43,547.99,5
09-01-2024 09:31,6,850,126,92.61,17.21,197.63,234.18,1
09-01-2024 09:32,3,809,285,65.36,66.83,93.48,431.74,1
09-01-2024 09:33,3,884,108,26.77,88.94,29.31,706.8,2
09-01-2024 09:34,6,191,286,48.07,38.18,42.53,103.99,1
09-01-2024 09:35,3,512,240,52.21,84.74,251.06,680.58,2
09-01-2024 09:36,10,978,375,74.43,60.49,40.8,635.07,4
09-01-2024 09:37,6,347,102,66.76,31.87,102.5,760.3,2
09-01-2024 09:38,5,519,220,53.76,15.89,89.85,420.75,4
09-01-2024 09:39,4,754,7,67.83,69.28,22.07,234.43,5
09-01-2024 09:40,8,912,216,12.04,67.24,181.86,295.42,3
09-01-2024 09:41,2,864,169,76.01,32.19,240.64,519.05,4
09-01-2024 09:42,7,852,74,27.99,39.95,297.74,129.82,5
09-01-2024 09:43,4,422,293,65.79,82.35,281.13,294.3,4
09-01-2024 09:44,2,517,27,19.69,26.79,19.55,586.62,1
09-01-2024 09:45,7,977,277,19.73,77.66,80.97,467.52,3
09-01-2024 09:46,1,487,484,13.03,27.69,126.57,68.95,5
09-01-2024 09:47,4,893,43,87.37,51.13,263.13,407.55,5
09-01-2024 09:48,9,996,307,61.39,52.42,111.23,428.89,1
09-01-2024 09:49,4,769,93,40.77,50.41,173.24,566.63,4
09-01-2024 09:50,3,492,71,76.96,36.59,199.58,28.31,5
09-01-2024 09:51,10,505,269,63.22,34,92.9,354.15,4
09-01-2024 09:52,10,297,109,62.71,69.99,176.67,711.56,4
09-01-2024 09:53,2,191,181,51.4,35.68,20.01,39.62,1
09-01-2024 09:54,3,451,215,10.67,60.74,146.65,544.48,4
09-01-2024 09:55,1,945,447,31.97,78.5,116.67,194.08,3
09-01-2024 09:56,10,872,114,19.27,77.78,109.95,322.24,1
09-01-2024 09:57,8,271,185,66.3,27.54,74.29,709.61,1
09-01-2024 09:58,1,786,409,31.13,64.11,246.23,302.77,2
09-01-2024 09:59,3,915,125,48.26,60.17,265.17,445.45,3
09-01-2024 10:00,3,233,105,40.04,36.15,267,89.92,5
09-01-2024 10:01,2,413,237,22.17,44.36,121.85,273.27,4
09-01-2024 10:02,5,866,141,91.46,36.38,81.45,130.49,4
09-01-2024 10:03,10,237,293,89.34,55.28,34.03,458.01,1
09-01-2024 10:04,3,162,158,17.19,75.27,203.36,378.63,4
09-01-2024 10:05,3,230,474,80.33,80.81,102.4,226.37,3
09-01-2024 10:06,8,248,396,51.51,69.21,86.62,799.71,5
09-01-2024 10:07,4,951,449,75.77,51.26,114.57,139.55,4
09-01-2024 10:08,4,119,274,22.85,86.86,168.64,663.88,1
09-01-2024 10:09,3,647,378,21.24,57.29,52.77,47.89,3
09-01-2024 10:10,1,953,341,85.71,50.89,288.59,680.53,5
09-01-2024 10:11,8,534,117,86.31,79.26,221.12,392.05,3
09-01-2024 10:12,1,448,374,49.6,28.85,18.8,665.99,3
09-01-2024 10:13,7,971,62,83.96,26.84,95.5,602.81,3
09-01-2024 10:14,5,600,24,66.73,73.69,19.83,466.65,4
09-01-2024 10:15,4,692,60,25.73,80.29,72.7,309.82,3
09-01-2024 10:16,4,59,401,37.96,20.46,89.54,539.1,4
09-01-2024 10:17,8,52,362,21.57,72.31,216.8,669.39,3
09-01-2024 10:18,6,527,316,75.79,46.83,217.03,412.58,5
09-01-2024 10:19,1,863,265,93.75,67.78,18.37,343.6,1
09-01-2024 10:20,10,711,180,56.44,25.12,178.5,131.46,4
09-01-2024 10:21,8,116,232,65.75,87.98,288.47,719.07,1
09-01-2024 10:22,2,754,476,73.42,81.1,190.37,228.5,5
09-01-2024 10:23,6,146,143,29.06,45.45,288.36,116.35,1
09-01-2024 10:24,9,580,333,38.56,82,117.26,71.65,3
09-01-2024 10:25,1,367,412,45.05,82.12,140.63,605.61,5
09-01-2024 10:26,6,147,245,60.54,49.59,151.17,546.5,4
09-01-2024 10:27,8,106,81,82.29,86.02,277.56,113.96,5
09-01-2024 10:28,10,912,126,31.61,88.26,117.18,433.51,4
09-01-2024 10:29,2,156,137,50.03,31.29,295.11,139.1,3
09-01-2024 10:30,5,137,56,73.88,20,165.22,319.19,2
09-01-2024 10:31,6,702,213,17.43,39.84,69.35,630.64,3
09-01-2024 10:32,5,705,94,53.6,51.66,35.59,197.71,3
09-01-2024 10:33,3,961,383,22.27,21.95,56,41.62,1
09-01-2024 10:34,4,420,459,55.83,25.55,16.59,170.8,2
09-01-2024 10:35,7,424,478,75.26,87.88,209.23,332.39,5
09-01-2024 10:36,4,101,292,30.14,70.3,157.49,208.51,2
09-01-2024 10:37,9,773,128,82.21,80.62,222.69,583.33,3
09-01-2024 10:38,10,90,440,38.46,87.84,235.77,635.56,1
09-01-2024 10:39,2,865,217,26.22,43.36,279.75,207.59,2
09-01-2024 10:40,5,140,199,49.55,66.59,39.51,229.53,5
09-01-2024 10:41,8,88,20,84.47,28.8,59.9,456.86,2
09-01-2024 10:42,5,62,55,15.86,56.38,166.74,606.96,4
09-01-2024 10:43,10,949,246,37.84,30.74,43.21,768.31,4
09-01-2024 10:44,8,657,251,65.52,27.03,32.35,254.43,5
09-01-2024 10:45,8,670,60,40.39,22.38,201.57,730.64,2
09-01-2024 10:46,9,153,163,16.02,58.48,218.79,161.77,1
09-01-2024 10:47,10,915,202,38.22,86.24,253.8,52.03,5
09-01-2024 10:48,6,792,227,79.78,24.17,275.15,638.14,3
09-01-2024 10:49,4,92,129,92.28,52.67,135.54,393.32,3
09-01-2024 10:50,3,258,462,13.38,66.53,294.06,79.95,5
09-01-2024 10:51,5,649,45,58.39,52.19,16.18,75.46,3
09-01-2024 10:52,6,654,197,18.95,83.38,261.69,30.62,4
09-01-2024 10:53,3,735,424,67.83,27.47,99.84,258.93,1
09-01-2024 10:54,2,525,492,10.67,16.81,276.91,593.58,1
09-01-2024 10:55,7,687,166,11.25,43.73,70.67,538.94,1
09-01-2024 10:56,5,158,247,76.03,56.66,223.59,799.74,2
09-01-2024 10:57,9,608,226,16.33,34.09,130.51,483.27,5
09-01-2024 10:58,3,263,280,35.94,27.63,117.53,106.17,3
09-01-2024 10:59,8,653,260,91.43,75.36,22.53,783.23,2
09-01-2024 11:00,6,742,347,93.75,29.14,213.24,560.52,3
09-01-2024 11:01,4,458,197,23.72,48.2,56.73,311.75,5
09-01-2024 11:02,9,602,107,57.68,86.59,141.58,212.66,3
09-01-2024 11:03,5,820,269,57.53,60.95,46.69,193.29,2
09-01-2024 11:04,10,682,232,48.45,52.33,183.32,765.86,2
09-01-2024 11:05,6,126,405,88.6,42.02,73.16,347.15,2
09-01-2024 11:06,9,144,101,74.09,54.03,180.35,399.71,1
09-01-2024 11:07,7,318,160,74.98,70.07,284.25,672.71,4
09-01-2024 11:08,5,410,422,32.91,76.69,276.67,771.81,2
09-01-2024 11:09,2,579,95,46.92,63.74,64.14,23.43,4
09-01-2024 11:10,4,854,416,51.43,74.27,34.26,792.39,2
09-01-2024 11:11,2,732,207,35.41,21.63,17.59,78.86,3
09-01-2024 11:12,3,211,313,18.06,16.08,249.41,672.73,5
09-01-2024 11:13,10,514,432,20.74,70.08,78.55,761.25,2
09-01-2024 11:14,3,872,414,25.36,34.63,88.76,457.67,1
09-01-2024 11:15,4,613,235,27.31,80.83,71.74,450.34,2
09-01-2024 11:16,6,597,327,30.59,55.19,252.82,541.83,3
09-01-2024 11:17,3,999,422,31.71,50.89,293.78,295.21,3
09-01-2024 11:18,10,236,479,48.74,72.96,227.78,149.33,3
09-01-2024 11:19,1,931,428,53.31,70.58,247.96,71.8,3
09-01-2024 11:20,1,809,154,36.25,67.82,188.05,707.26,2
09-01-2024 11:21,9,101,100,87.12,66.74,160.99,446.92,4
09-01-2024 11:22,9,537,238,57.02,53.65,217.87,561.38,3
09-01-2024 11:23,5,580,107,76.94,84.49,15.55,279,3
09-01-2024 11:24,9,445,346,88.56,81.8,23.11,649.47,2
09-01-2024 11:25,7,141,364,23.87,39.71,207.75,292.94,5
09-01-2024 11:26,9,700,130,46.37,75.35,103.85,43.21,1
09-01-2024 11:27,7,865,299,46.82,81.83,149.21,282.79,1
09-01-2024 11:28,9,406,493,40.13,61.37,235.69,683.25,1
09-01-2024 11:29,2,781,43,10.76,56.67,175.26,703.19,5
09-01-2024 11:30,8,660,63,79.36,65.39,242.55,749.08,2
09-01-2024 11:31,7,797,73,19.48,27.23,128.65,409.59,5
09-01-2024 11:32,6,768,186,94.62,21.55,89.79,766.14,3
09-01-2024 11:33,5,193,117,75.7,76.51,74.28,409.36,2
09-01-2024 11:34,4,248,304,59.3,58,43.85,140.05,2
09-01-2024 11:35,7,864,5,23.14,24.19,15.85,411.59,1
09-01-2024 11:36,3,372,475,53.81,46.22,20.68,697.52,3
09-01-2024 11:37,8,848,76,32.19,37.37,84.94,632.84,4
09-01-2024 11:38,2,381,291,31.45,80.66,87.13,358.56,2
09-01-2024 11:39,1,313,349,80.51,53.04,117.63,185.78,2
09-01-2024 11:40,2,266,400,42.35,58.31,179.53,473.27,2
09-01-2024 11:41,9,750,83,48.31,32.65,228.99,746.36,4
09-01-2024 11:42,5,605,433,81.65,74.93,63.32,158.44,1
09-01-2024 11:43,8,483,60,17.46,84.76,228.98,665.09,3
09-01-2024 11:44,3,852,107,60.54,74.44,46,134.91,4
09-01-2024 11:45,7,509,117,59.15,51.96,296.66,737.29,2
09-01-2024 11:46,2,750,307,46.14,77.63,89.08,560.74,1
09-01-2024 11:47,8,552,383,80.53,29.1,252.01,105.16,3
09-01-2024 11:48,7,518,347,90.15,23.51,61.19,177.89,5
09-01-2024 11:49,5,755,82,49.55,47.87,285.44,743,1
09-01-2024 11:50,4,831,315,48.77,28.62,248.85,415.9,3
09-01-2024 11:51,1,415,320,52.68,34.44,111.02,373.72,2
09-01-2024 11:52,5,821,361,71.47,58.88,129.33,65.45,3
09-01-2024 11:53,9,962,141,66.79,45.29,6.13,85.55,2
09-01-2024 11:54,10,288,222,28.94,79.94,79.17,559.49,1
09-01-2024 11:55,4,673,410,15.43,31.92,90.34,626.01,5
09-01-2024 11:56,9,630,70,90.69,89.76,138.56,696.27,1
09-01-2024 11:57,2,969,387,32.19,41.95,46.02,412.19,2
09-01-2024 11:58,4,610,471,64.28,53.66,146.24,276.29,4
09-01-2024 11:59,9,872,12,80.42,24.92,202.2,507.91,1
09-01-2024 12:00,4,712,297,35.52,58.45,114.53,502.73,5
09-01-2024 12:01,5,800,105,64.01,87.1,73.5,47.04,4
09-01-2024 12:02,8,898,207,19.17,71.2,166.58,752.27,4
09-01-2024 12:03,1,445,65,92.44,33.3,13.56,521.2,2
09-01-2024 12:04,1,444,63,14.94,48.2,105.55,25.05,3
09-01-2024 12:05,9,676,178,47.24,46.91,160.64,768.51,5
09-01-2024 12:06,9,124,431,55.63,22.35,104.07,763.07,2
09-01-2024 12:07,4,147,8,77.19,81.44,106.9,757.82,5
09-01-2024 12:08,2,432,159,20.3,43.61,255.25,713.34,3
09-01-2024 12:09,9,672,11,47.47,52.07,280.53,164.02,2
09-01-2024 12:10,4,918,273,35.48,36.84,249.08,782.19,1
09-01-2024 12:11,6,419,411,36.52,26.43,34.17,614.31,1
09-01-2024 12:12,1,334,380,76.2,82.66,90.47,519.79,4
09-01-2024 12:13,9,305,95,10.46,17.8,214.83,755.28,3
09-01-2024 12:14,5,879,155,73.67,44.99,292.45,317.25,2
09-01-2024 12:15,3,358,206,78.88,69.8,76.47,746.47,3
09-01-2024 12:16,4,678,115,86.62,38.16,269.97,492.43,3
09-01-2024 12:17,1,225,379,63.28,48.45,223.01,471.85,1
09-01-2024 12:18,9,277,87,38.34,57.34,295.12,523.84,2
09-01-2024 12:19,8,396,312,46.31,89.63,32.61,608.25,4
09-01-2024 12:20,4,667,197,92.43,71.87,121.45,367.04,2
09-01-2024 12:21,2,391,350,84.9,87.53,146.04,784.87,1
09-01-2024 12:22,9,945,98,49.4,66.99,203.26,89.04,4
09-01-2024 12:23,4,288,431,90.16,35.18,197.92,732.78,4
09-01-2024 12:24,9,661,19,79.95,36.56,272.37,532.79,5
09-01-2024 12:25,10,737,313,86.59,76.68,252.41,729.73,2
09-01-2024 12:26,3,399,415,68.05,47.08,21.33,307.63,5
09-01-2024 12:27,7,504,16,82.9,42.77,148.53,666.62,1
09-01-2024 12:28,7,490,45,85.8,85.88,125.08,500.47,2
09-01-2024 12:29,10,810,155,17.82,15.99,299.16,668.26,2
09-01-2024 12:30,4,637,445,92.04,54.37,131.04,273.52,2
09-01-2024 12:31,2,564,410,38.36,73.13,206.37,735.49,5
09-01-2024 12:32,9,130,231,47.39,70.21,88.91,740.91,3
09-01-2024 12:33,4,410,157,77.31,42.57,186.32,390.36,3
09-01-2024 12:34,8,337,113,66.52,55.17,65.96,332.25,3
09-01-2024 12:35,2,57,499,85.91,15.42,183.06,468.65,5
09-01-2024 12:36,8,136,377,44.05,55.11,261.12,176.14,5
09-01-2024 12:37,10,335,359,41.73,59.28,10.68,407.04,4
09-01-2024 12:38,5,448,383,12.69,80.61,153.85,719.52,3
09-01-2024 12:39,7,123,44,49.33,30.81,294.8,304.84,5
09-01-2024 12:40,7,488,365,71.55,76.89,51.98,594.12,4
09-01-2024 12:41,9,172,413,35.6,68.85,59.11,506.04,1
09-01-2024 12:42,3,426,365,49.33,64.95,143.89,223.88,1
09-01-2024 12:43,10,855,110,28.65,44.58,261.94,434.78,5
09-01-2024 12:44,4,192,111,75.69,42.56,171.01,685.02,4
09-01-2024 12:45,10,207,223,15.14,67.74,155.07,452.84,4
09-01-2024 12:46,4,479,386,69.96,89.27,30.59,563.54,5
09-01-2024 12:47,10,497,390,42.21,45.4,288.79,624.8,2
09-01-2024 12:48,5,459,265,13.54,83.89,107.4,58.53,1
09-01-2024 12:49,6,420,271,82.54,58.99,79.28,59.98,1
09-01-2024 12:50,3,158,212,51.46,80.11,126.46,109.67,2
09-01-2024 12:51,4,895,496,60.94,31.29,127.18,147.14,1
09-01-2024 12:52,3,756,314,72.22,72.17,140.27,652.93,1
09-01-2024 12:53,2,85,258,65.68,77.62,208.12,359.76,1
09-01-2024 12:54,10,139,387,72.12,77.41,261.04,164.5,1
09-01-2024 12:55,9,464,247,74.79,73.85,21.91,434.81,3
09-01-2024 12:56,1,345,436,60.08,37.81,149.78,615.41,5
09-01-2024 12:57,2,891,55,41.08,54.15,127.12,129.25,2
09-01-2024 12:58,8,762,309,30.67,37.48,8.21,288.63,1
09-01-2024 12:59,7,95,350,86.75,40.72,245.86,171.61,3
09-01-2024 13:00,1,537,72,92.44,37.59,35.77,524.17,5
09-01-2024 13:01,5,668,296,40.4,36.32,38.85,126.73,2
09-01-2024 13:02,10,219,213,19.55,67.01,19.25,629.25,1
09-01-2024 13:03,6,195,295,28.92,63.77,64.12,182.1,1
09-01-2024 13:04,5,917,171,67.01,30.32,57.16,65.71,1
09-01-2024 13:05,4,469,246,24.7,66.86,107.62,730.48,4
09-01-2024 13:06,1,739,141,76.31,36.83,199.48,279.91,3
09-01-2024 13:07,7,622,104,88.46,30.13,21.02,412.14,5
09-01-2024 13:08,9,985,105,91.91,71.04,258.78,98.77,2
09-01-2024 13:09,6,52,240,10.79,42.22,101.34,393.98,2
09-01-2024 13:10,3,643,421,91.44,57.7,183.95,193.6,3
09-01-2024 13:11,10,312,311,72.92,30.01,8.54,675.5,3
09-01-2024 13:12,4,848,416,17.14,61.03,112.91,576.73,1
09-01-2024 13:13,10,370,398,45.3,30.6,5.61,537.38,2
09-01-2024 13:14,5,656,321,69.5,27.52,53.81,629.38,1
09-01-2024 13:15,1,625,411,91.32,43.99,137.12,249.1,3
09-01-2024 13:16,5,295,280,23.95,74.25,162.85,373.85,3
09-01-2024 13:17,1,638,371,20.86,28.24,50.11,87.53,3
09-01-2024 13:18,9,526,369,50.15,23.78,224.84,72.87,5
09-01-2024 13:19,7,308,22,92.29,17.37,60.76,276.69,5
09-01-2024 13:20,3,142,78,92.57,46.2,39.17,661.74,1
09-01-2024 13:21,9,852,301,29.37,36.15,103.36,486.18,3
09-01-2024 13:22,2,832,392,37.14,36.91,167.67,351.12,1
09-01-2024 13:23,7,582,475,87.18,88.65,296.73,774.25,1
09-01-2024 13:24,9,623,195,72.46,29.56,128.52,364.89,5
09-01-2024 13:25,6,388,320,92.65,49.38,130.67,385.73,4
09-01-2024 13:26,10,973,353,85.92,88.98,22.5,794.17,5
09-01-2024 13:27,5,309,371,28.28,17.3,230.92,122.46,1
09-01-2024 13:28,7,286,431,74.58,67.25,58.63,219.38,5
09-01-2024 13:29,6,190,21,14.13,42.83,224.72,373.58,3
09-01-2024 13:30,5,996,160,79.52,82.96,273.63,465.61,3
09-01-2024 13:31,2,993,232,61.13,83.4,231.63,135.5,2
09-01-2024 13:32,8,728,361,91.27,44.04,194.52,276.48,4
09-01-2024 13:33,7,529,301,91.6,31.61,183.16,191.81,5
09-01-2024 13:34,6,628,44,14.32,47.1,138.82,682.92,4
09-01-2024 13:35,5,399,297,23.64,87.4,47.64,671,2
09-01-2024 13:36,5,619,352,51.16,36.1,234.76,207.07,3
09-01-2024 13:37,9,773,180,84.76,88.6,145.81,359.24,1
09-01-2024 13:38,1,179,472,79.23,76.45,189.57,528.28,5
09-01-2024 13:39,9,586,395,91.97,35.06,115.33,57.57,3
09-01-2024 13:40,6,60,101,62.54,74.33,64.21,709.21,2
09-01-2024 13:41,4,306,115,31.81,18.73,242.92,418.6,1
09-01-2024 13:42,10,865,213,12.13,56.1,106.01,196.7,3
09-01-2024 13:43,7,418,18,28.95,41.8,260.67,329.47,3
09-01-2024 13:44,9,993,395,67.4,47.02,289.89,723.3,3
09-01-2024 13:45,5,443,27,88.73,50.46,249.85,39.33,5
09-01-2024 13:46,5,642,427,37.28,52.7,42.8,131.38,5
09-01-2024 13:47,8,847,358,84.43,64.23,257.23,170.34,1
09-01-2024 13:48,7,468,449,43.57,67.26,158.21,66.89,5
09-01-2024 13:49,8,931,438,36.2,88.18,76.22,195.7,2
09-01-2024 13:50,10,68,285,53.25,72.21,32.48,657.38,1
09-01-2024 13:51,2,159,149,47.59,66.58,87.16,431.12,3
09-01-2024 13:52,9,486,285,87.67,44.43,45.54,492.24,2
09-01-2024 13:53,3,554,137,49.8,23.84,12.57,141.59,3
09-01-2024 13:54,6,83,189,33.57,19.41,296.39,237.09,1
09-01-2024 13:55,6,337,190,81.62,50.83,250.3,735.64,3
09-01-2024 13:56,2,893,199,94.89,65.12,222.99,184.14,4
09-01-2024 13:57,7,304,102,65.09,63.76,61.94,727.26,2
09-01-2024 13:58,9,687,479,31.29,86.46,13.18,537.31,1
09-01-2024 13:59,10,770,91,30.3,43.68,148.14,412.16,1
09-01-2024 14:00,1,183,490,14.91,62.08,223.8,155.68,3
09-01-2024 14:01,8,548,224,16.57,81.59,289.04,545.41,3
09-01-2024 14:02,2,446,5,87.77,45.31,253.95,711.39,2
09-01-2024 14:03,1,536,353,18.2,50.83,268.58,144.63,5
09-01-2024 14:04,8,647,15,51.17,84.22,75.41,24.82,2
09-01-2024 14:05,2,636,441,69.34,56.27,50.82,597.25,4
09-01-2024 14:06,6,696,5,82.28,74.97,78.1,488.36,2
09-01-2024 14:07,6,862,404,24.56,85.17,45.88,412.41,3
09-01-2024 14:08,5,734,230,47.21,57.83,240.55,375.72,5
09-01-2024 14:09,8,262,357,31.38,23.19,271.4,408.13,5
09-01-2024 14:10,3,882,337,31.74,76.63,95.67,312.17,2
09-01-2024 14:11,10,399,114,35.83,76.33,263.69,84.22,4
09-01-2024 14:12,4,68,4,59.9,23.62,21.24,625.06,2
09-01-2024 14:13,7,168,184,11.41,56.11,204.82,384.91,1
09-01-2024 14:14,7,864,213,44.75,51.53,160.61,663.46,5
09-01-2024 14:15,8,351,247,25.88,78.54,86.64,786.13,1
09-01-2024 14:16,2,334,34,92.21,35.6,231.62,153.97,4
09-01-2024 14:17,2,276,296,59.53,46.97,67.55,638.92,4
09-01-2024 14:18,4,556,453,83.79,60.36,127.76,782.46,3
09-01-2024 14:19,10,550,196,26.63,53.79,214.41,585.06,2
09-01-2024 14:20,9,261,406,78.85,86.63,104.78,211.86,2
09-01-2024 14:21,10,405,127,45.26,87.05,257.33,719.26,2
09-01-2024 14:22,9,750,142,25.1,21.12,260.3,638.71,1
09-01-2024 14:23,4,536,452,74.71,37.34,64.75,370.46,4
09-01-2024 14:24,9,370,136,74.77,15.57,134.92,466.6,4
09-01-2024 14:25,3,712,128,94.65,46.34,132.44,583.1,1
09-01-2024 14:26,5,272,323,76.38,64.66,125.96,117.13,2
09-01-2024 14:27,10,689,174,22.35,50.35,153.08,743.05,2
09-01-2024 14:28,9,809,413,37.42,20.04,26.94,790.21,1
09-01-2024 14:29,6,612,218,48.4,29.7,261.66,277.82,3
09-01-2024 14:30,3,240,114,20.77,28,90.52,577.77,3
09-01-2024 14:31,10,549,375,76.98,53.33,5.53,348.62,2
09-01-2024 14:32,9,544,350,54.77,65.83,207.11,41.63,2
09-01-2024 14:33,6,286,12,90.28,38.72,196.89,767.8,1
09-01-2024 14:34,4,71,463,60.09,24.78,295.03,131.01,5
09-01-2024 14:35,4,671,244,54.45,74.89,217.18,78.46,4
09-01-2024 14:36,8,376,52,16.07,79.38,103.15,673.01,2
09-01-2024 14:37,7,594,186,22.69,35.74,286.02,46.42,2
09-01-2024 14:38,1,176,233,82.21,46.56,112.78,556.55,5
09-01-2024 14:39,6,414,2,94.21,21.14,247.27,745.46,3
09-01-2024 14:40,8,917,1,45.29,32.08,104.02,336.83,4
09-01-2024 14:41,3,93,239,78.86,72.53,19.37,73.31,5
09-01-2024 14:42,9,568,55,63.34,42.39,221.47,190.27,1
09-01-2024 14:43,10,177,495,91.52,60.35,108.31,759.69,3
09-01-2024 14:44,2,652,220,30.24,85.96,104.97,383,4
09-01-2024 14:45,6,179,104,56.31,69.27,216.18,442.26,3
09-01-2024 14:46,1,578,355,44.75,49.01,100,141.73,5
09-01-2024 14:47,2,370,418,56.05,42.52,39.81,736.05,4
09-01-2024 14:48,5,235,448,32.85,29.29,124.33,423.36,2
09-01-2024 14:49,1,671,324,52.31,71.71,248.03,432.51,1
09-01-2024 14:50,8,847,338,63.11,23.43,43.41,469.32,3
09-01-2024 14:51,1,397,396,16.9,19.6,168.57,618.55,1
09-01-2024 14:52,9,530,306,73.15,22.86,44.02,178.3,3
09-01-2024 14:53,10,971,277,70.05,33.22,19.51,755.02,3
09-01-2024 14:54,3,724,10,84.84,62.03,116.72,156.82,3
09-01-2024 14:55,2,636,341,46.2,79.6,199.08,173.98,1
09-01-2024 14:56,1,760,104,15.24,89.45,86.12,29.68,2
09-01-2024 14:57,9,973,345,49.22,69.86,136.49,35.35,3
09-01-2024 14:58,4,970,370,21.7,25.95,149.94,354.5,5
09-01-2024 14:59,1,410,465,65.03,35.83,253.18,162.72,5
09-01-2024 15:00,1,336,371,14.01,24.9,246.6,185.28,1
09-01-2024 15:01,7,231,198,41.79,23.67,5.69,790.58,1
09-01-2024 15:02,2,500,14,17.04,57.58,127.11,744.86,5
09-01-2024 15:03,7,146,485,10.29,83,198.55,271.51,2
09-01-2024 15:04,7,612,168,91.65,66.32,256.46,287.66,2
09-01-2024 15:05,10,363,360,94.67,75.05,19.42,247.84,4
09-01-2024 15:06,9,595,338,57.22,53.11,190.33,708.14,3
09-01-2024 15:07,7,70,30,30.31,50.65,253.4,96.66,5
09-01-2024 15:08,1,745,457,87.44,85.31,80.25,475.59,1
09-01-2024 15:09,8,854,14,88.46,69.15,65.55,165.32,5
09-01-2024 15:10,8,625,238,82.63,49.45,143.02,611.36,5
09-01-2024 15:11,4,546,436,56.27,39.94,288.96,512.46,1
09-01-2024 15:12,8,452,366,16.35,21.98,209.4,322.52,5
09-01-2024 15:13,4,173,401,17.52,76.57,130.22,96.53,2
09-01-2024 15:14,8,662,62,86.21,27.7,11.15,618.58,3
09-01-2024 15:15,5,168,482,84.45,53.63,169.23,80.09,2
09-01-2024 15:16,4,902,110,46.92,62.8,107.89,233.52,5
09-01-2024 15:17,6,639,406,37.89,70.81,59.79,217.84,2
09-01-2024 15:18,2,742,309,64.75,21.25,152.54,471.25,4
09-01-2024 15:19,2,760,160,78.59,15.8,105.71,420.71,5
09-01-2024 15:20,2,526,332,72.19,67.95,16.42,238.2,4
09-01-2024 15:21,9,921,55,62.33,49.08,219.02,355.69,2
09-01-2024 15:22,10,751,249,29.68,28.59,221.11,360.37,1
09-01-2024 15:23,3,889,464,32.31,88.65,187.56,467.38,3
09-01-2024 15:24,10,152,256,71.55,74.35,253.04,720.63,1
09-01-2024 15:25,4,382,22,78.22,58.39,64.94,130.71,4
09-01-2024 15:26,10,927,422,19.87,67.66,89.43,455,1
09-01-2024 15:27,8,836,434,25.92,26.63,140.3,34.34,4
09-01-2024 15:28,4,508,103,67.84,87.17,22.75,564.61,1
09-01-2024 15:29,10,179,450,43.06,89.73,265.65,519.51,3
09-01-2024 15:30,10,802,301,57.88,63.63,149.74,561.33,5
09-01-2024 15:31,7,183,375,62.26,65.12,100.78,390.46,3
09-01-2024 15:32,5,206,264,75.98,67.83,146,165.75,2
09-01-2024 15:33,9,474,236,78.49,64.93,100.91,369.5,2
09-01-2024 15:34,4,484,321,33.81,47.89,89.45,38.41,1
09-01-2024 15:35,3,438,233,56.01,55.55,137.17,317.52,3
09-01-2024 15:36,2,986,168,20.5,36.2,147.16,674.09,2
09-01-2024 15:37,1,367,233,81.57,48.51,132.84,284.1,5
09-01-2024 15:38,6,719,5,81.86,47.71,166.64,481.57,1
09-01-2024 15:39,10,554,45,35.46,36.61,236.1,223.67,4
09-01-2024 15:40,2,920,46,23.65,74,21.89,124.69,1
09-01-2024 15:41,8,239,164,15.96,45.73,244.4,426.32,3
09-01-2024 15:42,6,661,401,58.87,56.38,72.42,47.9,3
09-01-2024 15:43,5,460,169,17.77,26.71,79.37,725.49,5
09-01-2024 15:44,2,995,414,67.85,50.62,181.84,626.2,1
09-01-2024 15:45,7,101,436,67.64,72.11,292.82,798.38,1
09-01-2024 15:46,2,610,335,62.19,48.34,10.13,794.68,3
09-01-2024 15:47,5,495,404,84.51,56.83,203.57,588.61,1
09-01-2024 15:48,2,661,164,42.15,67.63,210.58,625.82,2
09-01-2024 15:49,10,493,256,86.69,44.17,174.23,431.91,2
09-01-2024 15:50,2,431,66,13.14,41.5,7.86,190.46,1
09-01-2024 15:51,7,812,429,19.58,21.43,183.87,650.56,2
09-01-2024 15:52,9,423,260,45.04,58.67,38.93,230.36,3
09-01-2024 15:53,5,615,434,60.49,68.02,28.03,526.99,4
09-01-2024 15:54,7,424,88,12.75,58.59,210.34,590.08,1
09-01-2024 15:55,4,438,240,58.23,36.26,211.57,460.15,5
09-01-2024 15:56,2,698,311,36.13,34.68,267.52,536.93,1
09-01-2024 15:57,3,723,59,85.41,26.96,6,248.47,3
09-01-2024 15:58,2,915,170,55.33,18.52,116.73,613.2,5
09-01-2024 15:59,5,853,258,59.97,47.02,8.62,755.97,5
09-01-2024 16:00,6,528,46,90.38,27.04,112.58,397.52,4
09-01-2024 16:01,7,453,2,74.95,66.81,150.04,114.36,1
09-01-2024 16:02,3,642,434,47.25,87.13,161.27,503.38,1
09-01-2024 16:03,4,517,129,50.53,20.51,110,286.3,5
09-01-2024 16:04,8,781,269,65.07,81.97,218.96,346.9,2
09-01-2024 16:05,4,646,326,27.02,64.33,127.6,138.27,1
09-01-2024 16:06,7,554,278,17.54,79.52,157.55,508.11,1
09-01-2024 16:07,6,132,17,36.46,26.62,241.03,634.05,2
09-01-2024 16:08,7,368,187,76.16,82.99,56.42,617.82,4
09-01-2024 16:09,1,116,497,31.87,86.84,99.66,795.23,1
09-01-2024 16:10,3,463,342,21.11,83,158.82,185.51,3
09-01-2024 16:11,6,502,491,28.62,73.91,231.45,733.03,2
09-01-2024 16:12,3,795,326,67.71,21.77,130.48,591.44,1
09-01-2024 16:13,7,247,116,62.19,31.55,26.47,571.84,2
09-01-2024 16:14,9,308,259,68.51,83.49,296.71,553.33,2
09-01-2024 16:15,3,738,366,37.37,32.21,213.83,439.92,4
09-01-2024 16:16,1,347,249,86.57,41.08,218.21,315.35,4
09-01-2024 16:17,10,329,198,48.4,18.79,142.21,755.81,5
09-01-2024 16:18,6,349,337,53.67,62.11,166.38,137.85,1
09-01-2024 16:19,1,178,227,90.65,57.25,298.24,157.27,4
09-01-2024 16:20,1,547,177,93.24,87.13,180.56,33.04,1
09-01-2024 16:21,8,932,243,66.23,81.93,69.58,596.72,5
09-01-2024 16:22,9,487,434,90.31,52.95,289.49,717.31,4
09-01-2024 16:23,2,741,357,56.03,60.7,163.64,165.11,4
09-01-2024 16:24,9,341,495,36.12,45.99,11.1,46.85,5
09-01-2024 16:25,5,256,35,36.78,24.93,174.14,210.4,3
09-01-2024 16:26,8,343,407,57.51,80.08,25.79,709.26,3
09-01-2024 16:27,7,989,456,61.43,56.22,160.64,32.62,5
09-01-2024 16:28,7,899,135,47.37,46.9,248.47,98.9,3
09-01-2024 16:29,4,736,306,85.12,20.13,163.97,39.49,3
09-01-2024 16:30,2,78,10,46.27,64.9,115.17,755.66,3
09-01-2024 16:31,5,228,474,33.24,44.97,265.37,125.69,3
09-01-2024 16:32,3,90,183,10.68,34.03,278.64,722.33,2
09-01-2024 16:33,9,519,202,92.5,80.76,107.51,389.28,2
09-01-2024 16:34,6,241,19,80.07,28.77,152.19,327.99,4
09-01-2024 16:35,1,393,23,62.32,53.63,294.96,352.68,1
09-01-2024 16:36,3,798,95,80.6,74.68,57.54,346.56,2
09-01-2024 16:37,4,865,64,78.87,78.68,92.96,286.55,1
09-01-2024 16:38,9,786,417,89.21,76.4,131.38,652.42,5
09-01-2024 16:39,6,675,450,42.82,82.25,34.76,416.24,5
09-01-2024 16:40,4,327,220,57.16,25.68,85.25,792.96,5
09-01-2024 16:41,1,404,96,18.38,85.53,165.68,423.86,1
09-01-2024 16:42,8,578,353,92.05,15.81,72.41,658.41,5
09-01-2024 16:43,2,135,265,93.74,34.19,207.45,601.18,4
09-01-2024 16:44,8,950,381,77.07,21.3,107.56,332.86,1
09-01-2024 16:45,6,366,157,48.6,85.91,31.49,635.14,4
09-01-2024 16:46,8,906,207,52.21,46.8,230.54,140.87,4
09-01-2024 16:47,6,951,274,47.01,38.65,172.39,178.61,3
09-01-2024 16:48,5,742,338,34.93,27.53,248.34,502.73,4
09-01-2024 16:49,5,386,246,54.86,26.69,111.24,575.02,2
09-01-2024 16:50,10,912,199,14.54,61.04,10.72,522.19,4
09-01-2024 16:51,10,194,462,94.31,18.53,18.77,417.37,5
09-01-2024 16:52,8,364,285,46.04,59.57,239.66,127.33,3
09-01-2024 16:53,7,274,498,88.83,73.1,126.14,310.75,1
09-01-2024 16:54,8,472,372,71.56,60.08,293.03,491.82,4
09-01-2024 16:55,8,103,83,34.65,76.99,249.94,196.33,3
09-01-2024 16:56,7,943,317,28.87,34.89,9.76,517.51,4
09-01-2024 16:57,2,993,133,94.63,20.79,261.64,202.74,4
09-01-2024 16:58,9,982,105,75.63,69.07,67.8,96.33,5
09-01-2024 16:59,7,865,370,31.22,77.11,148.45,272.98,2
09-01-2024 17:00,6,117,237,15.73,52.63,154.31,232.75,3
09-01-2024 17:01,9,668,69,69.24,76.55,22.62,652.15,3
09-01-2024 17:02,1,383,184,35.76,49.34,42.07,397.22,4
09-01-2024 17:03,2,126,118,28.81,29.89,129.8,69.95,3
09-01-2024 17:04,1,588,180,72.47,50.58,194.57,656.14,1
09-01-2024 17:05,10,905,271,67.74,31.2,83,229.58,1
09-01-2024 17:06,3,204,90,50.92,50.4,160.29,462.94,4
09-01-2024 17:07,5,121,88,90.13,26.07,116.84,442.39,3
09-01-2024 17:08,1,550,83,67.77,28.92,190.96,777.84,4
09-01-2024 17:09,4,496,20,85.94,81.22,130.21,218.85,1
09-01-2024 17:10,8,741,107,26.2,23.69,256.23,133.24,3
09-01-2024 17:11,6,608,329,35.21,31.82,295.2,221.57,2
09-01-2024 17:12,1,803,348,18.88,89.66,274.35,469.64,4
09-01-2024 17:13,1,408,272,35.89,58.2,54.74,189.68,1
09-01-2024 17:14,3,326,331,92.6,58.94,139.87,285.57,1
09-01-2024 17:15,10,932,98,91.84,78.37,140.35,533.28,2
09-01-2024 17:16,8,362,409,74.63,54.32,252.94,110.85,4
09-01-2024 17:17,8,154,232,54.29,31.63,110.37,757.34,5
09-01-2024 17:18,3,144,375,76.37,46.68,167.13,435.23,5
09-01-2024 17:19,7,268,57,57.05,71.63,184.74,397.21,1
09-01-2024 17:20,3,731,149,10.3,80.43,37.9,303.17,5
09-01-2024 17:21,4,927,389,52.63,35.49,169.6,211.62,1
09-01-2024 17:22,9,993,459,60.91,34.65,77.82,397.05,5
09-01-2024 17:23,4,844,235,32.59,39.57,65.95,399.29,1
09-01-2024 17:24,3,177,137,27.28,59.72,78.84,63.78,3
09-01-2024 17:25,5,249,267,33.27,35.89,34.31,680.96,2
09-01-2024 17:26,7,978,229,63.01,81.99,25.57,660.19,1
09-01-2024 17:27,5,381,361,22.42,88.35,195.83,369.29,5
09-01-2024 17:28,4,596,321,71.23,65.93,282.59,282.67,4
09-01-2024 17:29,8,915,447,45.93,87.77,207.96,409.17,5
09-01-2024 17:30,4,705,282,40.03,36.59,97,192.72,2
09-01-2024 17:31,2,341,202,78.61,76.14,103.84,20.66,5
09-01-2024 17:32,10,115,232,53.02,65.88,164.71,296.36,5
09-01-2024 17:33,6,780,19,42.16,34.74,260.56,34.04,4
09-01-2024 17:34,2,617,16,84.64,38.88,64.73,51.75,1
09-01-2024 17:35,3,706,493,41.3,51.65,143.21,42.99,3
09-01-2024 17:36,1,453,56,83.02,74.37,152.19,706.45,4
09-01-2024 17:37,5,774,357,52.86,80.42,279.71,132.01,2
09-01-2024 17:38,9,655,114,27.68,62.55,163.17,218.38,4
09-01-2024 17:39,2,667,489,62.09,69.12,235.35,402.41,1
09-01-2024 17:40,7,645,68,34.25,34.79,30.9,432.86,2
09-01-2024 17:41,5,697,78,22.51,70.58,101.44,115.21,3
09-01-2024 17:42,2,195,30,17.35,60.37,185.37,729.42,3
09-01-2024 17:43,8,810,7,30.54,31.72,204.9,200.24,5
09-01-2024 17:44,6,579,396,72.61,86.26,266.14,755.22,5
09-01-2024 17:45,4,451,152,81.23,53.46,179.18,220.36,2
09-01-2024 17:46,4,174,487,83.25,74.58,90.43,22.02,3
09-01-2024 17:47,2,563,363,32.96,54.42,164.03,778.05,1
09-01-2024 17:48,3,381,22,66.18,84.97,214.9,397.3,2
09-01-2024 17:49,7,529,431,29.58,25.6,236.38,705.43,5
09-01-2024 17:50,3,761,30,62.93,55.96,283.65,592.79,5
09-01-2024 17:51,5,996,444,85.41,16.89,61.27,159.63,5
09-01-2024 17:52,10,699,167,13.48,29.8,199.98,679.31,4
09-01-2024 17:53,6,764,148,93.74,36.08,64.09,59.84,3
09-01-2024 17:54,6,447,410,80.3,50.45,98.77,415.9,4
09-01-2024 17:55,4,843,49,74.74,76.51,47.12,218.21,2
09-01-2024 17:56,6,864,325,68.77,50,233.03,302.04,4
09-01-2024 17:57,3,79,488,75.47,57.09,274.63,610.48,3
09-01-2024 17:58,7,105,298,94.54,84.3,13.83,553.04,2
09-01-2024 17:59,7,680,262,75.47,71.74,244.98,363.27,3
09-01-2024 18:00,4,987,181,39.89,18.77,76.32,55.82,3
09-01-2024 18:01,2,181,290,62.18,28.23,148.66,51.13,1
09-01-2024 18:02,7,280,122,38.64,17.87,225.72,567.72,1
09-01-2024 18:03,3,444,124,92.46,20.18,154.52,760.09,1
09-01-2024 18:04,1,201,453,86.51,40.41,73.22,680.87,5
09-01-2024 18:05,2,551,266,58.25,69.59,272.32,115.3,4
09-01-2024 18:06,10,982,28,76.41,33.33,180.11,114.56,1
09-01-2024 18:07,9,555,259,87.32,44.42,279.72,496.21,2
09-01-2024 18:08,8,435,77,30.71,44.54,254.76,532.94,5
09-01-2024 18:09,6,957,432,59.26,59.27,263.59,500.86,1
09-01-2024 18:10,6,582,367,50.95,81.97,111.71,710.61,4
09-01-2024 18:11,1,497,194,75.59,88.74,296.26,200.18,5
09-01-2024 18:12,2,629,382,42.22,60.35,256.46,154.39,5
09-01-2024 18:13,4,175,35,70.26,52.88,104.59,733.05,2
09-01-2024 18:14,3,604,436,44.25,66.14,269.44,583.28,3
09-01-2024 18:15,1,743,114,19.44,65.1,227.81,575.15,2
09-01-2024 18:16,8,538,62,19.11,54.3,218.92,281.6,4
09-01-2024 18:17,7,661,52,20.12,70.27,6.84,509.74,4
09-01-2024 18:18,4,940,116,12.76,51.85,11.66,586.83,4
09-01-2024 18:19,9,495,47,55.3,89.73,209.96,488.22,5
09-01-2024 18:20,4,519,438,67.11,18.67,87.21,594.25,4
09-01-2024 18:21,1,398,412,20.77,48.24,22.26,480.24,2
09-01-2024 18:22,10,557,101,62.01,44.78,89.36,785.98,5
09-01-2024 18:23,1,506,279,60.81,72.77,252.18,403.76,2
09-01-2024 18:24,1,957,107,22.5,29.31,143.83,29.73,1
09-01-2024 18:25,1,801,471,44.35,47.56,186.6,147.41,1
09-01-2024 18:26,4,434,35,74.19,67.35,241.15,772.04,1
09-01-2024 18:27,1,761,489,11.42,60.24,100.4,386.23,2
09-01-2024 18:28,2,978,359,22.49,55.88,8.29,114.01,3
09-01-2024 18:29,4,497,375,94.65,47.62,100.38,141.54,2
09-01-2024 18:30,7,677,288,72.35,71.4,287.22,42.58,1
09-01-2024 18:31,2,164,2,49.45,63.48,147.27,196.54,3
09-01-2024 18:32,8,501,239,63.53,80.6,173.09,789.58,5
09-01-2024 18:33,7,703,492,81.93,69.97,229.33,276.48,4
09-01-2024 18:34,9,168,368,81.6,25.53,38.91,215.2,3
09-01-2024 18:35,6,142,378,37.6,61.47,221.51,540.74,1
09-01-2024 18:36,4,959,272,51.76,18.34,92.84,545.87,3
09-01-2024 18:37,6,570,144,64.23,44.05,119.51,774.91,4
09-01-2024 18:38,4,634,435,16.11,45.9,84.5,589.09,5
09-01-2024 18:39,7,587,451,90.39,79.12,50.3,105.77,2
09-01-2024 18:40,9,482,92,46.78,28.53,111.63,788.77,3
09-01-2024 18:41,3,800,221,41.52,63.27,32.92,605.19,1
09-01-2024 18:42,3,923,54,87.1,29.43,254.21,222.19,4
09-01-2024 18:43,2,194,404,20.05,86.15,95.25,223.73,3
09-01-2024 18:44,1,117,228,13.34,54.71,197.82,768.8,3
09-01-2024 18:45,1,749,33,68.23,68.12,92.53,170.26,3
09-01-2024 18:46,3,927,214,42.73,63.49,67.16,197.52,1
09-01-2024 18:47,7,180,136,74.98,37.77,215.53,299.97,3
09-01-2024 18:48,9,782,248,15.83,82.59,189.08,549.99,3
09-01-2024 18:49,2,330,495,42.62,62.04,69.34,355.18,5
09-01-2024 18:50,7,838,408,30,53.27,185.57,262.79,1
09-01-2024 18:51,1,701,53,72.87,54.63,6.48,228.75,3
09-01-2024 18:52,2,615,64,29.31,81.8,57.19,117.57,4
09-01-2024 18:53,6,562,314,48.93,19.43,219.69,446.08,2
09-01-2024 18:54,5,689,374,79.6,44.18,125.99,233.26,2
09-01-2024 18:55,8,50,37,87.81,78.12,65.07,278.56,5
09-01-2024 18:56,2,734,212,71.42,17.81,154.25,26.08,1
09-01-2024 18:57,1,991,12,46.48,62.94,142.24,434.37,4
09-01-2024 18:58,7,481,468,58.62,45.24,192.01,563.21,1
09-01-2024 18:59,6,440,84,68.62,30.34,26.4,743.48,2
09-01-2024 19:00,8,315,388,84.37,60.86,246.71,173.76,4
09-01-2024 19:01,8,448,94,85.53,77.33,22.19,737.1,2
09-01-2024 19:02,2,857,415,89.13,50.05,138.89,301.68,2
09-01-2024 19:03,8,305,342,78.91,26.01,214.59,645.87,1
09-01-2024 19:04,6,444,207,22.48,37.96,106.72,719.51,3
09-01-2024 19:05,9,223,38,73.55,88.6,273.48,769.86,5
09-01-2024 19:06,7,94,421,79.24,23.33,227.79,273.85,4
09-01-2024 19:07,2,904,348,84.62,27.05,130.68,223.15,5
09-01-2024 19:08,8,190,203,88.61,89.26,59.23,362.86,4
09-01-2024 19:09,9,588,270,53.28,81.16,17.81,452.63,2
09-01-2024 19:10,7,794,75,65.68,68.03,241.49,558.71,4
09-01-2024 19:11,4,770,128,10.81,26.32,62.31,559.66,4
09-01-2024 19:12,9,99,329,58.69,33.04,84.55,110.99,1
09-01-2024 19:13,4,110,152,50.22,28.51,8.06,497.22,5
09-01-2024 19:14,4,292,10,91.8,62.32,10.38,150.94,5
09-01-2024 19:15,9,318,38,86.65,44.92,72.97,574.87,4
09-01-2024 19:16,8,189,427,77.8,18.58,262.5,781.73,3
09-01-2024 19:17,4,206,105,14.84,36.85,235.34,621.3,3
09-01-2024 19:18,8,646,165,44.17,79.55,232.11,561.89,5
09-01-2024 19:19,8,645,426,69.16,74.7,248.98,80.44,4
09-01-2024 19:20,7,325,32,12.52,63.23,60.05,164.01,5
09-01-2024 19:21,10,80,212,30.04,21.42,293.82,297.09,1
09-01-2024 19:22,6,57,14,85.44,81.21,73.5,748.11,2
09-01-2024 19:23,8,841,230,21.03,55.09,49.23,278.1,1
09-01-2024 19:24,7,764,132,14.37,52.09,91.92,654.74,2
09-01-2024 19:25,5,984,152,59.35,85.05,161.48,100.93,4
09-01-2024 19:26,4,82,96,90.45,15.66,41.71,536.36,4
09-01-2024 19:27,2,859,10,80.94,56.69,222.89,627.7,1
09-01-2024 19:28,8,704,374,92.86,74.34,114.6,443.48,1
09-01-2024 19:29,9,501,363,74.05,19.78,172.68,618.14,3
09-01-2024 19:30,4,498,16,47.18,41.79,221.6,584.46,1
09-01-2024 19:31,4,977,167,90.46,88.31,271.06,392.04,5
09-01-2024 19:32,5,956,96,46.26,30.88,246.71,695.1,2
09-01-2024 19:33,2,911,18,39.76,54.84,163.55,286.47,3
09-01-2024 19:34,7,86,409,48.1,70.96,297.4,351.82,5
09-01-2024 19:35,5,708,7,79.19,44.28,161.27,441.09,5
09-01-2024 19:36,6,996,184,88,45.59,163.11,121.94,1
09-01-2024 19:37,4,789,382,40.4,19.75,51.75,421.95,3
09-01-2024 19:38,8,83,245,49.29,29.26,48.87,272.81,4
09-01-2024 19:39,8,504,431,86.36,81.05,54.77,220.2,4
09-01-2024 19:40,5,493,371,14,76.37,179.59,469.93,1
09-01-2024 19:41,6,286,466,76.63,37.85,127.48,277.09,2
09-01-2024 19:42,3,261,367,48.61,43.63,118.84,687.3,1
09-01-2024 19:43,1,870,82,42,48.03,42.63,339.78,2
09-01-2024 19:44,9,189,131,47.99,40.95,117.42,342.17,5
09-01-2024 19:45,9,751,129,45.59,64.04,116.51,785.91,3
09-01-2024 19:46,3,657,289,74.31,15.96,188.14,286.39,4
09-01-2024 19:47,4,755,455,88.88,81.01,119.58,122.56,5
09-01-2024 19:48,7,410,74,51.77,37.55,128.53,703.73,1
09-01-2024 19:49,2,353,364,80.78,80.43,85.4,735.26,3
09-01-2024 19:50,3,345,59,72.22,49.08,43.79,196.63,4
09-01-2024 19:51,6,201,72,38.11,73.22,93.5,708.02,5
09-01-2024 19:52,8,995,160,59.92,76.93,17.62,405.75,1
09-01-2024 19:53,1,272,87,66.68,37.6,65.09,53.88,2
09-01-2024 19:54,4,245,401,12,63.02,100.86,448.09,3
09-01-2024 19:55,1,649,462,43.66,60.56,47.97,682.04,2
09-01-2024 19:56,2,348,17,94.37,50.7,201.17,329.39,3
09-01-2024 19:57,8,578,89,64.17,50.22,87.83,449.78,2
09-01-2024 19:58,6,537,149,38.41,37.89,186.58,129.68,5
09-01-2024 19:59,9,260,311,31.25,38.26,194.95,676.91,4
09-01-2024 20:00,2,281,6,27.81,56.11,136.95,103.37,1
09-01-2024 20:01,3,919,84,44.14,17.42,137.49,93.65,4
09-01-2024 20:02,9,744,433,26.43,85.02,176.53,748.18,3
09-01-2024 20:03,9,723,84,21.49,63.75,82.42,701.31,2
09-01-2024 20:04,6,416,250,40.95,48.26,11.27,468.4,4
09-01-2024 20:05,3,530,154,61.59,19.64,195.28,102.8,1
09-01-2024 20:06,5,631,416,22.44,62.25,184.51,445.87,1
09-01-2024 20:07,2,621,72,13.77,16.33,145.53,738.02,4
09-01-2024 20:08,7,228,109,12.94,65.99,263.35,497.64,2
09-01-2024 20:09,10,533,112,32.73,20.44,155.04,174.63,3
09-01-2024 20:10,8,638,172,26.16,64.21,94.53,726.55,5
09-01-2024 20:11,6,544,187,55.84,45.44,215.49,695.06,2
09-01-2024 20:12,8,596,285,48.74,64.7,288.91,446.34,5
09-01-2024 20:13,2,979,273,37.61,25.39,222.38,684.75,4
09-01-2024 20:14,3,65,18,80.85,23.8,273.11,63.96,4
09-01-2024 20:15,7,515,168,52.92,33.56,38.25,379.72,4
09-01-2024 20:16,10,451,319,17.78,45.86,40.69,158.91,3
09-01-2024 20:17,1,343,82,35.14,33.98,50.61,673.28,4
09-01-2024 20:18,7,220,75,92.73,21.15,212.34,777.53,2
09-01-2024 20:19,6,81,429,93.04,39.38,119.96,745.95,2
09-01-2024 20:20,8,312,460,31.65,67.93,145.92,412.61,3
09-01-2024 20:21,7,264,335,24.22,58.73,82.27,418.58,1
09-01-2024 20:22,4,607,346,52.13,87.25,222.15,728.42,5
09-01-2024 20:23,3,238,249,50.92,47.69,254.38,582.96,2
09-01-2024 20:24,3,835,131,44.86,39.96,52.26,78.19,2
09-01-2024 20:25,4,632,387,55,67.03,61.86,120.11,4
09-01-2024 20:26,9,857,422,29.74,45.9,105.12,762.34,1
09-01-2024 20:27,9,649,355,19.77,61.37,87.65,305.39,4
09-01-2024 20:28,2,895,201,58.49,85.97,161.8,166.14,3
09-01-2024 20:29,5,995,363,89.27,52.44,227.01,593.72,5
09-01-2024 20:30,1,310,296,21.71,52.36,239.02,706.16,5
09-01-2024 20:31,4,231,68,69.91,73.14,66.49,181.11,4
09-01-2024 20:32,2,554,438,47.22,71.71,56.8,216.12,5
09-01-2024 20:33,8,391,20,34.99,53.72,112.29,721.95,5
09-01-2024 20:34,4,71,271,82.51,19.85,48.58,30.27,1
09-01-2024 20:35,5,123,93,48.8,88.56,32.08,728.2,2
09-01-2024 20:36,4,651,133,59.58,43.3,76.56,50.62,3
09-01-2024 20:37,5,896,295,47.66,38.75,121.21,94.41,1
09-01-2024 20:38,5,215,296,16.91,88.62,178.41,692.57,1
09-01-2024 20:39,5,283,135,60.57,80.41,218.37,213.77,4
09-01-2024 20:40,3,424,456,45.6,39.77,70.73,195.26,4
09-01-2024 20:41,7,482,352,17.37,38.12,246.51,678.42,4
09-01-2024 20:42,3,690,356,60.64,69.07,14.93,442.91,3
09-01-2024 20:43,2,383,33,10.84,40.07,135.99,293.48,4
09-01-2024 20:44,3,853,374,27.72,33.86,191.76,577.1,2
09-01-2024 20:45,3,656,293,76.39,88.48,90.92,651.6,3
09-01-2024 20:46,8,589,32,13.22,57.43,206.69,692.96,5
09-01-2024 20:47,4,915,43,64.97,72.19,260.78,113.09,3
09-01-2024 20:48,3,84,447,90.73,68.48,31.36,474.39,5
09-01-2024 20:49,10,493,292,24.55,71.66,156.21,549.01,1
09-01-2024 20:50,5,280,354,45.45,82.75,10.54,110.85,5
09-01-2024 20:51,4,367,305,58.92,52.56,87.47,495.9,3
09-01-2024 20:52,9,392,281,48.29,71.5,45.4,44.91,2
09-01-2024 20:53,8,479,108,62.73,74.76,189.16,286.43,2
09-01-2024 20:54,7,925,96,44.35,85.98,78.36,154.17,5
09-01-2024 20:55,8,686,66,22.62,68.48,88.31,457.74,3
09-01-2024 20:56,5,515,9,17.57,81.95,65.66,169.05,5
09-01-2024 20:57,4,128,230,73.28,22.13,76.92,635.53,5
09-01-2024 20:58,7,942,221,30.28,24.46,71.41,114.49,1
09-01-2024 20:59,1,622,358,82.03,26.88,210.87,611.11,3
09-01-2024 21:00,6,498,402,73.16,25.86,286.96,97.15,5
09-01-2024 21:01,8,778,278,14.2,21.56,149.62,365.07,4
09-01-2024 21:02,7,331,99,27.1,24.19,182.11,564.86,4
09-01-2024 21:03,2,724,271,34.82,89.69,246.34,145.95,4
09-01-2024 21:04,7,106,263,60.53,35.41,145.45,606.83,5
09-01-2024 21:05,6,240,397,78.84,50.85,94.1,763.66,3
09-01-2024 21:06,5,693,362,15.13,76.62,285.54,311.25,1
09-01-2024 21:07,4,512,164,31.22,23.87,272.32,20.14,4
09-01-2024 21:08,1,91,16,41.98,38.8,70.01,391.93,5
09-01-2024 21:09,2,535,169,25.59,26.95,212.41,723.9,5
09-01-2024 21:10,7,222,21,56.35,19.69,195.91,538.7,3
09-01-2024 21:11,10,728,28,50.63,87.06,196.64,568.56,5
09-01-2024 21:12,3,299,330,36.9,79.38,250.03,638.12,3
09-01-2024 21:13,5,559,83,53.94,80.95,203.86,728.4,1
09-01-2024 21:14,8,551,273,40.24,80.15,157.81,117.35,1
09-01-2024 21:15,8,242,321,39.17,26.59,254.59,480.36,5
09-01-2024 21:16,6,839,397,32.56,73.87,83.13,713.99,2
09-01-2024 21:17,5,956,36,55.94,69.59,205.37,625.19,1
09-01-2024 21:18,2,799,495,47.75,84.41,211.95,214.17,3
09-01-2024 21:19,9,791,314,26.69,31.45,261.74,702.19,5
09-01-2024 21:20,1,214,490,11.1,46.05,299.5,249.4,2
09-01-2024 21:21,2,804,276,22.83,37.12,169.48,340.49,1
09-01-2024 21:22,1,139,233,13.64,34.34,147.9,164.8,3
09-01-2024 21:23,4,740,104,46.69,63.93,182.2,710.48,5
09-01-2024 21:24,4,107,436,29.13,27.3,199.31,92.55,3
09-01-2024 21:25,5,312,6,45.74,49.86,215.33,795.4,5
09-01-2024 21:26,5,697,23,38,63.5,87.96,276.37,2
09-01-2024 21:27,8,799,170,55.73,24.77,148.67,574.43,3
09-01-2024 21:28,3,868,152,71.53,34.27,114.42,120.41,3
09-01-2024 21:29,6,292,244,50.74,87.55,16.44,400.53,1
09-01-2024 21:30,3,712,241,15.27,74.66,184.81,51.3,3
09-01-2024 21:31,2,907,261,11.49,65.77,263.07,705.15,1
09-01-2024 21:32,8,925,416,28.12,79.2,276.83,368.21,3
09-01-2024 21:33,1,808,46,46.12,16.05,157.64,599.35,3
09-01-2024 21:34,9,268,273,13.82,15.46,230.94,717.72,1
09-01-2024 21:35,7,58,75,37.86,26.55,215.16,73.5,1
09-01-2024 21:36,10,479,283,85.4,52.14,72.52,418.92,1
09-01-2024 21:37,4,855,196,17.65,57.75,23.56,167.84,2
09-01-2024 21:38,3,928,23,90.62,23.53,225.62,73.83,5
09-01-2024 21:39,6,62,87,82.82,20.42,88.39,505.19,4
09-01-2024 21:40,9,824,369,80.7,77.13,167.07,109,5
09-01-2024 21:41,9,956,121,83.41,49.84,159.6,403.71,5
09-01-2024 21:42,4,274,418,16.8,89.44,246.27,173.6,5
09-01-2024 21:43,10,792,149,22.85,32.2,195.17,174.22,2
09-01-2024 21:44,5,739,150,21.42,63.54,254.91,427.94,5
09-01-2024 21:45,9,808,65,19.46,75.33,226.91,453.2,2
09-01-2024 21:46,2,116,160,37.86,80.45,299.95,22.71,4
09-01-2024 21:47,2,858,446,80.57,37.97,259.84,410.6,4
09-01-2024 21:48,5,718,284,31.42,29.5,67.27,542.41,1
09-01-2024 21:49,1,726,82,30.76,31.96,288.61,549.24,5
09-01-2024 21:50,8,552,7,67.45,65.01,105.34,682.91,5
09-01-2024 21:51,5,233,182,18.24,54.17,184.31,718.33,1
09-01-2024 21:52,10,257,358,40.62,59.92,282.7,505.83,2
09-01-2024 21:53,2,577,454,35.11,16.54,68.18,395.83,5
09-01-2024 21:54,9,349,14,82.02,44.32,257.9,179.2,5
09-01-2024 21:55,2,867,478,53.73,38.26,286.18,118.87,4
09-01-2024 21:56,7,290,183,64.95,79.78,256.86,495.1,2
09-01-2024 21:57,8,504,314,20.97,73.22,246.66,758.33,2
09-01-2024 21:58,6,791,44,88.96,47.22,83.06,237.01,4
09-01-2024 21:59,7,951,174,37.41,62.29,125.09,97.57,2
09-01-2024 22:00,1,579,14,70.08,18.58,229.3,350.61,1
09-01-2024 22:01,4,708,300,91.14,62.79,39.86,20.38,5
09-01-2024 22:02,7,293,425,53.24,22.29,267.07,451.79,3
09-01-2024 22:03,1,612,73,53.14,68.55,67.03,58.59,1
09-01-2024 22:04,1,820,223,19.97,58.04,171.62,746.15,4
09-01-2024 22:05,6,287,2,43.17,37.54,35.99,698.55,4
09-01-2024 22:06,4,295,210,82.46,42.81,59.63,109.62,4
09-01-2024 22:07,3,394,261,21.48,21.76,177.72,134.58,3
09-01-2024 22:08,5,533,90,87.99,39.21,192.22,763.69,1
09-01-2024 22:09,9,359,343,66.72,87.51,84.58,654.57,3
09-01-2024 22:10,10,610,396,45.78,51.46,40.13,754.78,5
09-01-2024 22:11,10,333,334,56.45,50.57,167.12,280.91,4
09-01-2024 22:12,10,87,252,22.79,62.19,252.99,106.55,3
09-01-2024 22:13,3,845,383,28.49,51.33,64.43,500,5
09-01-2024 22:14,5,81,333,34.34,41.66,209.01,774.03,5
09-01-2024 22:15,10,292,355,42.71,25.46,118.83,121.37,5
09-01-2024 22:16,5,602,47,87.82,62.27,283.21,658.74,4
09-01-2024 22:17,9,341,335,41.24,71.17,29.36,300.5,2
09-01-2024 22:18,10,664,163,54.53,84.23,16.79,110.1,5
09-01-2024 22:19,4,341,116,23.77,15.23,41.67,378.05,2
09-01-2024 22:20,1,668,403,72.56,20,235.82,401.21,5
09-01-2024 22:21,10,807,79,57.62,82.46,277.22,27.09,3
09-01-2024 22:22,5,431,447,47.39,62.34,247.63,390.07,5
09-01-2024 22:23,1,648,371,90.51,86.84,216.76,525.03,4
09-01-2024 22:24,6,627,8,85.71,47.31,21.99,616.44,4
09-01-2024 22:25,10,187,23,66.06,46.25,68.07,96.87,2
09-01-2024 22:26,10,887,269,88.35,40.82,280.94,703.7,2
09-01-2024 22:27,7,249,279,58.01,25.71,188.72,150.84,1
09-01-2024 22:28,1,384,31,80.29,43.4,143.16,533.46,3
09-01-2024 22:29,10,654,414,44.8,16.1,197.43,451.05,1
09-01-2024 22:30,4,496,170,17.37,53.2,57.69,706.41,5
09-01-2024 22:31,9,397,130,94.5,78.54,268.4,50.14,2
09-01-2024 22:32,1,327,395,24.08,39.09,198.61,169.42,4
09-01-2024 22:33,9,581,409,31.38,22.1,144.02,115.13,3
09-01-2024 22:34,8,850,157,23.86,88.03,139.93,275.49,4
09-01-2024 22:35,5,448,22,38.69,24.67,247.6,284.3,2
09-01-2024 22:36,6,440,126,34.59,54.65,95.82,89.12,1
09-01-2024 22:37,7,651,403,61.09,75.69,45.45,421.17,3
09-01-2024 22:38,4,611,457,94.7,33.93,59.77,110.67,2
09-01-2024 22:39,6,59,169,14.46,78.11,28.94,77.99,4
09-01-2024 22:40,7,640,166,76.17,56.78,154.82,45.87,5
09-01-2024 22:41,6,598,157,20.88,39.9,204.79,744.73,5
09-01-2024 22:42,6,108,330,11.69,79.93,280.53,329.46,5
09-01-2024 22:43,2,137,22,64.28,61.65,226.49,241.28,1
09-01-2024 22:44,5,508,472,84.23,61.15,177.02,396.17,4
09-01-2024 22:45,3,153,264,24.99,52.8,259.87,143,3
09-01-2024 22:46,7,880,303,39.04,35.61,268.2,336.8,2
09-01-2024 22:47,4,838,390,24.34,37.86,215.15,168.63,5
09-01-2024 22:48,1,153,263,87.05,21.61,21.6,257.43,5
09-01-2024 22:49,6,303,212,32.98,33.28,91.07,740.89,1
09-01-2024 22:50,6,791,465,47.8,35.84,104.17,135.99,5
09-01-2024 22:51,7,384,164,86.05,19.4,299.23,389.6,1
09-01-2024 22:52,8,512,136,56.99,23.27,141.93,535.47,1
09-01-2024 22:53,3,598,252,89.29,35.27,229.76,736.04,1
09-01-2024 22:54,6,350,205,88.75,65.79,245.07,739.95,5
09-01-2024 22:55,10,703,344,49.24,28.82,197.71,212.86,5
09-01-2024 22:56,2,604,302,59.5,54.14,10.39,755.66,3
09-01-2024 22:57,9,677,242,29.58,53.09,10.71,278.48,1
09-01-2024 22:58,2,390,320,94.2,77.55,246.54,718.04,2
09-01-2024 22:59,3,541,415,33.66,60.69,223.08,92.7,4
09-01-2024 23:00,10,133,279,76.58,83.77,163.15,174.71,1
09-01-2024 23:01,2,978,61,36.6,62.11,78.42,81.62,2
09-01-2024 23:02,9,308,465,36.61,16.91,30.58,253.24,1
09-01-2024 23:03,1,409,306,18.83,43.61,53.46,701.61,5
09-01-2024 23:04,5,136,302,57.59,67.43,176.2,144.23,5
09-01-2024 23:05,1,477,472,30.81,50.63,166.02,195.38,3
09-01-2024 23:06,5,416,299,22.61,46.45,282.67,188.62,3
09-01-2024 23:07,8,392,394,29.27,65.37,287.4,234.26,1
09-01-2024 23:08,8,396,95,31.34,36.43,174.92,34.57,5
09-01-2024 23:09,8,852,493,52.85,83.17,253.22,350.6,1
09-01-2024 23:10,2,970,148,42.8,45.99,244.61,781.51,2
09-01-2024 23:11,8,145,400,16.42,62.34,226.95,369.51,1
09-01-2024 23:12,5,304,462,55.56,88.67,134.01,654.41,3
09-01-2024 23:13,1,903,259,76.96,73.91,119.87,465.72,4
09-01-2024 23:14,7,185,30,58.81,54.87,82.92,31.61,2
09-01-2024 23:15,6,297,18,92.84,79.45,281.44,476.7,3
09-01-2024 23:16,5,548,187,18.43,57.03,251.16,758.28,5
09-01-2024 23:17,1,933,454,79.8,48.12,57.25,451.74,1
09-01-2024 23:18,1,535,212,52.98,80.51,79.48,431.79,3
09-01-2024 23:19,6,451,35,54.34,17.04,176.49,542.78,3
09-01-2024 23:20,10,653,147,54.12,45.56,127.01,699.29,5
09-01-2024 23:21,7,461,282,37.65,40.72,68.1,460.51,4
09-01-2024 23:22,10,957,35,37.59,68.56,238.39,337.02,5
09-01-2024 23:23,10,497,76,63.71,15.94,5.46,48.92,1
09-01-2024 23:24,1,296,72,13.81,64.56,106.27,106.63,5
09-01-2024 23:25,9,819,249,60.05,40.98,279.16,526,1
09-01-2024 23:26,4,748,57,71.59,22.34,229.43,502.77,5
09-01-2024 23:27,5,470,357,40.29,88.52,123.38,206.44,4
09-01-2024 23:28,2,173,305,28.48,30.92,278.97,580.76,1
09-01-2024 23:29,10,309,10,28.14,41.18,270.74,238.14,1
09-01-2024 23:30,8,218,213,16.96,30.53,20.51,257.88,3
09-01-2024 23:31,2,990,497,17.63,64.65,42.74,67.89,5
09-01-2024 23:32,3,926,361,24.17,73.69,119.23,449.22,3
09-01-2024 23:33,9,160,237,11.63,79.55,279.17,244.4,2
09-01-2024 23:34,2,339,234,32.63,38.32,254.04,658.77,1
09-01-2024 23:35,6,648,413,36.04,54.34,19.09,645.14,4
09-01-2024 23:36,4,62,223,94.59,64.74,156.14,120.19,4
09-01-2024 23:37,7,312,104,94.29,62.21,217.47,144.79,1
09-01-2024 23:38,6,849,327,25.9,68.7,86.4,270.37,3
09-01-2024 23:39,10,72,98,28.11,72.73,218.14,473.07,1
09-01-2024 23:40,9,994,226,51.81,22.31,114.07,287.16,2
09-01-2024 23:41,9,249,222,22.65,27.62,85.85,293.2,2
09-01-2024 23:42,10,291,324,52.84,70.07,120.81,129.25,2
09-01-2024 23:43,4,288,489,43.95,50.75,285.49,281.77,1
09-01-2024 23:44,1,352,478,37.59,47.03,272.06,386.92,5
09-01-2024 23:45,2,214,473,79.92,49.16,274.62,788.08,3
09-01-2024 23:46,8,787,334,80.39,42.9,275.63,673.61,4
09-01-2024 23:47,10,225,280,93.97,59.33,57.59,638.53,5
09-01-2024 23:48,8,78,43,28.96,39.25,269.34,456.66,1
09-01-2024 23:49,2,726,351,85.5,62.76,67.62,300.87,3
09-01-2024 23:50,4,584,382,55.72,30.2,252.25,688.42,1
09-01-2024 23:51,1,343,423,60.27,71.83,164.86,291,4
09-01-2024 23:52,7,526,348,86.18,73.62,75.79,482.38,1
09-01-2024 23:53,4,432,153,90.12,58.39,122.56,220.6,1
09-01-2024 23:54,8,605,339,71.78,42.7,132.85,625.6,5
09-01-2024 23:55,9,822,452,39.57,16.08,221.29,421.34,1
09-01-2024 23:56,9,741,290,51.62,24.11,183.78,718.23,4
09-01-2024 23:57,3,345,224,62.28,20.98,245.95,463.74,5
09-01-2024 23:58,5,700,473,80.43,15.77,122.06,148.16,1
09-01-2024 23:59,6,383,119,65.93,69.17,224.36,794.5,1
10-01-2024 00:00,6,297,214,41.06,86.71,238.88,411.53,2
10-01-2024 00:01,10,290,53,45.52,15.84,23.63,215.55,2
10-01-2024 00:02,8,155,220,14.29,23.45,115.81,276.84,5
10-01-2024 00:03,6,947,439,88.56,79.55,266.37,114.56,4
10-01-2024 00:04,6,980,243,17.49,66.64,212.97,77.67,1
10-01-2024 00:05,4,734,53,59.29,45.35,128.44,371.44,3
10-01-2024 00:06,7,610,402,84.09,89.46,58.98,762.46,5
10-01-2024 00:07,8,172,117,45.77,58.02,33.5,115.92,5
10-01-2024 00:08,3,84,391,78.01,65.22,72.66,724.12,1
10-01-2024 00:09,7,667,447,78.32,63.99,77.18,641.45,5
10-01-2024 00:10,3,889,331,15.09,31.7,114.35,649.01,3
10-01-2024 00:11,8,465,42,45.03,51.61,57.19,573.76,5
10-01-2024 00:12,1,757,395,68.74,31.23,48.08,481.63,4
10-01-2024 00:13,1,670,247,45.9,53.21,253.98,114.68,3
10-01-2024 00:14,6,686,393,56.34,17.31,78.61,469.01,4
10-01-2024 00:15,10,376,291,60.53,43.65,170.67,294.54,2
10-01-2024 00:16,9,344,248,22.85,42.92,63.79,102.14,2
10-01-2024 00:17,4,481,101,45.02,36.87,150.07,646.99,1
10-01-2024 00:18,6,396,87,12.42,20.94,86.63,446.31,1
10-01-2024 00:19,5,86,353,22.72,72.82,30.61,601.07,5
10-01-2024 00:20,1,749,449,53.54,46.53,294.74,394.02,2
10-01-2024 00:21,6,561,84,58.75,76.05,140.05,450.34,5
10-01-2024 00:22,9,898,261,22.43,77.68,120.95,575.63,5
10-01-2024 00:23,3,949,221,74.23,31.02,63.74,212.62,4
10-01-2024 00:24,3,584,154,41.7,46.6,151.13,680.7,3
10-01-2024 00:25,2,959,51,88.26,69.07,192.39,348.34,4
10-01-2024 00:26,4,822,38,42.95,52.46,94.87,572.62,4
10-01-2024 00:27,10,755,259,22.73,79.13,146.72,274.34,4
10-01-2024 00:28,3,927,469,74.43,57.87,74.94,567.93,3
10-01-2024 00:29,2,713,187,58.26,62.22,160.68,53.95,4
10-01-2024 00:30,1,67,13,42.87,74.03,237.23,744.82,1
10-01-2024 00:31,3,76,223,40.26,24.17,22.76,633.78,5
10-01-2024 00:32,10,585,465,22.82,58.82,157.76,538.55,4
10-01-2024 00:33,6,78,419,38.97,21.41,122.81,272.63,2
10-01-2024 00:34,9,700,87,12.49,34.54,26.84,677.22,3
10-01-2024 00:35,5,707,259,52.7,30.94,282.45,618.8,5
10-01-2024 00:36,3,684,181,86.22,57.53,81.65,373.41,4
10-01-2024 00:37,5,689,311,77.6,78.29,171.56,174.01,3
10-01-2024 00:38,5,929,173,12.42,24.96,114.92,156.9,3
10-01-2024 00:39,5,166,322,84.91,72.63,84.98,400.79,2
10-01-2024 00:40,7,181,195,48.45,25.73,160.52,631.06,3
10-01-2024 00:41,5,338,340,26.23,29.23,208.26,577.28,5
10-01-2024 00:42,7,767,496,73.96,83.77,236.73,404.98,3
10-01-2024 00:43,9,285,245,37.44,15.73,192.01,179.45,4
10-01-2024 00:44,5,91,428,31.53,29.79,160.26,206.6,1
10-01-2024 00:45,2,209,329,23.71,31.17,234.29,64.96,3
10-01-2024 00:46,5,813,368,51.36,36.14,157.65,157.9,5
10-01-2024 00:47,8,740,196,17.94,42.26,292.4,29.95,4
10-01-2024 00:48,4,174,62,76.78,22.74,160.39,546.11,3
10-01-2024 00:49,2,309,25,50.01,50.13,98.59,478.83,3
10-01-2024 00:50,10,325,52,47.99,44.95,136.68,790.61,4
10-01-2024 00:51,3,262,50,10.16,61.87,149.55,614.96,3
10-01-2024 00:52,9,522,378,79.52,80.06,88.63,212.07,4
10-01-2024 00:53,9,885,385,51.89,37.33,51.83,572.16,2
10-01-2024 00:54,8,751,295,47.39,55.99,132.26,29.49,1
10-01-2024 00:55,8,619,52,74.72,42.85,269.62,789.2,3
10-01-2024 00:56,8,480,332,15.35,18.02,80.38,499.26,2
10-01-2024 00:57,8,764,40,41.17,76.58,111.74,113.34,4
10-01-2024 00:58,8,129,232,58.94,62.57,228.53,408.84,1
10-01-2024 00:59,1,277,60,49.15,15.16,29.27,753.68,3
10-01-2024 01:00,6,951,216,25.44,33.72,248.4,682.77,2
10-01-2024 01:01,9,144,457,35.44,38.17,217.48,253.16,4
10-01-2024 01:02,8,473,366,35.52,75.86,167.18,328.99,3
10-01-2024 01:03,3,968,340,94.32,72.05,66.8,685.78,2
10-01-2024 01:04,1,997,197,37.73,44.71,32.34,722.01,1
10-01-2024 01:05,2,565,276,27.44,26.8,73.36,733.39,1
10-01-2024 01:06,2,214,341,79.92,43.95,229.64,759.35,2
10-01-2024 01:07,7,475,2,45.8,75.76,280.38,410.42,1
10-01-2024 01:08,6,861,469,47.73,48.93,222.68,691.98,1
10-01-2024 01:09,2,942,106,56.66,23.69,160.65,290.64,2
10-01-2024 01:10,8,91,216,60.63,17.89,285.45,673.72,4
10-01-2024 01:11,9,846,265,60.2,40,249.43,291.02,5
10-01-2024 01:12,7,790,167,12.93,26.13,198.47,494.49,3
10-01-2024 01:13,4,452,247,79.6,70.88,16.18,385.4,1
10-01-2024 01:14,1,804,414,26.56,35.91,89.88,716.49,4
10-01-2024 01:15,4,773,438,34.85,80.81,95.92,71.89,4
10-01-2024 01:16,4,465,210,24.74,61.3,107.44,760.06,5
10-01-2024 01:17,8,349,58,75.2,44.52,119.87,380.43,2
10-01-2024 01:18,4,104,428,59.61,60.75,282.11,395.49,1
10-01-2024 01:19,4,385,43,74.2,37.14,223.85,665.7,3
10-01-2024 01:20,2,950,138,65.54,25.6,209.12,539.62,1
10-01-2024 01:21,10,930,109,18.85,87.31,130.82,763.89,3
10-01-2024 01:22,7,479,489,35.63,57.24,104.58,446.36,3
10-01-2024 01:23,4,734,48,53.12,15.55,40.28,455.75,5
10-01-2024 01:24,6,838,126,35.92,38.27,138.78,777.93,3
10-01-2024 01:25,3,383,469,27.62,26.97,65.58,742.62,2
10-01-2024 01:26,7,790,214,83.93,34.36,120.35,182.78,3
10-01-2024 01:27,6,455,401,73.56,19.18,51.14,259.42,4
10-01-2024 01:28,3,79,128,39.34,33.38,106.48,507.76,4
10-01-2024 01:29,4,584,389,75.03,66.23,17.68,752.71,1
10-01-2024 01:30,10,566,198,63.34,76.55,6.78,459.42,3
10-01-2024 01:31,5,624,202,10.32,41.05,261.62,591.6,5
10-01-2024 01:32,9,270,192,42.32,54.18,194.17,93.32,3
10-01-2024 01:33,6,876,107,34.69,18.13,178.36,427.65,3
10-01-2024 01:34,4,643,194,28.52,21.81,156.57,135.13,3
10-01-2024 01:35,7,543,327,31.39,56.39,219.39,223.29,5
10-01-2024 01:36,2,803,238,90.1,78.04,222.17,149.72,1
10-01-2024 01:37,4,302,132,51.34,21.6,280.9,149.41,3
10-01-2024 01:38,5,613,357,82.06,46.39,77.1,793.53,1
10-01-2024 01:39,4,370,83,28.21,87.78,236.63,252.63,5
10-01-2024 01:40,4,88,284,24.82,70.41,297.39,461.08,1
10-01-2024 01:41,9,514,468,85.55,29.82,13.56,35.67,1
10-01-2024 01:42,2,820,222,52.13,36.39,115.33,648.98,2
10-01-2024 01:43,6,987,106,86.09,86.09,133.63,550.58,3
10-01-2024 01:44,8,888,294,15.36,31.57,247.44,198.45,1
10-01-2024 01:45,8,460,66,87.9,48.07,9.05,48.13,3
10-01-2024 01:46,7,461,195,45.31,41.67,181.59,234.17,2
10-01-2024 01:47,10,541,188,23.21,51.75,268.31,510.29,2
10-01-2024 01:48,4,487,47,68.09,32.74,48.55,31.86,1
10-01-2024 01:49,7,528,362,77.74,65.13,39.09,78.78,1
10-01-2024 01:50,10,832,497,14.03,32.59,299.94,339.29,2
10-01-2024 01:51,6,998,359,93.91,60.16,248.66,157.28,4
10-01-2024 01:52,6,121,25,69.25,41.83,210.74,512.81,1
10-01-2024 01:53,2,631,66,37.32,33.86,122.7,156.23,4
10-01-2024 01:54,8,269,487,22.86,67.13,256.92,795.02,5
10-01-2024 01:55,8,53,335,43.37,87.39,277.22,359.93,5
10-01-2024 01:56,7,911,67,28.75,80.2,221.06,135.69,5
10-01-2024 01:57,9,962,197,52,21.51,122.44,77.59,1
10-01-2024 01:58,8,339,246,76.46,49.08,177.14,348.04,1
10-01-2024 01:59,9,429,296,66.11,67.11,34.06,651.09,5
10-01-2024 02:00,9,951,100,47.05,57.2,51.62,362.29,4
10-01-2024 02:01,6,853,178,20.11,69.48,236,130.04,1
10-01-2024 02:02,2,404,115,91.36,88.13,13.65,401.19,1
10-01-2024 02:03,7,792,168,32.98,40.67,19.51,283.15,3
10-01-2024 02:04,3,984,119,33.62,72.82,154.87,411.46,3
10-01-2024 02:05,7,129,486,64.87,22.06,55.31,325.09,3
10-01-2024 02:06,9,115,165,75.49,80.23,91.64,525.35,2
10-01-2024 02:07,10,185,219,93.65,73.38,122.66,646.83,1
10-01-2024 02:08,10,448,197,92.38,54.07,159.07,711.43,5
10-01-2024 02:09,2,752,401,87.67,76.58,88.64,598.21,2
10-01-2024 02:10,6,396,318,47,65,147.65,296.92,2
10-01-2024 02:11,6,897,486,24.17,56.42,114.35,369.8,2
10-01-2024 02:12,9,108,237,59.68,85.95,28.9,520.58,5
10-01-2024 02:13,9,827,169,11.47,24.77,260.8,191.47,2
10-01-2024 02:14,5,568,76,26.68,89.47,88,567.37,3
10-01-2024 02:15,5,929,426,10.21,26.58,184.77,526.84,2
10-01-2024 02:16,9,763,287,25.35,51.01,173.09,532.06,4
10-01-2024 02:17,8,893,33,50.35,32.36,63.75,280,3
10-01-2024 02:18,7,286,299,43.43,35.39,13.84,489.22,1
10-01-2024 02:19,8,829,349,41.39,62.39,257.79,174.23,1
10-01-2024 02:20,6,128,230,80.63,17.6,151.82,167.96,3
10-01-2024 02:21,3,607,195,67.37,85.56,127.27,619.45,1
10-01-2024 02:22,7,804,294,89.6,35.97,230.06,316.06,5
10-01-2024 02:23,8,849,297,47.85,35.44,14.78,444.79,5
10-01-2024 02:24,8,721,374,33.14,79.77,230.74,248.34,2
10-01-2024 02:25,1,164,447,20.43,72.36,125.63,203.97,4
10-01-2024 02:26,7,511,424,67.12,65.38,167.73,628.3,2
10-01-2024 02:27,3,675,414,81.55,25.98,226.97,639.46,4
10-01-2024 02:28,2,175,431,25.62,72.72,166.31,672.3,1
10-01-2024 02:29,2,651,278,84.69,42.06,23.22,686.47,3
10-01-2024 02:30,8,622,230,54.73,89.54,219.94,340.88,2
10-01-2024 02:31,9,549,96,22.25,65.34,236.97,650.99,5
10-01-2024 02:32,3,878,383,64.64,77.69,141.26,289.83,2
10-01-2024 02:33,3,151,439,54.2,70.03,134.52,60.96,5
10-01-2024 02:34,6,675,171,12.4,59.57,79.32,557.68,3
10-01-2024 02:35,10,223,317,43.94,68.72,195.03,175.19,3
10-01-2024 02:36,1,501,330,76.71,59.81,265.19,372.15,3
10-01-2024 02:37,6,141,32,57.21,18.84,198.51,147.82,2
10-01-2024 02:38,3,744,491,33.97,40.91,232.54,325.4,5
10-01-2024 02:39,4,434,388,88.93,38.73,252.05,710.2,1
10-01-2024 02:40,9,254,477,30.21,68.55,71.71,498.26,4
10-01-2024 02:41,3,412,45,31.48,58.21,123.62,135.55,3
10-01-2024 02:42,1,756,72,40.14,60.79,133.61,585.89,1
10-01-2024 02:43,3,866,20,86.04,78.52,169.88,681.32,2
10-01-2024 02:44,7,547,239,53.15,54.4,19.51,149.79,4
10-01-2024 02:45,7,586,199,67.99,31.37,178.58,600.4,1
10-01-2024 02:46,5,283,65,92.98,15.93,31.11,448.32,1
10-01-2024 02:47,1,65,188,76.58,26.96,242.94,491.33,3
10-01-2024 02:48,8,190,89,24.67,17.29,289.09,752.44,1
10-01-2024 02:49,10,997,410,77.01,32.78,90.48,48.52,1
10-01-2024 02:50,8,669,201,73.61,62.62,154.45,518.26,4
10-01-2024 02:51,10,469,23,29.77,26.36,247.84,83.56,4
10-01-2024 02:52,10,505,296,37.65,21.14,97.82,635.88,2
10-01-2024 02:53,10,349,130,70.36,87.81,51.54,718.98,3
10-01-2024 02:54,2,388,154,30.26,89.77,223.02,87.49,3
10-01-2024 02:55,10,352,78,27.7,62.78,211.02,40.15,1
10-01-2024 02:56,3,941,190,69.8,23.14,173.13,765.42,3
10-01-2024 02:57,4,641,300,84.85,76.61,283.61,742.69,3
10-01-2024 02:58,1,125,415,16.38,55.44,286.76,740.52,5
10-01-2024 02:59,4,837,154,47.9,28.66,259.16,752.95,1
10-01-2024 03:00,5,963,113,61.61,58.18,91.44,410.08,5
10-01-2024 03:01,3,999,339,67.48,17.95,71.48,781.98,2
10-01-2024 03:02,10,829,486,94.68,87.94,251.54,716,4
10-01-2024 03:03,2,673,117,68.03,76.95,197.15,96.18,3
10-01-2024 03:04,6,970,5,62.71,34.56,121.86,653.91,3
10-01-2024 03:05,8,365,377,94.13,46.42,125.88,575.71,5
10-01-2024 03:06,7,549,326,15.16,44.65,256.73,124.6,3
10-01-2024 03:07,1,124,35,16.33,79.61,53.16,595.58,4
10-01-2024 03:08,4,775,272,57.66,41.6,283.47,398.24,1
10-01-2024 03:09,3,415,159,40.49,18.6,191.8,685.98,5
10-01-2024 03:10,6,595,210,18.22,31.1,238.45,658.66,3
10-01-2024 03:11,9,702,14,36.05,31.17,114.41,755.02,4
10-01-2024 03:12,9,727,25,67.32,86.19,178.13,78.72,3
10-01-2024 03:13,7,445,335,84.85,84.3,226.25,573.99,3
10-01-2024 03:14,9,280,218,18.02,37.54,133.36,314.12,1
10-01-2024 03:15,8,853,254,55.91,15.21,148.94,625.28,5
10-01-2024 03:16,5,77,484,35.17,53.77,176.71,490,5
10-01-2024 03:17,9,524,203,66.72,74.79,23.71,406.55,4
10-01-2024 03:18,7,344,101,56.7,35.15,259.64,23.3,5
10-01-2024 03:19,5,894,361,88.77,47.93,260.67,493.59,2
10-01-2024 03:20,8,476,229,13.2,27.96,88.02,347.9,1
10-01-2024 03:21,7,921,199,49.95,39.55,264.55,279.37,3
10-01-2024 03:22,9,140,402,26.38,71.91,224.83,791.24,5
10-01-2024 03:23,10,164,178,55.63,47.12,147.54,566.29,2
10-01-2024 03:24,1,208,276,82.55,48.55,107.59,441.11,5
10-01-2024 03:25,9,307,312,87.46,74.22,122.82,697.6,3
10-01-2024 03:26,7,422,130,43.85,72.22,162.65,197.14,5
10-01-2024 03:27,1,899,410,79,29.04,126.69,503.53,3
10-01-2024 03:28,1,139,279,33.84,46.15,128.97,691.52,4
10-01-2024 03:29,5,806,288,10.54,78.66,64.92,116.4,5
10-01-2024 03:30,8,347,141,82.7,49.26,213.8,204.15,1
10-01-2024 03:31,9,80,13,20.15,64.63,184.83,84.45,3
10-01-2024 03:32,6,878,401,11.5,37.95,297.61,794.11,1
10-01-2024 03:33,10,407,217,40.07,19.47,46.67,473.11,4
10-01-2024 03:34,8,873,186,42.25,27.37,38.55,401.8,1
10-01-2024 03:35,6,519,470,16.56,45.13,157.2,283.98,1
10-01-2024 03:36,6,789,27,79.21,41.51,49.84,370.57,4
10-01-2024 03:37,4,900,401,44.48,82.17,185.13,625.17,5
10-01-2024 03:38,5,177,218,51.64,55.92,62.85,735.04,4
10-01-2024 03:39,2,831,422,32.49,62.04,147.48,101.86,2
10-01-2024 03:40,3,319,14,53.48,66.65,185.34,253.71,3
10-01-2024 03:41,3,547,142,75.17,54.87,140.12,167.52,3
10-01-2024 03:42,5,462,396,87.03,72.72,99.4,359.68,5
10-01-2024 03:43,5,258,325,92.5,73.73,235.78,433.78,4
10-01-2024 03:44,6,739,485,46.27,41.35,257.12,582.6,3
10-01-2024 03:45,5,355,324,94.15,21.36,87.02,703.01,3
10-01-2024 03:46,6,240,55,35.07,88.98,244.95,442.86,1
10-01-2024 03:47,8,406,191,10.59,63.2,120.53,401.24,4
10-01-2024 03:48,2,506,285,75.25,68.17,148.85,469.09,1
10-01-2024 03:49,4,498,89,25.17,71.75,73.37,712.96,2
10-01-2024 03:50,6,117,45,14.46,60.97,189.59,525.87,2
10-01-2024 03:51,5,888,132,88.54,50.32,34.77,634.15,2
10-01-2024 03:52,1,828,498,77.3,88.85,179.53,581.2,5
10-01-2024 03:53,9,831,400,18.73,69.57,296.97,740.34,4
10-01-2024 03:54,3,923,498,76.04,78.44,227.27,657.21,5
10-01-2024 03:55,2,516,66,81.74,47.98,269.04,286.14,2
10-01-2024 03:56,9,409,279,86.95,82.86,141.94,686.41,5
10-01-2024 03:57,7,436,324,56.21,69.91,46.92,384.61,3
10-01-2024 03:58,5,177,148,69.79,70.96,90.1,680.83,5
10-01-2024 03:59,6,825,145,74.79,21.52,19.46,726.48,4
10-01-2024 04:00,4,782,436,68.53,61.31,153.03,554.51,1
10-01-2024 04:01,1,803,6,64.98,40.14,196.65,580.73,4
10-01-2024 04:02,4,534,82,56.54,65.18,130.22,130.06,1
10-01-2024 04:03,9,293,468,50.73,57.62,171.15,272.6,5
10-01-2024 04:04,1,988,123,94.67,23.34,99.61,455.03,5
10-01-2024 04:05,10,954,167,38.69,54.75,30.33,22.74,4
10-01-2024 04:06,3,68,237,17.5,48.84,132.44,680.88,1
10-01-2024 04:07,5,445,105,75.03,73.23,166.6,308.19,2
10-01-2024 04:08,7,716,290,28.18,52.7,294.88,584.25,2
10-01-2024 04:09,9,278,488,55.28,51.09,107.45,620.05,5
10-01-2024 04:10,6,417,238,18.14,68.96,204.94,447.5,5
10-01-2024 04:11,3,107,310,62.64,65.14,247.67,636.38,3
10-01-2024 04:12,7,330,472,90.24,89.39,103.94,552.28,5
10-01-2024 04:13,4,606,82,71.43,41.4,279.33,300.68,5
10-01-2024 04:14,3,151,94,28.24,66.63,104.96,656.6,3
10-01-2024 04:15,7,97,321,92.55,27.54,291.09,516.12,3
10-01-2024 04:16,7,611,343,36.1,75.34,5.64,144.96,4
10-01-2024 04:17,4,642,285,47.11,73.96,192.08,622.8,5
10-01-2024 04:18,7,861,297,52.34,69.44,238.03,547.43,2
10-01-2024 04:19,2,108,361,94.21,23.93,87.62,242.03,5
10-01-2024 04:20,1,210,319,15.86,89.07,39.53,676.74,5
10-01-2024 04:21,2,152,416,69.22,85.7,12.19,311.73,1
10-01-2024 04:22,4,895,66,40.76,42.76,26.95,451.14,1
10-01-2024 04:23,8,461,112,16.66,58.3,165.2,287.66,4
10-01-2024 04:24,3,835,356,89.48,81.67,252.55,585.01,2
10-01-2024 04:25,10,232,429,60.14,52.1,23.62,473.31,1
10-01-2024 04:26,6,466,401,74.05,59.94,38.39,386.83,2
10-01-2024 04:27,6,165,171,30.43,60.24,6.51,35.85,3
10-01-2024 04:28,9,923,247,74.73,63.69,88.27,493.6,5
10-01-2024 04:29,9,448,66,80.42,58.16,276.77,505.43,4
10-01-2024 04:30,4,828,68,46.62,45.45,86.5,161.36,2
10-01-2024 04:31,9,725,492,58.62,55.46,135.04,279.2,1
10-01-2024 04:32,6,704,34,92.61,80.36,57.79,705.45,5
10-01-2024 04:33,2,486,1,81.97,79.81,39.3,448.35,5
10-01-2024 04:34,10,367,151,47.81,72.94,58.81,359.36,5
10-01-2024 04:35,6,865,390,66.49,46.06,67.08,750.05,4
10-01-2024 04:36,2,655,272,76.66,73.95,43.44,653.32,3
10-01-2024 04:37,8,299,258,12.07,44.09,238.51,96.03,5
10-01-2024 04:38,4,960,238,60.01,64.81,145.79,689.96,5
10-01-2024 04:39,5,496,116,93.68,57.56,164.23,136.79,5
10-01-2024 04:40,8,546,76,90.51,37.5,115.52,156.35,3
10-01-2024 04:41,8,392,283,80.76,48.97,67.17,78.77,1
10-01-2024 04:42,6,476,19,19.03,77.28,32.7,395.45,2
10-01-2024 04:43,4,867,284,94.49,83.46,27.4,522.86,5
10-01-2024 04:44,1,877,35,61.81,30.4,59.62,607.9,5
10-01-2024 04:45,7,289,371,28.95,49.22,255.8,40.85,1
10-01-2024 04:46,8,108,491,67.31,47.51,68.88,158.73,3
10-01-2024 04:47,9,576,324,82.8,51.68,109.67,504.55,3
10-01-2024 04:48,2,846,305,19.55,88.25,173.96,429.96,2
10-01-2024 04:49,1,252,241,87.9,53.91,155.87,60.06,3
10-01-2024 04:50,4,798,7,88.22,77.26,201.42,749.62,3
10-01-2024 04:51,5,515,37,11.14,64.8,62.32,611.64,1
10-01-2024 04:52,10,345,371,86.53,23.04,159.59,299.86,1
10-01-2024 04:53,1,336,153,90.48,67.17,231.49,438.39,1
10-01-2024 04:54,5,122,245,13.2,63.53,119.31,311.92,2
10-01-2024 04:55,6,775,250,35,71.89,291.71,375.13,3
10-01-2024 04:56,3,572,115,41.71,20.58,175.5,485.02,1
10-01-2024 04:57,7,386,41,39.66,33.1,204.07,330.8,4
10-01-2024 04:58,6,786,337,74.52,72.7,140.43,504.16,5
10-01-2024 04:59,4,367,62,40.44,42.8,258.07,382.81,4
10-01-2024 05:00,3,252,169,91.31,83.31,138.19,532.66,2
10-01-2024 05:01,5,280,142,94.57,53.83,282.97,224.53,3
10-01-2024 05:02,3,953,485,36.93,15.08,95.71,153.53,3
10-01-2024 05:03,10,612,438,53.25,67.41,260.42,30.59,5
10-01-2024 05:04,9,106,258,57.4,53.51,193.61,489.54,2
10-01-2024 05:05,9,693,88,59.25,38.78,240.72,785.01,2
10-01-2024 05:06,6,469,463,41.81,16.53,16.12,347.9,4
10-01-2024 05:07,6,964,48,24.11,29.91,86.8,185.85,2
10-01-2024 05:08,4,329,435,14.64,27.12,254.89,30.22,3
10-01-2024 05:09,4,858,481,19.04,58.71,98.91,419.97,3
10-01-2024 05:10,2,354,311,86.61,72.72,215.23,794.31,3
10-01-2024 05:11,10,515,12,33.83,32.6,297.7,787.34,3
10-01-2024 05:12,4,786,211,16.53,67.33,57.26,99.06,4
10-01-2024 05:13,8,223,244,63,82.49,128.18,656.8,3
10-01-2024 05:14,10,853,239,16.4,61.62,53.71,155.19,3
10-01-2024 05:15,2,315,197,15.95,73.17,50.51,651.29,5
10-01-2024 05:16,9,296,257,62.83,30.32,191.75,685.77,4
10-01-2024 05:17,1,127,235,60.27,20.62,61.46,26.03,4
10-01-2024 05:18,2,696,187,13.53,42.4,147.38,205.06,2
10-01-2024 05:19,2,701,201,49.14,68.18,293.49,64.11,2
10-01-2024 05:20,6,903,103,47.04,66.46,103.27,409.15,1
10-01-2024 05:21,7,302,290,56.47,86.63,262.72,40.84,3
10-01-2024 05:22,3,524,221,72.72,62.25,121.93,508.35,3
10-01-2024 05:23,9,225,497,34.04,45.85,82.55,455.5,5
10-01-2024 05:24,5,470,496,46.79,74.78,104.19,315.93,4
10-01-2024 05:25,5,981,368,77.38,26.48,42.67,380.21,4
10-01-2024 05:26,4,621,302,88.42,75.98,205.3,792.27,5
10-01-2024 05:27,9,510,187,85.76,42.44,155.16,150.77,4
10-01-2024 05:28,8,913,450,50.6,26.55,186.08,590.21,5
10-01-2024 05:29,4,303,403,54.27,27.16,94.41,523.34,3
10-01-2024 05:30,4,569,412,54.97,88.77,197.77,537.68,3
10-01-2024 05:31,2,952,99,83.84,61.74,53.56,289.66,5
10-01-2024 05:32,9,156,424,81.39,28.07,197.48,188.85,3
10-01-2024 05:33,3,220,245,36.48,35.14,28.94,527.64,2
10-01-2024 05:34,4,107,313,23.84,42.91,123.08,731.93,2
10-01-2024 05:35,7,386,307,42.21,19.19,184.88,781.27,1
10-01-2024 05:36,10,391,496,34.51,23.13,257.32,395.11,5
10-01-2024 05:37,8,991,22,90.82,72.13,244.66,351.98,4
10-01-2024 05:38,8,339,68,32.6,74.02,160.45,292.18,4
10-01-2024 05:39,4,133,392,25.4,89.12,265.59,651.78,1
10-01-2024 05:40,7,166,316,86.46,20.07,154.24,219.21,2
10-01-2024 05:41,10,761,65,17.35,81.69,157.56,420.16,5
10-01-2024 05:42,1,583,292,32.12,38.79,217.56,289.14,1
10-01-2024 05:43,6,268,455,47.32,39.59,263.95,703.05,2
10-01-2024 05:44,6,787,217,60.58,24.55,182.8,240.49,5
10-01-2024 05:45,6,966,29,37.85,88.97,283.54,555.46,3
10-01-2024 05:46,2,832,193,52.18,88.57,73.61,479.22,2
10-01-2024 05:47,8,950,56,26.9,79.86,277.67,276.13,5
10-01-2024 05:48,5,151,338,58.81,21.81,70.39,218.73,2
10-01-2024 05:49,5,706,388,44.66,78.12,160.29,646.95,2
10-01-2024 05:50,2,505,212,82.19,62.6,239.83,418.19,1
10-01-2024 05:51,4,708,238,45.34,24.66,241.47,496.94,3
10-01-2024 05:52,9,822,200,47.72,34.63,87.06,770.43,5
10-01-2024 05:53,9,840,475,60.33,66.69,295.84,330.45,2
10-01-2024 05:54,6,900,178,20.47,75.26,28.78,655.14,4
10-01-2024 05:55,9,575,423,23.33,78.61,15.26,518.24,3
10-01-2024 05:56,4,315,419,77.17,55.79,253.25,482.96,2
10-01-2024 05:57,1,336,153,33.24,55.1,246.61,62.56,4
10-01-2024 05:58,2,190,462,68.2,66.32,215.28,731.64,1
10-01-2024 05:59,1,944,44,18.28,73.33,255.98,198.31,5
10-01-2024 06:00,8,455,431,79.86,27.79,45.58,389.09,3
10-01-2024 06:01,9,342,168,94,70.49,33.23,606.57,3
10-01-2024 06:02,10,984,287,41.76,40.63,290.97,427.41,5
10-01-2024 06:03,6,955,197,52.97,43.78,189.15,23.38,2
10-01-2024 06:04,2,80,337,47.63,20.83,276.35,760.25,5
10-01-2024 06:05,6,220,74,86.01,59.13,272.4,35.98,5
10-01-2024 06:06,9,404,171,10.84,22.01,197.68,90.13,3
10-01-2024 06:07,3,254,380,65.54,83.49,190.4,194.82,2
10-01-2024 06:08,9,527,183,65.45,61.57,111.18,487.19,5
10-01-2024 06:09,2,981,16,42.5,89.27,48.99,777.49,2
10-01-2024 06:10,5,340,496,28.64,33.42,207.55,739.67,1
10-01-2024 06:11,2,160,68,30.37,65.97,246.27,528.04,3
10-01-2024 06:12,7,117,375,78.04,87.33,165.66,598.52,3
10-01-2024 06:13,10,744,325,15.62,37.39,20.01,575.27,1
10-01-2024 06:14,9,422,42,57.93,22.22,47.75,555.82,5
10-01-2024 06:15,7,245,110,36.08,62.55,35.08,653.67,1
10-01-2024 06:16,5,175,41,32.55,42.46,199.06,285.11,1
10-01-2024 06:17,4,736,306,52.99,35.48,171.61,192.47,3
10-01-2024 06:18,4,311,468,86.32,89.52,142.62,291.16,4
10-01-2024 06:19,10,936,6,62.54,71.56,165.31,57.91,3
10-01-2024 06:20,8,973,331,77.03,51.4,86.41,774.29,1
10-01-2024 06:21,10,847,181,61.06,18.75,242.39,596.81,3
10-01-2024 06:22,10,204,273,69.31,29.37,101.92,186.48,4
10-01-2024 06:23,10,630,361,46.75,37.41,195.07,219.52,1
10-01-2024 06:24,10,157,185,88.71,51.54,120.31,794.23,3
10-01-2024 06:25,10,472,323,52.66,52.29,26.29,619.12,5
10-01-2024 06:26,1,84,144,56.9,16.86,80.8,352.01,1
10-01-2024 06:27,5,920,436,54.62,85.75,289.7,181.19,4
10-01-2024 06:28,2,93,100,36.88,55.71,61.21,51.53,3
10-01-2024 06:29,9,704,90,29.66,16.48,35.95,542.06,1
10-01-2024 06:30,7,772,472,16.28,67.6,90.89,628.38,3
10-01-2024 06:31,10,465,246,71.04,20.35,263.99,104.04,2
10-01-2024 06:32,8,334,239,34.59,69.09,95.28,21.86,1
10-01-2024 06:33,6,496,418,43.08,67.61,128.13,298.79,1
10-01-2024 06:34,9,567,212,88.19,88.87,96.47,540.61,2
10-01-2024 06:35,6,779,81,58.15,40.65,296.75,740.56,3
10-01-2024 06:36,7,76,115,18.25,25.82,299.96,706.04,5
10-01-2024 06:37,7,276,276,77.97,21.89,147.42,557.05,5
10-01-2024 06:38,9,845,80,31.77,20.38,236.52,654.96,5
10-01-2024 06:39,8,950,56,56.98,75.77,69.92,297.57,2
10-01-2024 06:40,1,474,179,53.35,68.89,115.42,211.18,4
10-01-2024 06:41,4,617,309,30.24,88.19,205.41,116.89,1
10-01-2024 06:42,7,417,49,19.84,38.19,89.47,161.67,4
10-01-2024 06:43,8,359,260,27.96,75.23,71.29,771.09,1
10-01-2024 06:44,7,897,274,18.27,21.98,277.06,745.37,4
10-01-2024 06:45,3,154,292,33.43,82.79,77.07,56.6,4
10-01-2024 06:46,4,67,373,94.77,18.89,22.49,386.55,2
10-01-2024 06:47,7,254,291,44.18,74.09,226.57,311.2,2
10-01-2024 06:48,8,92,30,83.43,38.05,76.76,528.39,4
10-01-2024 06:49,7,138,374,56.68,28.59,137.8,276.15,1
10-01-2024 06:50,6,635,252,66.66,67.84,37.91,238.88,3
10-01-2024 06:51,9,206,63,23.29,82.19,25.21,651.15,4
10-01-2024 06:52,9,315,82,33.36,72.31,140.83,758.75,2
10-01-2024 06:53,7,183,405,53.39,38.48,104.44,178.18,1
10-01-2024 06:54,8,513,436,84.9,41.52,154.25,203.53,3
10-01-2024 06:55,6,650,480,13.65,29.2,289.91,346.91,4
10-01-2024 06:56,1,797,325,53.09,76.8,125.18,570.92,2
10-01-2024 06:57,1,181,381,14.34,23.03,182.78,150.31,5
10-01-2024 06:58,6,790,169,48.83,82.74,33.79,384.99,1
10-01-2024 06:59,2,83,310,63.45,60.09,266.35,675.86,3
10-01-2024 07:00,8,132,343,73.3,59.16,242.73,202.57,2
10-01-2024 07:01,1,978,158,21.78,77.84,159.11,57.18,5
10-01-2024 07:02,2,181,475,24.16,65.06,59.1,727.33,4
10-01-2024 07:03,8,477,56,49.96,37.82,130.66,634.27,1
10-01-2024 07:04,6,915,335,94.83,41.21,92.73,565.07,3
10-01-2024 07:05,10,253,425,40.26,27.98,298.38,88.12,2
10-01-2024 07:06,2,848,142,46.34,49.8,149.8,721.48,4
10-01-2024 07:07,2,385,149,46.76,23.26,129.56,258.11,2
10-01-2024 07:08,7,546,376,16.86,63.98,54.87,184.96,5
10-01-2024 07:09,5,491,226,75.8,27.69,75.54,400.25,4
10-01-2024 07:10,5,877,474,31.51,79.79,214.92,739.78,2
10-01-2024 07:11,8,307,25,69.81,67.53,162.8,795.75,1
10-01-2024 07:12,7,341,178,50.38,81.86,110.62,499,1
10-01-2024 07:13,9,174,365,62,21.53,92.62,765.3,3
10-01-2024 07:14,4,712,95,14.59,74.89,64.22,373.6,1
10-01-2024 07:15,10,920,53,85.65,81.06,15,43.14,1
10-01-2024 07:16,4,808,304,30.73,18.34,293.26,235.01,3
10-01-2024 07:17,2,224,70,66.96,89.93,227.17,255.43,4
10-01-2024 07:18,3,933,176,77.83,37.55,278.72,630.51,2
10-01-2024 07:19,1,541,132,55.9,30.88,126.7,116.91,4
10-01-2024 07:20,1,918,408,38.67,46.12,261.47,156.43,2
10-01-2024 07:21,7,863,490,93.12,15.65,80.59,499.13,1
10-01-2024 07:22,5,129,415,33.67,81.44,155.4,121.88,5
10-01-2024 07:23,3,668,339,90.64,35.14,64.73,406.5,3
10-01-2024 07:24,7,861,459,23.28,54.12,232.25,47.35,4
10-01-2024 07:25,2,964,413,43.08,61.77,151.79,541.73,2
10-01-2024 07:26,3,354,389,21.77,74.33,163.2,728.53,5
10-01-2024 07:27,1,559,338,10.19,33.77,258.54,702.42,2
10-01-2024 07:28,8,393,451,32.12,68.79,223.07,77.42,3
10-01-2024 07:29,2,619,360,17.41,23.82,290.05,480.98,4
10-01-2024 07:30,7,140,331,93.84,67.82,124.57,101,3
10-01-2024 07:31,9,696,213,74.74,83.95,141.13,61.75,4
10-01-2024 07:32,6,911,478,10.31,21.38,186.52,496.1,3
10-01-2024 07:33,2,218,211,29.01,23.75,138.73,466.52,4
10-01-2024 07:34,2,383,437,66.96,56.79,128.79,93.19,1
10-01-2024 07:35,9,683,345,43.88,18.48,105.47,300.69,4
10-01-2024 07:36,10,285,64,80.71,29.05,250.41,266.99,1
10-01-2024 07:37,8,448,35,52.91,29.26,162.38,287.12,5
10-01-2024 07:38,9,637,12,65.56,51.09,184.18,279.89,4
10-01-2024 07:39,4,870,431,60.75,33.64,65.2,663.23,2
10-01-2024 07:40,4,526,346,64.24,50.66,79.27,295.81,4
10-01-2024 07:41,2,584,311,29.56,54.09,105.24,277.74,4
10-01-2024 07:42,10,894,248,41.73,69.8,142.28,43.1,5
10-01-2024 07:43,1,634,112,14.3,85.95,17.96,636.52,2
10-01-2024 07:44,10,137,325,59.95,52.78,267.08,534.71,1
10-01-2024 07:45,4,664,467,49.04,41.63,271.6,286.32,4
10-01-2024 07:46,10,655,91,74.66,34.4,200.2,372.44,4
10-01-2024 07:47,10,877,294,27.54,62.6,98.24,639.38,2
10-01-2024 07:48,8,827,29,47.13,85.72,118.67,288.49,5
10-01-2024 07:49,2,302,12,25.36,72.35,221.55,389.23,2
10-01-2024 07:50,8,407,147,62.19,30.46,89.46,35.43,2
10-01-2024 07:51,1,107,137,82.08,82,184.63,736.29,3
10-01-2024 07:52,1,992,338,75.06,70.16,272.35,309.57,1
10-01-2024 07:53,4,448,157,90.26,24.6,126.08,251.22,5
10-01-2024 07:54,7,570,259,92.6,68.46,178.18,495.11,4
10-01-2024 07:55,9,574,87,75.62,36.7,278.93,430.82,5
10-01-2024 07:56,5,968,158,34.38,51.85,105.47,332.72,5
10-01-2024 07:57,2,466,494,28.64,37.52,229.09,739.43,2
10-01-2024 07:58,7,442,186,48.04,21.3,227.76,303.13,4
10-01-2024 07:59,2,692,344,94.48,72.64,278.91,798.73,4
10-01-2024 08:00,9,271,309,45.08,77.15,258.28,635.52,3
10-01-2024 08:01,9,378,357,26.92,32.4,225.9,724.6,4
10-01-2024 08:02,3,421,229,90.27,32.97,192.77,240.55,3
10-01-2024 08:03,8,560,4,42.8,47.25,76.15,74.79,2
10-01-2024 08:04,4,202,57,68.73,75.86,202.84,346.97,1
10-01-2024 08:05,3,942,438,76.99,20.8,86.55,264.44,5
10-01-2024 08:06,1,928,28,81.67,75.65,134.81,67.32,5
10-01-2024 08:07,5,529,16,79.81,84.2,214.36,75.76,4
10-01-2024 08:08,4,632,13,81.08,57.11,204.09,155.93,4
10-01-2024 08:09,1,981,200,66.75,19.53,123.35,314.68,5
10-01-2024 08:10,10,906,184,44.33,35.22,58.89,749.49,1
10-01-2024 08:11,8,69,309,66.72,23.35,147.82,533.06,1
10-01-2024 08:12,8,642,304,81.12,34.45,84.64,330.76,1
10-01-2024 08:13,8,999,281,39.8,75.88,80.35,643.53,4
10-01-2024 08:14,3,277,322,35.2,19.18,101.4,463.42,4
10-01-2024 08:15,6,395,158,39.22,36.29,213.34,345.61,1
10-01-2024 08:16,7,68,360,56.86,53.77,151.7,132.61,5
10-01-2024 08:17,9,493,259,14.46,80.55,115.09,743.09,3
10-01-2024 08:18,5,726,407,76.21,33.75,270.68,506.63,5
10-01-2024 08:19,9,417,157,21.8,73.37,213.5,362.62,3
10-01-2024 08:20,6,948,425,21.29,58.77,150.92,361.86,1
10-01-2024 08:21,10,668,94,26.8,65.73,129.28,616.73,4
10-01-2024 08:22,10,938,267,59.04,79.63,246.57,159.97,1
10-01-2024 08:23,10,909,21,34.27,16.98,56.01,345.68,2
10-01-2024 08:24,4,775,127,41.29,54.73,200.93,69.15,4
10-01-2024 08:25,1,800,347,89.19,71.04,11.2,82.34,3
10-01-2024 08:26,1,196,408,82.01,81.35,7.05,430.51,4
10-01-2024 08:27,10,742,351,82.44,24.95,279.88,317.03,1
10-01-2024 08:28,5,553,350,59.1,40.61,156.63,581.22,3
10-01-2024 08:29,3,479,449,83.65,20.89,97.96,789.65,2
10-01-2024 08:30,5,897,385,76.18,77.62,239.44,690.35,5
10-01-2024 08:31,5,489,438,91.03,79.3,295.52,364.68,2
10-01-2024 08:32,1,247,456,15.47,51.27,15.15,314.73,5
10-01-2024 08:33,8,336,112,12.44,16.56,16.2,476.35,4
10-01-2024 08:34,5,614,234,24.88,22.66,257.16,91.49,1
10-01-2024 08:35,5,418,34,88.97,61.83,169.23,790.37,1
10-01-2024 08:36,9,289,80,61.47,88.7,265.41,785.17,5
10-01-2024 08:37,8,851,475,46.22,77.91,209.92,739.9,1
10-01-2024 08:38,1,336,452,53.58,74.84,143.82,536.52,4
10-01-2024 08:39,3,749,83,80.52,46.35,52.6,412.43,2
10-01-2024 08:40,7,444,29,88.97,88.89,120.01,571.22,4
10-01-2024 08:41,1,567,489,72.02,76.87,237.21,265.23,4
10-01-2024 08:42,1,844,131,74.59,40.17,74.01,684.74,2
10-01-2024 08:43,5,824,11,37.23,71.14,215.15,125,3
10-01-2024 08:44,9,610,392,49.7,47.44,77.97,646.71,3
10-01-2024 08:45,6,913,62,85.24,64.53,141.74,696.63,5
10-01-2024 08:46,10,761,359,76.8,87.75,30.2,152.73,5
10-01-2024 08:47,2,109,33,68.16,33.48,139.22,393.29,3
10-01-2024 08:48,9,594,136,15.55,74.63,185.75,715.49,3
10-01-2024 08:49,6,352,409,13.36,59.28,171.18,768.25,4
10-01-2024 08:50,5,293,88,21.08,86.25,124.91,652.86,1
10-01-2024 08:51,5,733,410,59.42,25.08,114.06,753.91,5
10-01-2024 08:52,3,256,410,55.59,68.98,86.24,750.86,1
10-01-2024 08:53,6,424,17,90.13,17.79,231.3,784.18,2
10-01-2024 08:54,4,332,91,69.05,33.49,235.88,342.45,3
10-01-2024 08:55,10,527,413,34.99,39.06,147.49,243.82,4
10-01-2024 08:56,2,71,299,23.73,47.42,117.86,513.7,2
10-01-2024 08:57,3,608,487,82.21,87.4,193.04,167.3,5
10-01-2024 08:58,9,398,253,49.07,20.07,169.53,454.47,4
10-01-2024 08:59,9,538,73,65.54,27.67,201.84,471.84,2
10-01-2024 09:00,6,993,206,58.04,30.23,95.27,649.02,2
10-01-2024 09:01,10,719,261,19.13,46.8,237.56,302.2,1
10-01-2024 09:02,10,307,178,14.85,19.55,98.44,489.42,3
10-01-2024 09:03,9,704,478,42.05,87.41,128.52,724.55,4
10-01-2024 09:04,4,96,312,40.73,56.99,44.06,348.97,4
10-01-2024 09:05,5,76,447,67.27,76,257.33,465.94,4
10-01-2024 09:06,10,76,313,63.74,72.94,195.06,634.15,2
10-01-2024 09:07,6,446,220,92.36,64.56,74.41,214.72,3
10-01-2024 09:08,9,194,173,82.94,82.83,256.26,100.63,4
10-01-2024 09:09,5,636,165,52.21,82.68,212.91,551.8,2
10-01-2024 09:10,8,748,328,52.5,24.58,135.44,308.97,3
10-01-2024 09:11,1,571,335,67.3,82.64,297,317.65,2
10-01-2024 09:12,5,170,220,19.7,54.29,104.48,745.47,4
10-01-2024 09:13,10,850,292,94.99,35.11,34.37,338.14,1
10-01-2024 09:14,1,511,161,54.1,60.64,221.37,763.87,4
10-01-2024 09:15,10,726,390,87.34,36.07,228.33,102.97,5
10-01-2024 09:16,6,431,248,92.23,50.93,22.39,287.52,5
10-01-2024 09:17,7,825,371,59.44,76.23,246.73,560.5,1
10-01-2024 09:18,5,722,460,18.78,17.41,233.9,118.28,4
10-01-2024 09:19,1,952,71,58.73,28.73,279.23,321.89,4
10-01-2024 09:20,6,467,429,60.8,86.74,39.97,684.36,3
10-01-2024 09:21,10,376,92,77.08,48.38,182.24,614.18,5
10-01-2024 09:22,5,440,391,14.1,37.75,69.73,240.04,1
10-01-2024 09:23,6,346,361,49.64,84.25,122.84,298.03,3
10-01-2024 09:24,10,679,321,88.44,83.34,83.2,413.96,2
10-01-2024 09:25,7,872,245,94.26,18.32,137.54,590.4,2
10-01-2024 09:26,7,824,24,26.27,42.19,38.3,138.46,3
10-01-2024 09:27,2,133,45,84,83.46,94.54,431.57,1
10-01-2024 09:28,3,195,189,22.43,28.48,25.92,77.22,3
10-01-2024 09:29,6,220,403,81.5,58.37,150.09,330.3,1
10-01-2024 09:30,3,383,373,33.57,39.06,92.52,168.97,4
10-01-2024 09:31,2,473,416,91.57,70.24,179.14,261.05,2
10-01-2024 09:32,4,358,286,69.12,26.87,139.65,278.56,2
10-01-2024 09:33,5,575,321,43.92,59.7,76.94,620.7,3
10-01-2024 09:34,10,710,416,33.88,15,35.37,226.83,5
10-01-2024 09:35,9,930,441,30,33.94,227.23,537.74,3
10-01-2024 09:36,3,812,404,67.87,27.16,191.77,435.96,4
10-01-2024 09:37,3,618,341,86.14,30.74,14.71,647.3,3
10-01-2024 09:38,6,396,83,74.17,79.53,296.86,270.82,1
10-01-2024 09:39,5,351,222,80.96,83.61,194.53,795.83,4
10-01-2024 09:40,6,971,370,76.42,71.63,66.12,250.7,2
10-01-2024 09:41,7,396,476,93.23,59.26,252.95,472.05,1
10-01-2024 09:42,3,457,352,74.41,32.31,265.22,513.13,3
10-01-2024 09:43,5,182,414,27.87,35.6,174.24,439.77,5
10-01-2024 09:44,8,731,343,77.29,38.24,266.24,689.9,5
10-01-2024 09:45,4,663,219,37.38,73.28,13.61,108.12,1
10-01-2024 09:46,10,155,485,94.64,33.97,283.82,485.87,3
10-01-2024 09:47,2,220,443,42.02,88,21.88,414.94,5
10-01-2024 09:48,4,689,218,34.89,74.73,194.51,345.43,1
10-01-2024 09:49,2,299,190,30.33,89.98,107.04,290.05,5
10-01-2024 09:50,3,593,67,65.97,49.44,16.6,139.25,1
10-01-2024 09:51,4,777,31,19.28,59.2,279.14,526.98,1
10-01-2024 09:52,4,311,322,91.05,36.03,44.93,111.81,3
10-01-2024 09:53,10,891,250,35.02,60.28,256.85,666.85,5
10-01-2024 09:54,9,543,54,35.11,88.04,102.45,369.23,1
10-01-2024 09:55,10,293,10,13.92,17.28,223.64,492.23,2
10-01-2024 09:56,6,500,166,30.91,36.7,80,80.69,1
10-01-2024 09:57,9,952,339,45.61,36.1,177.11,92.85,1
10-01-2024 09:58,4,846,415,41.42,88.68,240.87,204,4
10-01-2024 09:59,9,339,285,33.21,24.95,172.02,628.2,1
10-01-2024 10:00,9,312,153,13.46,75.93,95.43,398.95,3
10-01-2024 10:01,6,898,32,35.55,35.59,73.86,262.47,3
10-01-2024 10:02,5,894,17,76.16,79.55,56.57,682.58,1
10-01-2024 10:03,3,363,371,47.3,51.58,252.45,169.69,3
10-01-2024 10:04,5,134,301,34.72,33.17,185.23,222.4,1
10-01-2024 10:05,3,464,305,35.91,68.23,155.06,625.85,3
10-01-2024 10:06,5,378,343,57.13,78.12,78.63,41.1,2
10-01-2024 10:07,5,94,146,35.69,50.26,132.96,191.84,1
10-01-2024 10:08,2,864,75,63.62,68.55,187.92,426.64,1
10-01-2024 10:09,9,382,379,94.1,28.62,26.21,733.73,2
10-01-2024 10:10,7,514,124,13.5,85.32,111.41,227.38,3
10-01-2024 10:11,6,249,52,24.34,22.23,75.65,186.21,3
10-01-2024 10:12,5,250,404,25.22,31.65,195.72,780.43,5
10-01-2024 10:13,4,378,190,48,36.63,183.85,429.12,2
10-01-2024 10:14,8,729,141,13.52,26.46,93.33,68.76,2
10-01-2024 10:15,2,289,88,50.59,45.5,17.28,235.66,4
10-01-2024 10:16,8,933,427,88.96,49.33,58.93,436.26,3
10-01-2024 10:17,1,847,84,10.98,53.89,52.22,76.15,1
10-01-2024 10:18,10,751,243,41.02,18.06,172.68,560.19,2
10-01-2024 10:19,1,632,106,74.68,31.43,54.94,427.54,4
10-01-2024 10:20,3,706,92,23.13,75.58,147.29,573.58,3
10-01-2024 10:21,5,408,355,16.59,75.8,186.29,286.56,1
10-01-2024 10:22,6,950,21,63.62,39.75,264.47,347.57,4
10-01-2024 10:23,4,770,6,10.85,49.59,77.28,743.94,2
10-01-2024 10:24,7,409,455,78.15,28.76,59.84,184.33,1
10-01-2024 10:25,7,427,221,15.68,76.66,56.11,50.82,1
10-01-2024 10:26,2,434,309,54.57,86.75,111.33,786.13,5
10-01-2024 10:27,2,769,87,72.91,36.85,196.51,25.79,4
10-01-2024 10:28,2,514,180,30.57,73.65,203.2,712.83,1
10-01-2024 10:29,2,271,453,18.8,41.43,67.23,664.26,2
10-01-2024 10:30,9,848,342,24.93,15.2,43.71,400.35,1
10-01-2024 10:31,5,724,393,82.65,59.98,137.36,570.17,5
10-01-2024 10:32,8,414,352,69.99,45.78,46.65,101.96,5
10-01-2024 10:33,5,121,246,26.84,71.88,244.81,615.66,1
10-01-2024 10:34,5,289,458,70.87,71.16,29.75,631.33,3
10-01-2024 10:35,1,553,174,70.23,85.95,226.87,60.05,1
10-01-2024 10:36,6,463,491,94.81,47.84,17.58,407.85,5
10-01-2024 10:37,4,176,113,43.28,51.19,243.06,759.56,5
10-01-2024 10:38,3,536,476,83.51,45.03,190.01,761.89,2
10-01-2024 10:39,6,646,459,47.95,37.27,100.1,787.92,2
10-01-2024 10:40,2,576,71,86.31,62.84,124.63,532.2,3
10-01-2024 10:41,8,297,158,17.79,77.1,203.72,130.07,2
10-01-2024 10:42,1,531,299,24.9,26.84,59.76,342.05,1
10-01-2024 10:43,9,361,237,82.25,88.64,267.64,587.01,1
10-01-2024 10:44,8,493,187,79.64,66.29,147.45,241.39,5
10-01-2024 10:45,1,332,243,35.96,73.51,229.24,651.91,1
10-01-2024 10:46,10,51,166,60.73,89.91,154.48,691.86,5
10-01-2024 10:47,9,123,34,42.53,52.8,138.42,615.57,1
10-01-2024 10:48,2,113,255,10.88,20.35,143.54,286.84,1
10-01-2024 10:49,3,822,302,12.22,74.27,112.12,598.35,1
10-01-2024 10:50,2,396,220,14.61,80.31,221.16,76.38,1
10-01-2024 10:51,8,373,32,60.5,27.18,254.61,281.47,2
10-01-2024 10:52,2,288,400,33.73,16.81,257.05,617.17,2
10-01-2024 10:53,10,446,423,22.24,25.19,40.74,639.96,5
10-01-2024 10:54,2,386,257,90,39.3,229.6,268.65,4
10-01-2024 10:55,1,390,482,20.31,84.32,63.99,769.04,1
10-01-2024 10:56,7,328,233,67.29,15.19,8.59,233.16,5
10-01-2024 10:57,2,402,441,86,75.28,86.26,534.81,5
10-01-2024 10:58,10,995,215,23.93,79.11,91.4,705.59,1
10-01-2024 10:59,5,941,242,28.25,75.83,243.89,450.09,1
10-01-2024 11:00,5,512,245,58.77,21.17,224.01,341.74,5
10-01-2024 11:01,3,511,20,53.22,65.94,29.98,184.9,5
10-01-2024 11:02,3,762,210,54.29,86.54,101.16,173.22,2
10-01-2024 11:03,3,342,210,57.15,24.03,79.13,143.96,2
10-01-2024 11:04,6,847,426,90.74,17.38,180.66,365.56,1
10-01-2024 11:05,4,782,488,14.58,80.52,164.75,447.38,5
10-01-2024 11:06,3,456,469,74.64,63.37,205.28,674.46,1
10-01-2024 11:07,2,211,72,29.76,63.48,273.67,189.53,3
10-01-2024 11:08,3,552,162,41.76,87.33,129.22,609.06,1
10-01-2024 11:09,4,497,178,17.59,72.73,198.5,561.41,1
10-01-2024 11:10,6,744,11,47.88,44.81,275.91,514.92,5
10-01-2024 11:11,4,504,363,78.36,47.69,164.8,284.69,5
10-01-2024 11:12,8,934,499,18.39,25.85,95.94,268.03,2
10-01-2024 11:13,3,314,299,33.43,37.8,123.86,611.97,4
10-01-2024 11:14,3,181,266,41.71,48.41,227.61,234.14,1
10-01-2024 11:15,3,883,8,18.83,34.58,217.4,277.18,2
10-01-2024 11:16,8,169,495,74.8,83.69,225.78,772.85,3
10-01-2024 11:17,4,941,456,76.89,15.89,224.27,798.8,1
10-01-2024 11:18,1,268,275,81.05,59.03,276.54,21.34,4
10-01-2024 11:19,2,466,193,59.63,72.87,230.38,555.68,3
10-01-2024 11:20,10,721,311,53.12,69.91,257.35,437.69,1
10-01-2024 11:21,2,554,436,32.32,63.28,174.24,378.93,5
10-01-2024 11:22,3,349,259,65.69,45.78,195.03,235.01,4
10-01-2024 11:23,6,158,53,47.79,83.89,290.48,415.58,5
10-01-2024 11:24,8,287,300,92.52,39.67,261.74,376.13,3
10-01-2024 11:25,1,342,96,92.3,71.26,234.32,333.02,2
10-01-2024 11:26,9,628,304,86.94,84.5,207.23,682.86,5
10-01-2024 11:27,1,877,310,40.61,24.63,110.76,231.1,4
10-01-2024 11:28,10,236,400,41.28,86.03,166.7,486.03,5
10-01-2024 11:29,2,85,414,82.48,73.2,21.26,694.09,2
10-01-2024 11:30,3,610,497,71.98,61.24,127.77,783.62,1
10-01-2024 11:31,7,305,92,69.87,43,38.01,490.15,2
10-01-2024 11:32,9,484,412,33.77,82.82,219.95,425.63,3
10-01-2024 11:33,3,668,144,80.83,18.3,268.23,675.6,1
10-01-2024 11:34,8,57,489,59.25,47.39,56.35,166.99,5
10-01-2024 11:35,9,797,307,47.98,71.75,77.48,511.41,5
10-01-2024 11:36,10,227,417,83.56,75.84,257.81,70.06,2
10-01-2024 11:37,7,291,409,43.51,30.17,177.82,534.81,1
10-01-2024 11:38,4,90,18,65.58,18.57,178.55,640.73,2
10-01-2024 11:39,4,406,126,49.6,75.21,171.05,69.15,1
10-01-2024 11:40,4,806,154,60.38,46.64,69.39,681.77,2
10-01-2024 11:41,6,162,6,13.45,25.76,76.77,116.22,4
10-01-2024 11:42,4,926,422,49.19,21.42,285.14,157.15,4
10-01-2024 11:43,5,817,428,57.3,63.05,218.42,672.39,1
10-01-2024 11:44,9,215,451,51.88,58.71,31.68,117.27,1
10-01-2024 11:45,7,553,427,82.03,79.05,70.77,545.61,2
10-01-2024 11:46,8,903,390,36.45,17.37,190,249.96,4
10-01-2024 11:47,5,127,334,85.15,80.13,88.62,213.72,2
10-01-2024 11:48,5,768,448,44.29,81.54,79.26,527.12,5
10-01-2024 11:49,7,872,338,69.03,48.47,64.69,103.27,1
10-01-2024 11:50,8,927,336,17.37,20.75,59.79,468.21,4
10-01-2024 11:51,9,245,88,27.01,86.01,185.93,741.13,5
10-01-2024 11:52,2,451,269,74.7,20.4,272.23,684.1,1
10-01-2024 11:53,3,882,65,11.05,59.3,111.53,683.87,4
10-01-2024 11:54,2,113,166,92.32,51.99,40.85,256.28,5
10-01-2024 11:55,10,701,64,26.2,77.63,41.67,567,2
10-01-2024 11:56,7,935,270,86.61,52.7,280.44,628.48,2
10-01-2024 11:57,2,474,145,53.86,50.18,160.98,723.1,4
10-01-2024 11:58,2,91,377,57.99,81.05,142.55,226.02,3
10-01-2024 11:59,2,422,333,17.15,87.3,267.77,613.47,3
10-01-2024 12:00,4,355,269,41.04,56.2,154.6,201.17,1
10-01-2024 12:01,1,258,329,23.28,49.1,146.78,41.68,1
10-01-2024 12:02,2,516,390,54.7,77.33,278.36,395.83,5
10-01-2024 12:03,3,981,6,56.81,77.33,144.97,617.4,5
10-01-2024 12:04,7,353,121,70.32,38.95,120.33,187.21,2
10-01-2024 12:05,10,634,350,84.65,58.22,176.59,57.9,3
10-01-2024 12:06,1,441,421,49.8,26.56,293.28,311.56,1
10-01-2024 12:07,6,202,313,29.84,62.67,289.33,178.24,3
10-01-2024 12:08,3,696,309,38.35,77.55,233.8,318.03,5
10-01-2024 12:09,3,411,302,82,29.06,152.29,738.25,3
10-01-2024 12:10,4,313,334,22.4,39.23,265.03,600.24,2
10-01-2024 12:11,4,265,132,63.32,48.67,128.72,310.9,1
10-01-2024 12:12,7,770,290,11.11,78.38,193.84,273.54,2
10-01-2024 12:13,3,765,450,30.88,69.85,57.93,738.53,1
10-01-2024 12:14,8,671,447,60.27,38.77,200.08,713.3,2
10-01-2024 12:15,8,592,189,48.8,33.23,86.45,491.19,5
10-01-2024 12:16,7,573,209,51.95,67.18,232.67,298.92,4
10-01-2024 12:17,2,688,42,66.15,50.99,127.14,638.02,2
10-01-2024 12:18,5,874,78,29.94,59.52,122.53,537.71,2
10-01-2024 12:19,6,243,320,33.87,63.65,225.24,460.44,3
10-01-2024 12:20,10,701,499,68.18,56.9,130.47,596.07,5
10-01-2024 12:21,4,76,145,55.75,60.98,215.64,124.88,4
10-01-2024 12:22,10,95,445,11.24,81.56,257.24,745.52,4
10-01-2024 12:23,5,696,374,66.98,80.11,45.38,778.88,1
10-01-2024 12:24,9,878,286,62.71,26.18,146.31,296.47,1
10-01-2024 12:25,7,107,171,16.68,58.99,283.75,758.5,4
10-01-2024 12:26,2,62,93,73.54,47.95,244.59,640.75,4
10-01-2024 12:27,1,998,263,54.38,36.41,292.22,754,5
10-01-2024 12:28,2,661,457,27.4,62.34,258.79,735.62,4
10-01-2024 12:29,3,98,430,57.55,53.32,96.51,176.7,1
10-01-2024 12:30,2,852,23,60.61,73.12,57.85,222.82,1
10-01-2024 12:31,3,143,292,88.21,22.01,67.11,223.26,3
10-01-2024 12:32,10,656,142,73.08,37.7,68.98,93.55,4
10-01-2024 12:33,9,706,148,35.66,16.93,27.34,330.2,5
10-01-2024 12:34,4,633,440,20.04,70.95,272.5,302.85,2
10-01-2024 12:35,9,500,116,82.52,83.43,153.25,288.29,1
10-01-2024 12:36,3,428,81,81.92,59.05,34.88,292.18,2
10-01-2024 12:37,1,59,416,24.9,61.27,229.98,68.42,1
10-01-2024 12:38,5,723,25,15.28,18.48,101.06,165.06,5
10-01-2024 12:39,10,775,115,70.51,52.78,25.96,250.81,2
10-01-2024 12:40,10,565,94,71.42,54.52,60.98,713.4,3
10-01-2024 12:41,2,273,305,25.06,17.92,198.98,742.69,5
10-01-2024 12:42,4,430,185,66.8,73.68,239.23,242.46,1
10-01-2024 12:43,2,590,283,33.71,35.87,79.83,561.44,4
10-01-2024 12:44,2,351,155,32.15,69.26,175.23,683.49,2
10-01-2024 12:45,3,252,174,37.58,45.22,5.26,414.82,4
10-01-2024 12:46,5,991,351,54.23,89.67,87.12,609.32,1
10-01-2024 12:47,4,638,173,78.38,30.92,58.58,781.18,2
10-01-2024 12:48,2,620,154,52.38,19.37,27.58,146.53,2
10-01-2024 12:49,10,245,14,35.33,88.49,147.75,74.93,2
10-01-2024 12:50,2,371,378,85.14,33.29,191.15,519.22,5
10-01-2024 12:51,6,467,304,14.68,62.65,18.68,416.62,5
10-01-2024 12:52,7,668,128,77.75,43.09,45.68,251.35,5
10-01-2024 12:53,10,391,341,76.67,62.97,280.03,734.94,5
10-01-2024 12:54,6,438,92,31.55,59.7,70.82,679.75,1
10-01-2024 12:55,7,58,271,26.86,68.05,229.2,226.23,3
10-01-2024 12:56,1,581,222,84.35,16.38,225.58,623.87,1
10-01-2024 12:57,6,198,473,57.5,77.71,99.87,666.16,2
10-01-2024 12:58,3,432,307,13.91,50.9,65.21,273.76,5
10-01-2024 12:59,1,578,310,85.72,53.91,76.97,97.34,2
10-01-2024 13:00,8,61,395,39.67,45.83,171.94,683.33,5
10-01-2024 13:01,4,525,108,39.08,89.2,117.44,95.49,4
10-01-2024 13:02,10,643,331,64.68,75.12,151.19,393.31,4
10-01-2024 13:03,8,628,28,66.21,38.35,244.43,171.6,5
10-01-2024 13:04,10,694,439,40.03,73.73,153.18,743.42,4
10-01-2024 13:05,4,102,197,22.18,47.77,298.59,103.55,5
10-01-2024 13:06,4,485,476,56.94,80.25,201.42,111.18,3
10-01-2024 13:07,10,255,200,63.14,17.31,66.14,567.35,2
10-01-2024 13:08,4,993,154,83.12,41.66,152.36,180.33,1
10-01-2024 13:09,6,964,384,51.18,47.24,244.96,123.24,1
10-01-2024 13:10,9,794,70,64.88,70.82,69.4,151.19,1
10-01-2024 13:11,5,962,160,14.62,28.67,220.18,484.8,5
10-01-2024 13:12,10,103,432,86.03,36.47,14.87,193.65,5
10-01-2024 13:13,8,629,352,37.81,69.29,283.08,314.25,3
10-01-2024 13:14,8,539,396,63.74,20.76,200.69,682.79,5
10-01-2024 13:15,4,852,454,87.86,30.08,52.96,157.02,1
10-01-2024 13:16,10,393,461,78.89,71.5,262.92,664.5,4
10-01-2024 13:17,9,218,103,64.2,80.66,29.14,624.81,2
10-01-2024 13:18,9,958,488,69.81,69.66,124.75,668.32,5
10-01-2024 13:19,5,210,236,88.28,54.54,222.4,290.67,1
10-01-2024 13:20,6,576,189,79.03,22.43,281.53,388.44,2
10-01-2024 13:21,5,752,418,61.84,77.04,107.9,571.46,2
10-01-2024 13:22,3,576,343,65.99,24.3,250,49.19,5
10-01-2024 13:23,8,336,361,22.52,43.88,63.04,537.73,5
10-01-2024 13:24,9,924,109,49.96,18.79,15.36,113.67,5
10-01-2024 13:25,4,461,337,35.58,68.23,13.48,244.7,3
10-01-2024 13:26,9,571,301,46.72,52.76,199.16,651.63,1
10-01-2024 13:27,9,618,368,66.29,83.07,50.49,515.6,5
10-01-2024 13:28,7,248,255,22.68,25.41,19.85,505.05,2
10-01-2024 13:29,8,210,316,11.48,76.44,293.14,196.99,3
10-01-2024 13:30,3,824,193,43.74,53.3,76.39,540.94,1
10-01-2024 13:31,5,438,71,37.39,42.46,141.45,122.73,4
10-01-2024 13:32,3,523,269,45.74,63.27,185.86,772.54,5
10-01-2024 13:33,7,430,334,89.15,74.28,47.61,217.1,5
10-01-2024 13:34,6,814,209,70.1,48.02,110.36,664.86,4
10-01-2024 13:35,3,680,478,37.83,32.46,196.07,737.72,5
10-01-2024 13:36,9,641,176,25.24,83.68,193.73,154,1
10-01-2024 13:37,1,173,239,62.57,38.47,253.41,27.6,3
10-01-2024 13:38,10,874,381,65.89,89.87,134.04,701.95,2
10-01-2024 13:39,3,121,433,51.11,72.55,267.5,615.91,4
10-01-2024 13:40,10,217,98,28.08,66.59,206.25,140.33,1
10-01-2024 13:41,7,333,347,12.43,15.93,170.82,667.69,1
10-01-2024 13:42,3,543,442,32.58,48.64,39.56,652.17,4
10-01-2024 13:43,3,85,89,48.86,52.68,174.54,379.79,3
10-01-2024 13:44,2,873,252,76.97,43.23,180.43,758.52,3
10-01-2024 13:45,9,224,492,82.57,26.25,228.85,474.05,2
10-01-2024 13:46,4,248,99,45.1,42.56,217.15,365.45,2
10-01-2024 13:47,10,165,329,77.67,20.62,161.34,30.32,2
10-01-2024 13:48,6,985,326,94.43,36.82,179.88,763.17,3
10-01-2024 13:49,2,364,445,70.91,21.28,232.84,120.13,5
10-01-2024 13:50,9,988,154,71.93,71.43,108.67,251.03,5
10-01-2024 13:51,7,269,486,87.31,65.34,44.82,588.96,5
10-01-2024 13:52,10,940,295,38.74,85.49,262.92,24.17,4
10-01-2024 13:53,5,627,442,10.95,43.49,289.68,443.22,4
10-01-2024 13:54,7,826,283,93.89,73.97,131.64,143.95,4
10-01-2024 13:55,4,183,296,51.69,59.07,297.14,37.58,4
10-01-2024 13:56,10,680,379,76.78,63.46,100.19,520.5,3
10-01-2024 13:57,7,171,31,79.06,56.06,24.64,490.32,4
10-01-2024 13:58,2,882,131,43.79,73.44,173.88,592.75,2
10-01-2024 13:59,7,948,216,56.01,18.15,261.12,502.21,4
10-01-2024 14:00,4,470,15,55.89,21.04,187.16,364.75,1
10-01-2024 14:01,4,944,438,28.72,22.19,7.78,393.32,5
10-01-2024 14:02,1,541,326,20,36.65,8.49,191.7,1
10-01-2024 14:03,3,648,267,56.2,59.33,218.68,85.3,1
10-01-2024 14:04,5,338,286,20.21,63.42,254.38,691.46,2
10-01-2024 14:05,5,698,291,39.42,68.45,79.65,559.22,3
10-01-2024 14:06,2,102,368,25.82,36.06,143.69,115.88,2
10-01-2024 14:07,4,254,486,70.09,63.77,288.52,226.1,3
10-01-2024 14:08,1,397,43,84.12,23.83,140.87,693.32,2
10-01-2024 14:09,9,100,445,59.12,15.75,45.07,768.67,3
10-01-2024 14:10,1,888,168,44.86,67.1,273.94,637.09,4
10-01-2024 14:11,6,971,349,94.71,68.67,151.07,464.57,2
10-01-2024 14:12,7,961,471,11.8,61.66,106.57,697.93,1
10-01-2024 14:13,3,89,426,35.87,34.42,33.74,508.91,2
10-01-2024 14:14,1,299,255,33.69,84.56,140.19,565.54,1
10-01-2024 14:15,7,267,170,40.28,80.68,232.05,665.02,3
10-01-2024 14:16,3,228,375,29.6,53.67,216.57,296.11,4
10-01-2024 14:17,10,600,259,32.46,89.19,151.49,631.94,4
10-01-2024 14:18,6,232,346,31.9,37.4,217.26,181.42,4
10-01-2024 14:19,6,785,78,52.99,51.84,108.47,171.52,1
10-01-2024 14:20,4,213,339,43.24,84.59,221.9,652.84,5
10-01-2024 14:21,6,795,85,64.34,49.66,30.29,459.76,5
10-01-2024 14:22,10,426,380,53.72,50.33,63.77,342.84,2
10-01-2024 14:23,4,754,149,25.59,20.95,263.93,428.29,5
10-01-2024 14:24,8,546,201,78.85,30.85,91.63,782.78,5
10-01-2024 14:25,9,646,77,50.14,26.84,65.75,717.45,5
10-01-2024 14:26,2,510,361,23.02,57.39,31.26,415.91,5
10-01-2024 14:27,7,804,250,24.18,38.89,120.92,446.81,1
10-01-2024 14:28,9,523,53,77.74,20.78,24.76,499.1,4
10-01-2024 14:29,9,734,300,69.75,53.25,151.61,636.84,3
10-01-2024 14:30,5,954,302,53.05,65.19,276.17,701.57,1
10-01-2024 14:31,1,86,293,36.02,70.24,237.2,134.29,5
10-01-2024 14:32,6,648,294,49.14,77.81,17,509.99,5
10-01-2024 14:33,8,690,109,64.1,51.15,93.43,197.21,1
10-01-2024 14:34,1,755,365,84.74,44.3,60.36,504.99,3
10-01-2024 14:35,2,368,88,57.25,66.31,24.75,153.62,4
10-01-2024 14:36,1,604,166,33.52,16,37.05,650.21,5
10-01-2024 14:37,5,461,494,13.63,62.51,272.9,535.53,2
10-01-2024 14:38,2,405,267,24.91,45.43,96.47,695.48,3
10-01-2024 14:39,10,720,93,65.27,48.97,120.71,756.66,5
10-01-2024 14:40,10,666,173,23.64,37.22,148.28,748.46,2
10-01-2024 14:41,4,278,64,50.93,24.55,224.75,133.23,1
10-01-2024 14:42,1,778,428,69.41,45.11,240.52,313.92,4
10-01-2024 14:43,7,313,126,36.2,38.12,289.3,396.81,2
10-01-2024 14:44,8,979,368,66.87,87.01,67.15,635.38,5
10-01-2024 14:45,5,536,230,59.39,85.77,93.81,31.56,2
10-01-2024 14:46,2,610,105,47.31,63.29,97.32,741.85,1
10-01-2024 14:47,8,401,209,86.27,82.78,136.35,337.64,5
10-01-2024 14:48,1,491,62,68.83,71.35,243.18,512.26,3
10-01-2024 14:49,7,684,240,40.65,40.94,75.64,784.88,2
10-01-2024 14:50,1,508,474,78.36,60.29,235.96,708.47,3
10-01-2024 14:51,6,864,61,72.74,31.52,65.19,302.5,1
10-01-2024 14:52,6,74,346,77.29,66.54,214.49,397.92,2
10-01-2024 14:53,5,180,12,64.48,18.36,240.71,620.56,4
10-01-2024 14:54,2,990,466,42.25,77.35,256.87,599.97,1
10-01-2024 14:55,2,419,137,39.63,58.74,155.53,569.74,2
10-01-2024 14:56,9,485,195,65.6,19.38,101.97,28.34,2
10-01-2024 14:57,5,273,74,21.13,80.38,232.85,175.23,4
10-01-2024 14:58,5,660,363,79.69,80.83,99.67,192.91,2
10-01-2024 14:59,7,401,386,41.48,78.96,48.69,215.48,2
10-01-2024 15:00,6,851,136,63.58,73.07,251.23,95.02,3
10-01-2024 15:01,2,534,372,52.42,65.84,126.32,649.15,3
10-01-2024 15:02,1,246,43,54.14,44.77,173.4,286.21,5
10-01-2024 15:03,5,158,402,72.73,25.23,275.94,624.96,2
10-01-2024 15:04,4,909,436,63.27,36.66,45.06,746.59,1
10-01-2024 15:05,3,269,39,31.28,41.03,169.37,264.16,1
10-01-2024 15:06,2,825,31,16.31,41.86,169.84,373.94,2
10-01-2024 15:07,10,972,142,81.42,57.41,259.26,88.26,5
10-01-2024 15:08,2,769,320,85.22,30.63,105.67,249.98,3
10-01-2024 15:09,4,368,359,23.98,29.22,123.36,446.07,3
10-01-2024 15:10,2,131,353,36.31,68.77,158.19,160.55,5
10-01-2024 15:11,4,586,477,34,15.56,54.32,438.86,2
10-01-2024 15:12,3,747,44,89.68,26.21,143.85,264.05,5
10-01-2024 15:13,9,481,188,27.41,47.62,133.64,792.24,1
10-01-2024 15:14,7,946,353,24.16,26.18,63.23,313.06,2
10-01-2024 15:15,3,57,483,25.46,86.99,250.74,50.46,2
10-01-2024 15:16,8,685,2,72.04,65.26,132.15,388.9,5
10-01-2024 15:17,9,198,483,85.48,47.46,95.29,280.54,5
10-01-2024 15:18,7,147,416,43.44,23.42,43.46,308.62,4
10-01-2024 15:19,6,777,292,21.57,43.89,31.48,309.02,4
10-01-2024 15:20,4,150,494,59.79,63.8,288.27,707.31,3
10-01-2024 15:21,5,779,311,27.84,87.66,298.57,408.65,4
10-01-2024 15:22,8,416,370,15.45,50.45,269.89,217.22,3
10-01-2024 15:23,3,511,343,85.33,66.93,140.3,638.15,1
10-01-2024 15:24,2,974,447,84.02,29.65,243.34,365.89,4
10-01-2024 15:25,3,463,325,92.95,61.77,251.11,133.38,5
10-01-2024 15:26,7,308,367,50.29,32.93,93.44,798.83,3
10-01-2024 15:27,8,952,336,34.99,29.86,177.88,41.34,3
10-01-2024 15:28,1,405,296,75.43,53.19,287.26,573.2,1
10-01-2024 15:29,7,60,24,25.34,30.87,87.62,681.09,4
10-01-2024 15:30,9,465,373,30.68,69.1,200.55,295.97,5
10-01-2024 15:31,3,620,442,31.73,85.3,200.45,142.73,3
10-01-2024 15:32,3,299,104,90.89,44.52,138.54,360.52,1
10-01-2024 15:33,8,701,412,72.03,39.18,149.65,396.33,1
10-01-2024 15:34,4,896,62,21.36,28.19,139.63,799.77,4
10-01-2024 15:35,8,599,153,17.89,44.28,158.72,35.18,5
10-01-2024 15:36,5,171,263,81.64,56.97,48.89,531.59,4
10-01-2024 15:37,3,969,294,78.19,42.97,239.45,647.47,3
10-01-2024 15:38,4,114,455,67.03,61.73,200.02,501.97,5
10-01-2024 15:39,4,707,375,26.67,64.68,292.28,511.35,4
10-01-2024 15:40,8,351,243,50.82,22.34,77.46,702.74,5
10-01-2024 15:41,6,174,342,61.23,67.33,48.06,460.83,1
10-01-2024 15:42,7,361,342,89.23,82.52,106.05,707.64,1
10-01-2024 15:43,9,240,347,24.4,16.97,155.37,183.94,2
10-01-2024 15:44,6,824,121,53.81,56.35,65.48,422.58,1
10-01-2024 15:45,3,922,353,23.41,60.29,140.88,46.2,4
10-01-2024 15:46,3,499,173,47.73,68.24,194.57,646.72,1
10-01-2024 15:47,3,857,416,27.01,43.93,21.57,626.28,3
10-01-2024 15:48,10,743,103,81.08,76.4,228.62,440.45,1
10-01-2024 15:49,2,208,160,31.65,55.49,282.21,328.74,4
10-01-2024 15:50,1,402,257,45.45,45.67,84.13,308.69,3
10-01-2024 15:51,10,869,202,44.66,68.94,233.99,176.87,2
10-01-2024 15:52,1,848,45,83.64,84.55,128.29,353.75,1
10-01-2024 15:53,4,723,64,74.41,75.9,201.01,257.05,2
10-01-2024 15:54,3,312,196,14.89,84.8,224.19,470.58,4
10-01-2024 15:55,5,778,477,15.7,34.95,92.02,633.46,5
10-01-2024 15:56,9,961,391,56.85,23.89,237.28,561.43,4
10-01-2024 15:57,8,455,422,46.36,55.08,36.01,420.89,1
10-01-2024 15:58,9,742,70,33.42,18.33,296.08,759.91,2
10-01-2024 15:59,5,652,181,77.37,65.59,104.42,173.91,4
10-01-2024 16:00,8,66,331,20.93,33,71.02,519.18,2
10-01-2024 16:01,4,686,247,92.79,49.08,45.9,88.67,3
10-01-2024 16:02,5,309,329,12.05,64.17,244.59,544.95,2
10-01-2024 16:03,3,939,158,20.05,51.23,177.84,585.76,4
10-01-2024 16:04,5,404,406,36.46,32.7,285.74,630.44,3
10-01-2024 16:05,3,538,186,53.28,81.03,196.07,537.73,4
10-01-2024 16:06,5,263,231,28.37,72.34,105.47,115.65,5
10-01-2024 16:07,5,288,73,72.58,60.08,251.74,54.55,1
10-01-2024 16:08,6,229,55,40.39,67.39,87.96,577.12,4
10-01-2024 16:09,9,468,486,13.28,46.15,90.8,642.62,3
10-01-2024 16:10,1,733,243,84.61,43.19,13.34,45.46,5
10-01-2024 16:11,10,192,302,90.23,27.01,79.35,136.95,2
10-01-2024 16:12,6,366,353,62.58,75.27,82.12,636.42,4
10-01-2024 16:13,1,293,410,78.56,43.58,92.77,774.91,4
10-01-2024 16:14,6,281,448,20.29,66.92,113.75,426.02,2
10-01-2024 16:15,2,733,464,32.85,37.5,175.12,139.58,3
10-01-2024 16:16,8,838,393,37.64,74.7,68.84,270.59,2
10-01-2024 16:17,3,638,215,91.66,22.89,192.84,629.51,5
10-01-2024 16:18,10,352,15,53.54,61.88,44.33,443.72,4
10-01-2024 16:19,6,380,147,10.63,75.57,279.62,65.08,2
10-01-2024 16:20,6,610,490,42.32,64.52,12.7,260.57,4
10-01-2024 16:21,4,998,144,10.66,67.21,272.92,607.18,4
10-01-2024 16:22,5,297,25,30.21,54.45,166.42,274.11,4
10-01-2024 16:23,2,332,99,48.65,56.93,214.46,357.22,2
10-01-2024 16:24,10,336,179,37.49,19.94,93.01,725.94,2
10-01-2024 16:25,10,989,333,12.78,33.81,56.27,788.02,1
10-01-2024 16:26,8,81,174,19.89,69.14,284.45,610.62,2
10-01-2024 16:27,10,549,263,56.83,85.91,135.1,207.3,5
10-01-2024 16:28,7,719,290,69.13,55.63,146.75,209.65,3
10-01-2024 16:29,10,579,58,44.39,69.42,295.78,257.33,1
10-01-2024 16:30,6,430,334,72.18,66.27,104.14,145.23,4
10-01-2024 16:31,7,112,279,23.88,89.95,34.56,159.49,2
10-01-2024 16:32,1,177,407,20.37,74.63,178.14,219.67,3
10-01-2024 16:33,5,577,145,81.35,62.07,168.67,534.71,3
10-01-2024 16:34,7,212,397,38.83,23.64,233.07,497.73,3
10-01-2024 16:35,1,300,122,46.74,42.2,286.75,285.9,4
10-01-2024 16:36,2,698,27,90.54,33.8,95.76,173.4,1
10-01-2024 16:37,9,879,66,46.05,79.03,217.93,506.74,3
10-01-2024 16:38,3,344,101,10.3,48.46,133.18,122.08,1
10-01-2024 16:39,6,228,414,89.73,55.15,236.21,134.07,5
10-01-2024 16:40,7,278,388,11.2,87.36,53.46,319.03,5
10-01-2024 16:41,9,932,94,66.29,77.75,152.75,462.55,3
10-01-2024 16:42,5,443,67,37.45,74.24,27.77,588.07,3
10-01-2024 16:43,4,741,250,49.98,25.67,170.55,555.84,5
10-01-2024 16:44,2,445,142,56.52,16.71,54.85,315.19,1
10-01-2024 16:45,3,121,267,44.72,24.42,288.21,530.63,1
10-01-2024 16:46,5,367,40,75.82,70.52,168.53,184.85,1
10-01-2024 16:47,2,948,215,89.11,45.8,161.17,405.12,2
10-01-2024 16:48,4,644,489,17.35,23.81,291.84,499.92,5
10-01-2024 16:49,1,428,496,78.02,70.43,152.03,600.64,2
10-01-2024 16:50,4,956,480,20.94,29.59,204.63,82.08,2
10-01-2024 16:51,7,185,131,16.82,59.18,18.77,98.89,5
10-01-2024 16:52,3,779,490,91.25,70.62,213.96,77.6,2
10-01-2024 16:53,10,670,1,51.59,60.6,35.77,446.25,2
10-01-2024 16:54,8,427,9,22.97,89.52,235.17,464.64,4
10-01-2024 16:55,6,968,368,58.45,47.56,263.67,28.59,5
10-01-2024 16:56,6,168,329,32.38,38.39,98.06,532.23,3
10-01-2024 16:57,1,955,380,49.47,30.09,264.05,615.39,3
10-01-2024 16:58,5,579,332,63.1,52.78,147.38,110.96,1
10-01-2024 16:59,3,893,385,83.89,78.94,173.61,283.12,1
10-01-2024 17:00,10,984,144,10.26,86.02,126.24,682.98,3
10-01-2024 17:01,1,715,350,28.2,87.9,145.58,556.02,1
10-01-2024 17:02,8,572,328,18.18,54.85,272.94,257.62,2
10-01-2024 17:03,7,699,494,18.25,60.39,284.45,598.95,3
10-01-2024 17:04,7,436,302,90.39,58.62,136.53,712.07,3
10-01-2024 17:05,10,623,138,89.57,49.95,156.74,261.27,1
10-01-2024 17:06,10,632,417,73.69,26.42,39.27,553.74,1
10-01-2024 17:07,10,622,358,64.66,19.91,101.06,92.87,2
10-01-2024 17:08,4,693,297,82.08,47.75,156.4,65.77,2
10-01-2024 17:09,6,622,179,14.96,28.96,64.76,477.28,4
10-01-2024 17:10,9,953,278,20.16,81.5,175.08,404.09,3
10-01-2024 17:11,3,919,144,36.95,72.13,207.16,651.87,2
10-01-2024 17:12,9,318,339,80.76,61.38,196.74,628.62,2
10-01-2024 17:13,4,573,459,50.14,18.56,135.54,243.62,2
10-01-2024 17:14,5,596,190,52.8,61.67,231.95,419.56,2
10-01-2024 17:15,7,535,437,29.49,61.58,99.26,609.51,3
10-01-2024 17:16,6,487,331,65.11,47.94,143.44,231.34,1
10-01-2024 17:17,10,612,270,85.47,64.33,84.7,302.33,1
10-01-2024 17:18,8,604,487,38.01,79.34,183.07,66.69,5
10-01-2024 17:19,8,789,187,62.63,71.85,135.01,121.78,1
10-01-2024 17:20,8,160,154,38.22,50.51,69.05,495.97,1
10-01-2024 17:21,3,371,172,77.38,34.67,95.91,407.47,5
10-01-2024 17:22,10,576,404,50.37,50.84,87.44,151.5,4
10-01-2024 17:23,6,226,468,38.85,85.95,273.72,25.68,4
10-01-2024 17:24,7,723,247,45.7,76.5,158.98,151.85,5
10-01-2024 17:25,9,600,389,17.75,17.03,197.53,604.72,5
10-01-2024 17:26,10,587,449,83.62,73.72,280.75,93.07,3
10-01-2024 17:27,10,673,11,91.44,27.79,58.75,333.91,5
10-01-2024 17:28,4,993,47,50.58,57.83,281.38,206.26,3
10-01-2024 17:29,5,522,266,28.81,75.49,164.19,448.53,4
10-01-2024 17:30,8,612,317,66.5,57.1,257.58,419.01,3
10-01-2024 17:31,1,928,111,48.45,45.29,54.56,786.7,1
10-01-2024 17:32,6,437,476,31.45,39.1,85.52,622.85,1
10-01-2024 17:33,4,147,301,13.27,37.88,62.28,751.9,5
10-01-2024 17:34,5,460,303,85.62,77.81,197.76,470.81,4
10-01-2024 17:35,5,424,418,77.72,76.88,46.52,595.47,5
10-01-2024 17:36,2,219,374,80.47,76.75,238.79,718.16,4
10-01-2024 17:37,8,105,397,47.39,36.2,78.88,52.04,3
10-01-2024 17:38,2,782,492,74.03,74.92,80.37,734.05,1
10-01-2024 17:39,4,374,473,59.4,17.75,87.93,185.18,2
10-01-2024 17:40,5,707,279,41.86,30.48,225.18,569.91,2
10-01-2024 17:41,1,309,292,81.63,53.59,277.64,623.21,3
10-01-2024 17:42,6,690,447,94.89,45.51,272.72,105.27,2
10-01-2024 17:43,2,611,252,86.44,23.39,34.87,763.42,4
10-01-2024 17:44,5,389,76,75.98,18.13,82.42,742.72,3
10-01-2024 17:45,6,887,175,73.54,60.84,203.29,530.55,2
10-01-2024 17:46,8,453,109,65.27,38.51,187.47,141.16,2
10-01-2024 17:47,9,581,450,82.56,16.2,108.26,461.52,1
10-01-2024 17:48,6,223,340,51.91,47.32,259.54,288.43,4
10-01-2024 17:49,5,844,336,25.45,38.01,43.49,746,2
10-01-2024 17:50,4,587,14,75.28,58.25,193.51,337.19,1
10-01-2024 17:51,2,209,181,88.16,84.74,85.56,561.12,1
10-01-2024 17:52,2,59,322,39.01,38.09,160.52,516.87,2
10-01-2024 17:53,7,643,433,76.55,89.79,119.31,231.39,5
10-01-2024 17:54,5,305,272,33.27,21.45,294.02,437.69,2
10-01-2024 17:55,7,666,452,90.12,21.62,148.57,339.78,1
10-01-2024 17:56,1,701,43,68.09,68.47,292.95,312.21,1
10-01-2024 17:57,1,763,461,58.39,71.15,80.23,693.92,2
10-01-2024 17:58,5,393,102,76.29,46.72,231.54,129.01,5
10-01-2024 17:59,2,585,113,79.12,36.45,216.53,340.11,3
10-01-2024 18:00,8,422,193,85.85,74.55,255.06,25.27,5
10-01-2024 18:01,3,484,9,86.6,86.72,209.61,224.27,5
10-01-2024 18:02,1,983,149,14.48,89.24,206.3,504.96,5
10-01-2024 18:03,2,95,338,20.45,62.58,199.91,88.27,2
10-01-2024 18:04,10,778,491,80.22,70.51,295.59,231.52,3
10-01-2024 18:05,10,953,224,90.41,76.67,72.29,706.58,5
10-01-2024 18:06,7,104,110,36.15,74.92,13.88,559.63,5
10-01-2024 18:07,6,127,354,10.73,89.5,205,74.83,4
10-01-2024 18:08,8,540,84,37.43,75.78,55.84,794.06,5
10-01-2024 18:09,7,720,43,42.54,64.69,205.42,757.21,4
10-01-2024 18:10,10,905,66,74.69,43.22,99.31,130.52,3
10-01-2024 18:11,8,321,388,14.04,59.85,17.79,739.06,5
10-01-2024 18:12,3,709,379,28.07,81.03,232.08,448.96,1
10-01-2024 18:13,6,599,109,85.99,37.91,20.24,744.92,2
10-01-2024 18:14,7,160,102,23.16,17.3,71.12,775.08,1
10-01-2024 18:15,10,64,135,74.54,39.54,104.24,560.98,5
10-01-2024 18:16,1,127,86,40.71,87.02,44.16,247.21,5
10-01-2024 18:17,1,550,84,66.33,74.56,274.5,741.23,4
10-01-2024 18:18,7,637,442,16.28,29.04,188.44,467.31,3
10-01-2024 18:19,3,467,227,34.36,15.9,263.24,286.4,1
10-01-2024 18:20,3,889,260,46.11,65.18,206.21,378.83,5
10-01-2024 18:21,5,324,380,82.86,58.43,297.62,336.84,2
10-01-2024 18:22,6,543,20,57.9,21.22,159.92,749.53,2
10-01-2024 18:23,2,246,35,13.84,87.45,20.86,659.47,3
10-01-2024 18:24,3,425,353,78.16,61.33,52.45,44.47,1
10-01-2024 18:25,6,780,243,14.63,63.86,178.59,27.69,4
10-01-2024 18:26,3,112,443,89.42,79.02,107.58,74.11,4
10-01-2024 18:27,5,410,469,28,40.28,38.3,496.1,4
10-01-2024 18:28,9,593,429,51.47,56.87,75.25,655.29,4
10-01-2024 18:29,3,794,270,16.14,58.21,145,421.66,2
10-01-2024 18:30,6,159,223,57.75,87.55,157.86,437.08,2
10-01-2024 18:31,5,726,406,52.26,24.86,280.7,207.53,5
10-01-2024 18:32,5,243,304,44.87,71.92,31.75,378.25,5
10-01-2024 18:33,6,568,158,13.02,58.14,110.55,220.34,1
10-01-2024 18:34,6,993,285,84.71,78.4,154.28,233.73,1
10-01-2024 18:35,1,700,36,78.22,77.4,38.41,325.1,3
10-01-2024 18:36,9,508,497,63.81,15.9,207.9,57.09,2
10-01-2024 18:37,5,904,298,58.64,34.23,156.93,764.87,3
10-01-2024 18:38,1,848,29,69.07,28.56,140.56,733.12,4
10-01-2024 18:39,8,989,391,22.24,49.63,198.54,641.09,5
10-01-2024 18:40,7,350,416,89.27,82.9,89.91,463.44,5
10-01-2024 18:41,7,617,397,34.2,15.38,105.1,654.16,3
10-01-2024 18:42,5,721,255,65.8,51.61,53,779.83,3
10-01-2024 18:43,1,545,397,61.57,81.36,159.5,241.2,2
10-01-2024 18:44,9,198,438,64.11,84.47,114.86,304.13,4
10-01-2024 18:45,9,848,142,84.71,64.3,81.8,588.66,1
10-01-2024 18:46,8,818,134,35.15,77.23,41.8,521.44,1
10-01-2024 18:47,5,510,144,73.66,39.31,11.85,663.36,3
10-01-2024 18:48,3,188,297,60.86,36.45,62.04,290.64,3
10-01-2024 18:49,8,910,436,16.47,18.68,77.99,262.23,3
10-01-2024 18:50,1,885,368,45.2,52.74,148.2,476.63,1
10-01-2024 18:51,3,341,341,81.23,49.19,76.09,133.77,5
10-01-2024 18:52,7,384,245,36.8,42.89,246.21,50.87,5
10-01-2024 18:53,4,748,254,50.99,23.5,144.87,210.43,1
10-01-2024 18:54,7,884,364,51.53,32.31,189.02,143.49,5
10-01-2024 18:55,5,233,400,62.53,30.28,66.34,25.21,2
10-01-2024 18:56,6,356,5,85.14,85.8,127.76,626.85,3
10-01-2024 18:57,7,974,408,24.75,87.48,182.82,443.7,4
10-01-2024 18:58,10,947,427,52.89,15.26,96.76,541.78,4
10-01-2024 18:59,7,311,449,46.06,27.79,104.18,147.18,5
10-01-2024 19:00,7,976,266,35.15,81.66,243.19,220.22,1
10-01-2024 19:01,7,359,491,88.17,17.88,251.97,66.89,2
10-01-2024 19:02,7,393,239,10.69,85.76,162.22,798.03,4
10-01-2024 19:03,3,473,250,20.38,43.5,269.44,100.41,4
10-01-2024 19:04,3,706,443,72.33,55.4,222.32,90.48,5
10-01-2024 19:05,7,822,291,32.39,72.29,21.31,499.05,1
10-01-2024 19:06,2,563,31,71.47,33.29,170.04,278.87,4
10-01-2024 19:07,2,875,120,80.74,22.55,210.85,712.31,2
10-01-2024 19:08,3,573,79,31.64,75.75,164.56,668.58,3
10-01-2024 19:09,4,310,395,26.32,88.85,250.43,697.16,1
10-01-2024 19:10,6,411,9,22.35,64.41,93.75,593.4,3
10-01-2024 19:11,8,218,450,27.01,76.89,24.32,122.8,3
10-01-2024 19:12,10,709,44,32.71,85.6,191.92,69.62,1
10-01-2024 19:13,10,249,372,83.84,32.14,220.59,70.41,2
10-01-2024 19:14,7,434,222,75.45,41.28,230.75,645.39,2
10-01-2024 19:15,4,361,144,10.16,31.43,8.26,532.55,5
10-01-2024 19:16,2,631,120,84.3,19.63,203.65,785.17,1
10-01-2024 19:17,2,361,432,16.7,69.92,11.11,521.94,1
10-01-2024 19:18,4,615,53,65.7,25.92,233.56,214.43,5
10-01-2024 19:19,6,444,65,22.88,21.95,212.42,89.82,2
10-01-2024 19:20,3,820,176,15.29,41.82,172.39,305.17,1
10-01-2024 19:21,6,400,70,74.58,19.54,154.37,175.76,1
10-01-2024 19:22,5,77,302,49.71,28.47,215.96,510.15,3
10-01-2024 19:23,5,928,121,60.92,20.25,21.87,94.85,3
10-01-2024 19:24,2,924,377,46.16,80.8,250.5,622.56,2
10-01-2024 19:25,8,681,203,15.71,73.48,64.36,563.31,3
10-01-2024 19:26,5,182,289,72.87,79.46,145.95,594.36,3
10-01-2024 19:27,2,429,180,79.73,80.12,148.61,773.07,2
10-01-2024 19:28,7,651,81,13.52,85.84,234.25,527.44,2
10-01-2024 19:29,9,577,55,41.94,29,61.93,635.07,5
10-01-2024 19:30,9,336,179,57.37,82.5,93.43,86.54,1
10-01-2024 19:31,1,333,98,61.44,54.38,200.62,755.61,1
10-01-2024 19:32,7,952,110,59.14,27.47,126.77,190.49,2
10-01-2024 19:33,9,791,424,68.9,64.18,93.16,404.58,2
10-01-2024 19:34,6,698,153,92.18,39.53,188.32,766.53,4
10-01-2024 19:35,1,856,447,43.2,18.49,30.54,159.9,3
10-01-2024 19:36,2,276,406,57.31,20.9,237.98,47.7,4
10-01-2024 19:37,4,476,474,69.42,46.78,159.8,251.71,1
10-01-2024 19:38,4,76,125,60.36,76.99,65.78,141.97,2
10-01-2024 19:39,2,381,91,42.87,38.33,125.51,541.06,5
10-01-2024 19:40,8,166,294,63.05,72.46,43.67,237.13,1
10-01-2024 19:41,2,138,393,65.26,19.18,186.89,69.01,2
10-01-2024 19:42,3,668,37,59.72,44.53,202.44,716.56,1
10-01-2024 19:43,4,782,5,27.43,24.56,124.56,58.59,4
10-01-2024 19:44,9,784,338,53.01,79.77,105.21,231.59,2
10-01-2024 19:45,10,171,150,85.17,87.6,255.69,207.43,3
10-01-2024 19:46,1,943,366,83.83,39.42,174.94,38.34,5
10-01-2024 19:47,8,915,396,73.82,89.16,201.77,148.88,2
10-01-2024 19:48,5,82,316,69.26,71.42,42.62,655.58,1
10-01-2024 19:49,7,652,172,23.03,15.09,215.43,49.27,2
10-01-2024 19:50,8,745,406,49.05,51.4,136.16,38.12,3
10-01-2024 19:51,5,937,262,19.43,77.56,113.17,514.54,3
10-01-2024 19:52,8,819,484,79.47,55.04,279.17,89.36,2
10-01-2024 19:53,10,447,27,34.74,56.25,20.91,309.83,4
10-01-2024 19:54,8,574,495,75.18,48.58,62.7,21.67,5
10-01-2024 19:55,9,73,55,79.24,44.63,115.64,302.66,5
10-01-2024 19:56,2,374,399,85.86,17.05,100.59,268.07,3
10-01-2024 19:57,3,83,320,74.08,61.63,155.65,497.91,1
10-01-2024 19:58,1,296,249,58,72.5,123.27,409.29,3
10-01-2024 19:59,4,904,273,60.85,74.26,237.55,549.25,4
10-01-2024 20:00,5,68,259,37.25,61.85,231.56,749.97,3
10-01-2024 20:01,1,79,266,25.04,40.6,232.85,640.24,4
10-01-2024 20:02,8,98,191,21.1,16.7,113.96,748.17,4
10-01-2024 20:03,2,988,63,25.47,82.18,125.17,62.3,1
10-01-2024 20:04,1,961,345,89.39,47.18,217.54,792.46,2
10-01-2024 20:05,2,229,446,23.98,60.09,41.64,271.21,1
10-01-2024 20:06,5,419,341,71.52,29.59,256.32,235.84,1
10-01-2024 20:07,9,933,104,25.69,25.65,164.67,334.75,2
10-01-2024 20:08,9,787,393,92.9,21.51,255.32,630.98,2
10-01-2024 20:09,2,994,408,41.16,74.91,239.11,764.34,2
10-01-2024 20:10,2,444,288,45.03,63.48,115.44,452.3,1
10-01-2024 20:11,3,639,259,44.38,61.59,34.96,140.42,3
10-01-2024 20:12,7,545,161,79.4,83.95,276.64,186.96,3
10-01-2024 20:13,3,480,171,28.55,26.9,106.66,336.19,1
10-01-2024 20:14,1,256,109,80.64,27.77,115.25,305.29,2
10-01-2024 20:15,6,84,140,65.85,29.21,273.17,205.85,1
10-01-2024 20:16,3,811,93,28.72,46.75,275.62,683.18,3
10-01-2024 20:17,1,632,469,15.56,80.57,82.56,238.49,2
10-01-2024 20:18,4,462,103,75.87,81.11,31.24,482.35,1
10-01-2024 20:19,1,413,226,28.61,59.29,5.33,393.86,3
10-01-2024 20:20,1,359,353,85.57,64.36,134.3,740.3,2
10-01-2024 20:21,2,328,160,21.03,82.33,172.73,510.56,2
10-01-2024 20:22,10,201,404,62.39,61.82,84.75,279.03,5
10-01-2024 20:23,8,276,195,68.83,32.23,81.63,518.18,2
10-01-2024 20:24,2,292,324,65.9,67.87,110.25,268.75,3
10-01-2024 20:25,2,59,145,36.86,72.74,82.61,90.88,3
10-01-2024 20:26,10,878,242,84.42,62.65,258.24,398.46,4
10-01-2024 20:27,10,441,465,75.43,35.52,194.64,690.95,3
10-01-2024 20:28,8,97,403,53.37,44.99,249.54,729.16,3
10-01-2024 20:29,6,673,132,61.28,50.29,258.84,444.12,3
10-01-2024 20:30,4,253,93,58.14,25.9,133.33,565.63,2
10-01-2024 20:31,3,943,273,90.47,48.92,145.89,496.34,4
10-01-2024 20:32,1,206,192,86.2,27.09,293.46,652.44,4
10-01-2024 20:33,3,904,22,30.02,52.46,245.97,100.52,1
10-01-2024 20:34,9,75,194,32.33,18.81,240.38,333.07,1
10-01-2024 20:35,5,470,170,93.42,86.14,177.2,217.4,4
10-01-2024 20:36,6,869,460,30.11,33.48,141.04,25.13,4
10-01-2024 20:37,5,727,429,91.05,50.03,268.91,667.34,2
10-01-2024 20:38,1,810,11,65.23,17.46,242.34,124.66,3
10-01-2024 20:39,10,823,181,14.26,29.45,157.45,272.23,4
10-01-2024 20:40,1,313,232,38.54,66.99,84.79,696.16,5
10-01-2024 20:41,4,578,444,50.47,23.39,48.45,582.63,2
10-01-2024 20:42,3,637,29,80.81,62.11,168.05,462.82,1
10-01-2024 20:43,8,519,20,37.93,15.16,92.33,262.01,2
10-01-2024 20:44,7,303,5,36.4,49.88,82.94,421.95,4
10-01-2024 20:45,7,767,409,88.22,69.1,36.21,63.87,5
10-01-2024 20:46,8,595,34,16.72,84.47,15.17,587.29,4
10-01-2024 20:47,10,196,140,56.88,51.96,236.09,205.11,1
10-01-2024 20:48,7,375,28,52.86,78.04,36.86,393.78,2
10-01-2024 20:49,10,387,98,14.87,75.19,267.14,93.69,1
10-01-2024 20:50,2,789,262,17.46,37.18,68.07,574.41,4
10-01-2024 20:51,4,167,246,42.47,80.61,229.1,718.75,4
10-01-2024 20:52,6,214,19,21.4,63.02,247.78,375.63,2
10-01-2024 20:53,3,599,12,50.64,22.81,238.8,84.92,4
10-01-2024 20:54,3,960,25,61.76,85.43,262.49,757.16,3
10-01-2024 20:55,6,919,13,68.77,28.25,105.22,368.7,2
10-01-2024 20:56,1,857,465,56.45,50.28,295.84,82.66,1
10-01-2024 20:57,1,698,76,42.27,49.98,87.48,166.97,5
10-01-2024 20:58,5,870,259,21.03,61.89,280.62,113.48,4
10-01-2024 20:59,1,807,24,31.04,64.87,134.04,174.07,5
10-01-2024 21:00,10,247,8,45.65,32.47,21.79,141.51,1
10-01-2024 21:01,8,423,368,88.55,41.43,236.55,739.84,5
10-01-2024 21:02,2,627,228,27.22,25.84,237.29,183.08,2
10-01-2024 21:03,6,641,376,45.13,24.45,63.2,364.73,1
10-01-2024 21:04,10,613,123,72.25,76.88,247.94,589.31,2
10-01-2024 21:05,10,178,90,69.94,71.3,51.49,548.04,2
10-01-2024 21:06,5,463,301,92.08,48.2,49.67,766.04,5
10-01-2024 21:07,10,429,456,26.23,22.19,243.63,773.5,3
10-01-2024 21:08,4,929,224,11.4,48.74,90.61,465.14,2
10-01-2024 21:09,1,50,224,37.4,37.08,27.68,606.8,2
10-01-2024 21:10,3,216,257,22.72,73.34,287.12,321.12,1
10-01-2024 21:11,4,65,3,56.62,22.25,169.33,354.82,3
10-01-2024 21:12,2,706,321,86.4,48.85,137.18,101.41,4
10-01-2024 21:13,2,161,271,68.5,59.35,153.71,545.27,2
10-01-2024 21:14,2,417,306,21.54,88.93,202.78,231.07,1
10-01-2024 21:15,1,151,148,19.87,21.72,259.19,82.29,5
10-01-2024 21:16,10,643,387,87.47,23.55,203.41,96.62,1
10-01-2024 21:17,2,455,189,51.45,89.1,223.16,583.45,3
10-01-2024 21:18,6,556,399,88.51,45.42,58.15,198.56,1
10-01-2024 21:19,3,660,187,72.58,70.78,118.31,620.59,4
10-01-2024 21:20,10,720,438,94.43,73.76,177.52,726.62,5
10-01-2024 21:21,5,89,188,84.05,38.59,187.72,285.86,5
10-01-2024 21:22,1,716,124,45.21,31.07,84.85,639.22,2
10-01-2024 21:23,8,597,37,74.45,35.71,292.62,354.42,3
10-01-2024 21:24,4,430,149,50.05,72.33,39.86,622.33,5
10-01-2024 21:25,9,808,106,29.81,78.04,38.12,259.24,5
10-01-2024 21:26,4,565,103,30.49,67.46,72.6,746.56,4
10-01-2024 21:27,2,546,407,43.77,48.09,227.4,790.02,1
10-01-2024 21:28,3,935,377,19.47,34.69,15.78,321.2,4
10-01-2024 21:29,5,330,232,25.11,46.89,296.42,175.16,3
10-01-2024 21:30,10,400,355,52.55,83.59,296.38,554.56,3
10-01-2024 21:31,6,383,146,91.08,79.74,52.11,475.2,5
10-01-2024 21:32,7,975,17,59.1,39.25,123.35,793.34,2
10-01-2024 21:33,4,992,159,44.72,39.6,65.16,653.04,1
10-01-2024 21:34,7,810,448,30.63,73.5,125.36,671.38,1
10-01-2024 21:35,10,573,304,26.65,46.99,162.19,586.65,3
10-01-2024 21:36,3,332,282,65.96,57.95,247.71,293.62,4
10-01-2024 21:37,7,990,278,82.11,46.67,15.56,749.96,5
10-01-2024 21:38,4,777,125,43.9,33.18,296.13,383.22,1
10-01-2024 21:39,8,368,173,56.81,29.16,282.47,331.57,4
10-01-2024 21:40,9,872,420,70.07,25.47,173.27,171.5,4
10-01-2024 21:41,7,463,320,14.96,15.86,146.86,257.09,3
10-01-2024 21:42,8,643,163,39.83,36.05,167.44,21.76,5
10-01-2024 21:43,8,63,203,72.03,27.86,10.44,534.73,5
10-01-2024 21:44,2,105,475,68.19,34.35,222.62,492.26,2
10-01-2024 21:45,9,452,482,14.53,20.69,151.45,334.37,5
10-01-2024 21:46,6,391,338,30.21,40.62,89.38,774.34,3
10-01-2024 21:47,4,843,155,67.8,54,141.16,560.62,4
10-01-2024 21:48,5,248,324,33.07,85.84,91.31,209.32,1
10-01-2024 21:49,10,909,401,79.22,41.03,211.49,315.39,4
10-01-2024 21:50,5,727,454,12.51,17.33,186.26,422.32,1
10-01-2024 21:51,7,341,490,26.18,42.18,119.49,445.38,2
10-01-2024 21:52,9,707,395,33.91,76.29,97.7,235,2
10-01-2024 21:53,7,490,261,88.65,40.51,264.02,214.56,2
10-01-2024 21:54,9,127,186,77.69,36.88,206.26,253.55,4
10-01-2024 21:55,4,161,377,85.15,83.92,216.16,771.42,3
10-01-2024 21:56,10,584,466,47.44,37.29,187.49,300.43,5
10-01-2024 21:57,10,424,57,79.92,87.77,27.19,311.83,1
10-01-2024 21:58,4,165,217,82.55,77.45,22.48,581.79,3
10-01-2024 21:59,6,191,458,44,66.32,131.61,146.95,5
10-01-2024 22:00,8,246,489,94.53,59.87,279.5,521.67,1
10-01-2024 22:01,9,839,208,82.36,31.86,159.79,539.58,4
10-01-2024 22:02,1,589,202,92.8,69.78,263.39,70.32,1
10-01-2024 22:03,1,348,74,83.65,41.04,33.48,168.16,4
10-01-2024 22:04,8,125,484,75.98,51.42,218.66,383.86,5
10-01-2024 22:05,7,579,85,90.23,22.81,77.37,671.63,3
10-01-2024 22:06,9,149,120,45.68,37.21,159.73,591.23,1
10-01-2024 22:07,3,528,14,76.58,54.68,91.41,701.29,5
10-01-2024 22:08,10,517,328,28.1,50.1,215.14,683.78,2
10-01-2024 22:09,5,685,129,72.29,40.76,123.26,418.97,3
10-01-2024 22:10,3,926,400,76.76,50.39,141.34,505.38,2
10-01-2024 22:11,5,341,282,70.9,70.87,77.38,738.22,2
10-01-2024 22:12,10,174,49,82.23,49.45,88.03,598.04,3
10-01-2024 22:13,1,568,426,45.13,52.96,57.95,299.14,1
10-01-2024 22:14,4,72,454,56.31,67.59,168.37,293.28,5
10-01-2024 22:15,6,211,359,10.91,78.12,47.77,305.97,3
10-01-2024 22:16,2,678,242,22.41,54.51,84.12,406.26,1
10-01-2024 22:17,7,555,322,64.76,86.11,161.49,302.74,3
10-01-2024 22:18,8,931,53,57.8,41.51,86.08,166.26,3
10-01-2024 22:19,1,913,265,26.77,33.94,178.61,484.04,1
10-01-2024 22:20,4,70,69,30.69,66.98,9.18,697.98,2
10-01-2024 22:21,4,813,40,39.25,28.18,292.1,404.19,4
10-01-2024 22:22,5,887,184,70.9,82.5,220.35,190.94,1
10-01-2024 22:23,4,513,133,61.83,43.99,153.63,654.18,4
10-01-2024 22:24,9,532,56,15.91,67.36,276.65,609.48,4
10-01-2024 22:25,7,551,367,74.59,57.76,261.58,566.17,3
10-01-2024 22:26,2,992,456,32.33,19.08,113.13,546.29,1
10-01-2024 22:27,1,358,255,67.1,68.18,39.26,630.17,1
10-01-2024 22:28,9,645,5,20.49,74.25,79.41,667.61,2
10-01-2024 22:29,1,923,69,94.82,88.69,66.56,720.6,4
10-01-2024 22:30,6,602,52,16.83,46.21,226.27,495.75,2
10-01-2024 22:31,2,252,465,73.05,52.72,166.69,327,5
10-01-2024 22:32,4,465,329,56.01,80.62,255.78,90.12,4
10-01-2024 22:33,6,689,98,17.3,35.19,149.46,583.48,2
10-01-2024 22:34,5,191,161,12.28,29.19,232.08,130.14,2
10-01-2024 22:35,6,905,406,40.83,24.97,100.41,697.45,4
10-01-2024 22:36,3,664,469,78.19,88.37,182.63,336.58,2
10-01-2024 22:37,5,156,491,13.5,35.28,193.62,703.39,5
10-01-2024 22:38,2,578,271,69.87,71.8,228.99,424.41,1
10-01-2024 22:39,7,586,65,65.71,48.73,240.85,373.72,5
10-01-2024 22:40,3,625,327,32.57,33.04,86.57,303.58,4
10-01-2024 22:41,1,903,407,16.59,83.5,118.59,67.85,3
10-01-2024 22:42,8,936,243,87.8,49.79,66.1,28.99,4
10-01-2024 22:43,8,798,367,35.53,57.45,225.61,416.78,1
10-01-2024 22:44,3,737,262,19.47,31.69,84.86,722.86,5
10-01-2024 22:45,7,340,212,67.93,39.31,120.35,477.17,2
10-01-2024 22:46,9,854,442,28.42,71.08,241.89,692.65,2
10-01-2024 22:47,8,360,154,50.43,40.73,105.24,799.81,3
10-01-2024 22:48,3,962,234,14.28,52.95,90.99,159.32,5
10-01-2024 22:49,2,717,140,94.4,23.58,197.1,534.47,2
10-01-2024 22:50,10,434,333,48.05,78.75,292.74,345.19,4
10-01-2024 22:51,7,102,495,94.92,70.32,23.47,182.87,2
10-01-2024 22:52,7,634,115,42.78,72.06,251.26,207.9,1
10-01-2024 22:53,9,232,369,39.57,28.36,40.87,210.83,5
10-01-2024 22:54,5,418,333,87.74,52.14,106.74,589.13,2
10-01-2024 22:55,4,750,130,38,17.07,127.93,296.9,2
10-01-2024 22:56,8,62,416,46.72,38.63,217.03,219.47,1
10-01-2024 22:57,4,608,178,16.64,41.1,278.34,711.05,2
10-01-2024 22:58,4,209,95,91.21,83.53,35.09,46.79,3
10-01-2024 22:59,2,333,317,17.24,89.46,224.72,593.78,5
10-01-2024 23:00,1,614,395,75.55,61.33,100.08,769.23,2
10-01-2024 23:01,4,336,101,55.78,53.76,271.06,508,4
10-01-2024 23:02,7,57,196,15.22,48.01,87.07,447.57,2
10-01-2024 23:03,9,121,290,10.14,16.37,209.69,67.93,3
10-01-2024 23:04,9,941,208,89.52,75.01,53.6,412.31,4
10-01-2024 23:05,10,147,95,73.08,65.39,287.59,301.9,3
10-01-2024 23:06,1,136,473,68.35,63.7,6.28,626.92,1
10-01-2024 23:07,5,891,103,47.28,75.68,73.69,653.19,4
10-01-2024 23:08,7,150,8,30.28,84.6,204.4,150.73,4
10-01-2024 23:09,7,330,136,67.79,44.21,256.79,427.35,3
10-01-2024 23:10,10,932,98,61.71,46.98,298.1,690.75,3
10-01-2024 23:11,6,338,399,71.74,88.14,56.11,507.13,1
10-01-2024 23:12,10,798,261,41.09,64.83,95.61,395.16,4
10-01-2024 23:13,4,245,147,93.89,78.85,268.1,720.49,4
10-01-2024 23:14,3,440,458,15.7,31.62,14.59,773.86,4
10-01-2024 23:15,9,658,393,16.77,38.78,221.33,203.51,4
10-01-2024 23:16,10,499,185,87.93,44.37,129.8,162.58,1
10-01-2024 23:17,4,417,438,65.06,38.77,208.2,694.57,2
10-01-2024 23:18,8,479,413,37.74,81.32,159.85,209.5,4
10-01-2024 23:19,1,145,232,74.77,53.36,190,681.31,5
10-01-2024 23:20,7,310,101,48.49,86.52,201.67,254.93,1
10-01-2024 23:21,6,561,147,11.8,39.1,191.22,34.97,2
10-01-2024 23:22,1,170,205,65.34,17.79,201.05,349.11,3
10-01-2024 23:23,4,415,46,30.66,25.35,172.66,51.49,2
10-01-2024 23:24,5,834,104,19.8,31.28,215.6,182.23,3
10-01-2024 23:25,8,381,336,29.15,63,233.93,393.9,5
10-01-2024 23:26,4,101,446,50.47,28.58,237.44,50.03,1
10-01-2024 23:27,3,445,222,14.24,43.61,256.79,45.91,2
10-01-2024 23:28,2,367,444,85.07,74.65,98.34,141.02,3
10-01-2024 23:29,4,724,118,57.59,24.36,225,380.95,4
10-01-2024 23:30,10,751,5,34.9,21.04,284.27,779.73,5
10-01-2024 23:31,4,326,417,68.4,55.5,113.4,92.86,5
10-01-2024 23:32,10,646,211,78.36,67.36,234.4,505.13,1
10-01-2024 23:33,5,243,55,62.18,83.32,90.98,407.72,1
10-01-2024 23:34,7,742,19,27.21,64.65,56.79,66.92,1
10-01-2024 23:35,9,70,401,19.37,85.96,136.7,46.63,1
10-01-2024 23:36,2,448,88,83.09,33.34,242.93,193.03,4
10-01-2024 23:37,5,764,247,29.95,40.64,95.6,554.11,5
10-01-2024 23:38,10,251,117,11.71,77.95,92.01,770.66,4
10-01-2024 23:39,9,515,476,64.65,75.83,86.91,453.74,1
10-01-2024 23:40,3,200,170,23,64.87,69.35,55.7,2
10-01-2024 23:41,1,945,485,94.23,52.95,185.28,221.22,3
10-01-2024 23:42,2,208,150,83.93,16.33,76.78,755.01,2
10-01-2024 23:43,6,359,295,61.72,36.03,280.8,29.77,5
10-01-2024 23:44,5,553,208,80.88,26.88,107.05,489.76,5
10-01-2024 23:45,1,75,381,50,18.84,165.01,159.56,4
10-01-2024 23:46,1,870,483,77.02,73.21,125.71,71.64,3
10-01-2024 23:47,4,115,283,64.96,24.85,289,218.46,1
10-01-2024 23:48,4,984,332,12.43,41.81,130.08,750.85,1
10-01-2024 23:49,6,312,174,90.64,88.31,171.29,614.17,2
10-01-2024 23:50,6,521,127,83.18,45.69,230.21,153.55,3
10-01-2024 23:51,10,216,156,91.04,25.61,55.53,71.25,4
10-01-2024 23:52,6,849,180,72.17,66.73,14.63,404.65,1
10-01-2024 23:53,1,203,449,45.03,75.75,139.2,61.08,5
10-01-2024 23:54,10,392,423,27.59,35.94,167.44,335.17,1
10-01-2024 23:55,9,767,378,25.3,75.7,89.68,644.2,3
10-01-2024 23:56,7,462,402,22.32,35.36,141.44,410.52,5
10-01-2024 23:57,7,714,87,28.75,66.98,186.47,719.54,4
10-01-2024 23:58,7,233,406,56.8,24.36,292.12,637.18,1
10-01-2024 23:59,2,720,324,68.12,47.09,182.52,453.11,5
11-01-2024 00:00,2,243,496,36.69,54.04,137.41,636.52,4
11-01-2024 00:01,6,51,267,56.64,69.4,11.65,94,3
11-01-2024 00:02,7,264,82,39.01,63.75,96.62,177.06,4
11-01-2024 00:03,3,736,64,69.2,79,110.75,566.33,4
11-01-2024 00:04,4,636,119,94.02,28.82,145.7,24.46,5
11-01-2024 00:05,3,846,496,68.57,64.59,235.74,23.65,1
11-01-2024 00:06,7,688,455,15.02,24.58,233.89,316.67,5
11-01-2024 00:07,7,532,341,50.56,50.86,254.36,696.32,2
11-01-2024 00:08,4,610,313,75.48,54.34,90.55,785.06,5
11-01-2024 00:09,7,81,163,56.09,17.04,107.21,526.87,5
11-01-2024 00:10,5,719,293,90.84,20.28,49.32,761.21,1
11-01-2024 00:11,1,64,178,14.66,77.95,257.94,681.19,3
11-01-2024 00:12,10,367,377,34.75,36.51,197.41,177.16,2
11-01-2024 00:13,4,895,30,28.76,40.96,27.88,335.09,1
11-01-2024 00:14,7,292,401,75.25,63.03,94.58,506.54,1
11-01-2024 00:15,2,66,161,54.52,31.55,50.05,138.02,4
11-01-2024 00:16,2,583,400,21.76,29.46,290.92,264.22,2
11-01-2024 00:17,1,805,399,34.28,46.62,100.76,609.98,4
11-01-2024 00:18,2,975,397,54.43,19.42,151.46,288.83,4
11-01-2024 00:19,10,130,487,94.67,83.77,98.78,742.23,1
11-01-2024 00:20,8,705,3,40.96,85.51,144.92,337.29,3
11-01-2024 00:21,8,485,24,23.33,48.62,299.59,191.41,1
11-01-2024 00:22,8,57,407,52.25,30.69,89.78,183.89,5
11-01-2024 00:23,1,728,59,36.37,50.29,88.37,556.03,3
11-01-2024 00:24,1,336,237,58.11,22.49,114.56,307.16,2
11-01-2024 00:25,10,829,240,49.67,44.83,54.95,205.06,3
11-01-2024 00:26,4,850,311,68.61,20.52,223,561.22,2
11-01-2024 00:27,6,235,321,87.71,67.96,116.91,348.69,4
11-01-2024 00:28,8,573,160,27.04,35.68,176.35,679.87,1
11-01-2024 00:29,2,842,481,79.8,54.05,200.08,448.2,1
11-01-2024 00:30,3,471,60,90.69,16.02,15.46,778.3,5
11-01-2024 00:31,6,865,240,41.76,54.35,194.98,312.07,1
11-01-2024 00:32,10,515,414,19.66,15.25,162.17,240.04,3
11-01-2024 00:33,4,132,322,79.86,84.39,29.44,522.75,5
11-01-2024 00:34,2,616,402,69.59,52.59,41.72,572.52,1
11-01-2024 00:35,7,692,59,28.08,22.5,135.04,33.24,5
11-01-2024 00:36,4,686,53,47.84,40.58,107.16,542.12,1
11-01-2024 00:37,8,532,64,59.13,18.46,134.06,161.2,1
11-01-2024 00:38,8,374,121,24.44,54.82,192.48,767.91,4
11-01-2024 00:39,7,468,119,70.77,24.18,50.56,469.29,1
11-01-2024 00:40,10,100,286,68.64,50.48,200.42,118.78,1
11-01-2024 00:41,9,76,18,85.41,37.91,246.35,61.12,3
11-01-2024 00:42,4,726,5,58.22,72.12,5.86,706.09,2
11-01-2024 00:43,7,961,325,58.82,51.17,113.7,683.49,3
11-01-2024 00:44,10,842,392,62.65,78.61,86.17,358.59,5
11-01-2024 00:45,10,594,393,33.27,85.6,132.44,88.25,5
11-01-2024 00:46,1,111,160,74.48,87.71,186.51,324.19,1
11-01-2024 00:47,4,706,376,66.31,34.51,60.33,613.21,1
11-01-2024 00:48,2,220,142,81.33,72.57,44.56,535.97,4
11-01-2024 00:49,9,335,397,75.33,47.86,220.01,694.83,1
11-01-2024 00:50,5,858,18,64.28,46.96,207.3,605.93,3
11-01-2024 00:51,3,166,68,23.68,80.12,140.95,277.51,3
11-01-2024 00:52,4,53,114,88.13,25.93,152.89,286.08,3
11-01-2024 00:53,6,115,22,41.21,50.84,84.61,525.25,3
11-01-2024 00:54,10,109,20,91.97,59.47,102.11,261.93,2
11-01-2024 00:55,1,954,399,44.16,19.96,99.42,696.77,3
11-01-2024 00:56,7,551,263,22.4,79.84,219.27,275.61,3
11-01-2024 00:57,8,848,461,85.21,38.58,168.91,401.37,5
11-01-2024 00:58,7,906,98,77.58,64.26,220.2,53.72,5
11-01-2024 00:59,7,278,105,76.84,84.61,179.26,112.11,5
11-01-2024 01:00,9,149,286,17.6,68.98,165.96,122.88,1
11-01-2024 01:01,4,168,5,84.74,81.45,99.57,288.42,5
11-01-2024 01:02,7,118,129,60.69,20.22,121.66,110.97,1
11-01-2024 01:03,9,713,444,49.98,51.96,266.78,376.54,5
11-01-2024 01:04,5,841,159,87.62,57.36,174.9,229.94,3
11-01-2024 01:05,2,270,251,66.61,66.68,159.71,232.52,5
11-01-2024 01:06,5,990,499,21.31,23.76,20.67,367.49,4
11-01-2024 01:07,4,272,276,54.16,64.26,202.91,685.99,1
11-01-2024 01:08,8,726,83,64.11,25.95,207.38,614.15,3
11-01-2024 01:09,5,553,320,86.38,20.07,208.74,709.31,3
11-01-2024 01:10,9,260,118,33.79,50.2,31.91,792.34,3
11-01-2024 01:11,9,840,448,77.51,60.03,93.63,28.66,5
11-01-2024 01:12,3,980,29,77.98,86.86,114.51,560.16,1
11-01-2024 01:13,10,624,493,20.88,67.4,248.82,113.47,3
11-01-2024 01:14,6,935,358,11.46,59.35,294.3,750.72,3
11-01-2024 01:15,6,931,138,59.42,31.09,127.35,196.94,5
11-01-2024 01:16,4,311,157,77.11,26.4,168.51,292.97,3
11-01-2024 01:17,10,567,31,57.13,60.55,7.16,783.66,3
11-01-2024 01:18,3,297,331,79.13,31.72,7.59,696.41,2
11-01-2024 01:19,1,790,471,62.9,68,26.98,56.82,5
11-01-2024 01:20,7,847,286,65.53,23.59,217.24,56.56,2
11-01-2024 01:21,5,306,153,12.39,40.47,57.55,658.7,2
11-01-2024 01:22,10,112,336,17.53,72.98,228.57,74.89,5
11-01-2024 01:23,7,441,58,71.63,77.33,132.4,684.35,3
11-01-2024 01:24,1,589,313,74.84,40.89,255.74,741.2,3
11-01-2024 01:25,8,906,87,56.09,30.5,261.74,38.59,1
11-01-2024 01:26,3,466,123,60.16,86.86,264.55,191.61,1
11-01-2024 01:27,7,102,191,62.22,72.08,165.33,38.09,5
11-01-2024 01:28,3,813,353,18.92,75.53,237.61,76.81,4
11-01-2024 01:29,3,87,371,66.77,31.71,200.26,436.58,2
11-01-2024 01:30,10,357,293,50.67,46.83,60.08,589.53,5
11-01-2024 01:31,9,895,314,61.21,20.12,117.55,393.99,3
11-01-2024 01:32,2,700,28,57.87,23.2,288.9,321.04,2
11-01-2024 01:33,4,947,155,74.86,31.57,232.91,181.24,1
11-01-2024 01:34,6,102,454,37.08,37.74,82.58,204.53,2
11-01-2024 01:35,3,655,230,41.75,89.79,87.89,474.27,1
11-01-2024 01:36,10,655,37,43.29,46.66,79.98,687.5,5
11-01-2024 01:37,10,501,6,74.81,67.34,102,335.56,1
11-01-2024 01:38,7,510,473,46.64,82.83,278.85,752.91,5
11-01-2024 01:39,7,824,461,25.05,33.45,132.89,60.65,5
11-01-2024 01:40,5,535,318,93.56,25.85,112.45,666.78,3
11-01-2024 01:41,3,884,225,51.94,33.24,75.56,284.17,4
11-01-2024 01:42,2,186,33,19.29,81.18,268.26,697.64,4
11-01-2024 01:43,4,421,89,66.97,64.93,287.43,737.14,4
11-01-2024 01:44,4,305,334,72.83,48.85,100.44,566.32,5
11-01-2024 01:45,8,444,40,52.52,76.52,186.91,296.94,5
11-01-2024 01:46,8,86,169,64.95,32.75,287.74,376.41,3
11-01-2024 01:47,5,703,375,24.68,32.94,152.35,450.39,3
11-01-2024 01:48,6,196,298,41.27,57.54,143.26,380.42,1
11-01-2024 01:49,8,57,486,23.76,74.25,160.67,637.1,1
11-01-2024 01:50,1,300,393,42.91,34.47,14.79,621.79,5
11-01-2024 01:51,5,696,18,57.84,30.75,93.54,29.87,4
11-01-2024 01:52,4,620,15,47.62,50.55,211.2,138.3,2
11-01-2024 01:53,4,684,132,60.42,25.07,290.19,303.57,3
11-01-2024 01:54,2,496,290,52.65,71.09,172.78,544.49,2
11-01-2024 01:55,10,312,318,37.01,58.3,61.19,199.16,2
11-01-2024 01:56,1,681,294,22.19,53.44,130.91,271.78,5
11-01-2024 01:57,6,488,209,31.48,80.42,149.56,380.42,1
11-01-2024 01:58,7,308,327,27.06,69.94,49.91,479.85,4
11-01-2024 01:59,5,372,480,70.13,26.2,102.14,723.4,2
11-01-2024 02:00,8,579,279,79.7,46.53,136.29,647.61,3
11-01-2024 02:01,9,350,382,71.23,39.1,82.26,300.19,3
11-01-2024 02:02,2,914,276,64.72,75.16,109.4,619.03,3
11-01-2024 02:03,4,534,495,36.17,68.93,86.49,669.47,2
11-01-2024 02:04,9,141,440,70.43,50.4,185.78,427.42,1
11-01-2024 02:05,5,213,309,61.43,76.77,175.69,250.91,4
11-01-2024 02:06,3,705,386,13.99,45.76,167.75,755.6,2
11-01-2024 02:07,6,384,277,87.15,75.27,33.54,770.56,1
11-01-2024 02:08,3,974,76,16.8,17.41,59.15,195.18,4
11-01-2024 02:09,5,364,298,52.73,25.1,37.69,632.35,4
11-01-2024 02:10,3,963,313,53.61,71.7,23.67,52.57,4
11-01-2024 02:11,6,994,378,81.15,23.58,77.81,21.86,4
11-01-2024 02:12,10,287,433,87.61,66.28,62.38,294.23,4
11-01-2024 02:13,5,735,347,89.87,69.27,218.87,380.78,1
11-01-2024 02:14,9,132,498,58.42,64.66,210.29,446.14,4
11-01-2024 02:15,3,718,112,67.72,76.37,64.4,315.05,2
11-01-2024 02:16,6,158,266,17.52,53.37,53.84,120.46,1
11-01-2024 02:17,8,227,72,51.47,82.28,47.74,288.94,4
11-01-2024 02:18,7,299,317,86.32,57.71,99.41,661.02,1
11-01-2024 02:19,6,814,21,48.73,53.09,91.79,281.85,1
11-01-2024 02:20,2,616,188,15.92,53.2,13.42,482,3
11-01-2024 02:21,7,716,121,27.05,83.41,172.52,551.08,1
11-01-2024 02:22,8,952,342,46.51,33.28,269.92,591.3,3
11-01-2024 02:23,1,140,141,30.19,67.13,163.96,400.63,5
11-01-2024 02:24,9,388,304,43.34,33.2,23.82,118.06,3
11-01-2024 02:25,4,687,424,38.3,21.91,181.87,722.4,5
11-01-2024 02:26,8,898,447,37.11,86.53,148.06,223.04,5
11-01-2024 02:27,10,218,204,17.75,24.73,272.54,284.39,5
11-01-2024 02:28,7,188,209,85.03,66.46,112.15,623.55,3
11-01-2024 02:29,10,566,496,68.88,46.84,226.83,615.55,1
11-01-2024 02:30,7,627,9,62.99,77.78,16.34,719.18,4
11-01-2024 02:31,2,672,185,61.55,72.99,217.84,46.32,5
11-01-2024 02:32,1,233,435,43.7,25.78,17.25,702.12,4
11-01-2024 02:33,4,829,369,79.98,50.09,106.69,637.94,1
11-01-2024 02:34,2,219,376,89.05,17.06,284.69,429.57,5
11-01-2024 02:35,8,411,296,10.48,47.21,212.45,144.4,5
11-01-2024 02:36,10,293,332,16.73,67.52,277.88,445.1,5
11-01-2024 02:37,7,892,201,67.37,32.41,151.28,171.28,5
11-01-2024 02:38,8,187,64,30.07,75.75,183.83,772.67,3
11-01-2024 02:39,6,77,350,87.49,18.99,157.74,572.87,3
11-01-2024 02:40,1,568,326,66.73,17.59,146.27,485.06,2
11-01-2024 02:41,9,447,320,41.3,17.06,175.58,654.42,4
11-01-2024 02:42,6,382,25,45.3,36,16.48,435.31,4
11-01-2024 02:43,10,366,412,68.73,50.03,59.78,67,2
11-01-2024 02:44,1,612,394,21.98,23.06,68.31,222.04,3
11-01-2024 02:45,1,475,489,85.09,89.76,117.94,785.72,2
11-01-2024 02:46,8,185,156,10.41,89.97,133.19,683.63,5
11-01-2024 02:47,6,739,221,93.21,53.99,223.22,743.41,3
11-01-2024 02:48,8,690,292,24.25,57.6,53.83,96.31,5
11-01-2024 02:49,8,758,139,73.08,84.51,173.12,213.44,2
11-01-2024 02:50,8,316,21,13.39,72.73,85.33,69.33,4
11-01-2024 02:51,10,156,486,46.67,27.6,157.12,661.29,1
11-01-2024 02:52,7,609,154,63.58,74.44,189.85,155.64,1
11-01-2024 02:53,7,187,402,15.97,32.32,176.82,339.84,5
11-01-2024 02:54,10,960,68,47.68,47.27,68.54,230.21,1
11-01-2024 02:55,4,664,492,35.77,54.94,214.29,745.68,5
11-01-2024 02:56,9,96,41,52.35,68.77,197.87,494.54,2
11-01-2024 02:57,2,714,15,52.89,26.26,279.94,643.61,3
11-01-2024 02:58,9,417,279,76.74,20.71,192.07,489.67,4
11-01-2024 02:59,10,55,169,20.5,79.96,217.5,497.79,5
11-01-2024 03:00,3,572,134,17.03,77.01,244.25,318.67,3
11-01-2024 03:01,2,578,491,44.16,54.24,36.27,206.42,3
11-01-2024 03:02,4,704,199,85.44,64.68,210.42,291.74,5
11-01-2024 03:03,5,321,238,82.7,68.95,98.98,249.99,4
11-01-2024 03:04,2,873,444,57.6,50.74,247.83,559.16,4
11-01-2024 03:05,1,115,112,85.55,34.29,146.65,349.6,3
11-01-2024 03:06,10,469,463,78.45,51.1,176.28,449.13,1
11-01-2024 03:07,5,388,52,33.62,86.31,81.8,621.33,3
11-01-2024 03:08,9,983,137,24.46,77.84,196.92,227.91,2
11-01-2024 03:09,5,547,255,35.6,49.92,15.52,350.45,5
11-01-2024 03:10,10,518,115,29.31,31.92,225.83,425.2,3
11-01-2024 03:11,9,380,158,62.93,81.72,53.17,61.97,4
11-01-2024 03:12,10,817,300,59.72,62.87,72.13,138.71,2
11-01-2024 03:13,6,688,446,60.87,45.36,5.27,69.54,3
11-01-2024 03:14,3,180,427,26.09,23.37,97.39,606.76,5
11-01-2024 03:15,4,579,412,77.31,71.38,119.53,253.93,5
11-01-2024 03:16,4,768,478,46.86,38.77,74.03,349.62,5
11-01-2024 03:17,1,650,264,50.16,60.47,72.91,544.41,4
11-01-2024 03:18,3,487,355,94.74,57.72,268.43,773.85,5
11-01-2024 03:19,3,292,307,33.99,67.47,101.3,652.62,2
11-01-2024 03:20,1,512,99,43.5,55.32,218.07,65.08,1
11-01-2024 03:21,9,399,121,67.5,62.28,75.03,258.47,2
11-01-2024 03:22,1,66,90,84.84,21.12,243.67,58.28,4
11-01-2024 03:23,9,515,30,20.78,64.9,204.93,68.1,4
11-01-2024 03:24,1,784,483,72.48,29.56,228.08,119.42,2
11-01-2024 03:25,2,931,230,88.05,44.4,134.66,270.44,2
11-01-2024 03:26,2,412,139,45.95,53.44,264.47,200.57,2
11-01-2024 03:27,6,259,254,34.37,66.52,115.33,294.7,4
11-01-2024 03:28,7,660,404,67.61,70.68,182.26,661.17,5
11-01-2024 03:29,1,574,494,30.92,67.87,193.82,642.19,4
11-01-2024 03:30,3,880,31,42.66,22.13,285.91,293.58,5
11-01-2024 03:31,2,831,162,86.24,44.02,44.68,534.66,2
11-01-2024 03:32,8,748,396,60.18,36.05,45,310.68,5
11-01-2024 03:33,9,469,432,18.07,44.88,141.31,321.05,3
11-01-2024 03:34,2,835,156,38.02,63.52,275.77,547.06,1
11-01-2024 03:35,2,182,323,63.32,29.47,11.4,319.77,5
11-01-2024 03:36,10,63,117,50.93,52.66,86.5,448.42,1
11-01-2024 03:37,9,842,191,66.13,81.37,88.66,109.88,2
11-01-2024 03:38,4,93,176,74.72,69.83,94.96,440.27,1
11-01-2024 03:39,5,426,426,50.85,69.4,12.29,598.76,3
11-01-2024 03:40,9,344,436,93.89,78.65,248.55,712.93,4
11-01-2024 03:41,6,445,5,87.75,44.94,7.63,134.86,1
11-01-2024 03:42,10,153,333,15.09,71.96,145.92,340.35,4
11-01-2024 03:43,9,494,12,32.65,19.4,21.63,399.22,4
11-01-2024 03:44,9,111,59,35.55,19.23,240.6,725.75,5
11-01-2024 03:45,7,614,321,25.66,39.88,225.24,220.78,1
11-01-2024 03:46,10,870,308,36.52,29.76,217.85,149.22,5
11-01-2024 03:47,9,461,299,46.11,53.89,222.2,130.36,1
11-01-2024 03:48,5,980,250,14.38,28.74,282.37,140.81,3
11-01-2024 03:49,5,679,339,20.82,88.17,127.96,698.23,3
11-01-2024 03:50,8,370,93,18.18,78.83,259.16,503.45,5
11-01-2024 03:51,10,180,319,13.94,88.69,59.35,348.17,2
11-01-2024 03:52,4,860,111,50.93,75.58,138.12,696.06,4
11-01-2024 03:53,9,867,306,38.37,86.33,7.63,252.46,4
11-01-2024 03:54,7,248,368,89.51,42.61,88.82,743.73,1
11-01-2024 03:55,7,954,295,18.73,52.34,140.16,611.91,3
11-01-2024 03:56,3,85,426,88.71,32.98,273.24,36.05,5
11-01-2024 03:57,4,840,473,17.36,62.69,98.5,380.85,2
11-01-2024 03:58,7,265,336,62.63,74.12,203.36,677.12,1
11-01-2024 03:59,5,635,17,31.06,52.41,251.02,328.99,3
11-01-2024 04:00,3,355,220,80.28,37.23,101.33,789.97,2
11-01-2024 04:01,1,616,487,15.23,53.08,54.92,680.34,2
11-01-2024 04:02,7,942,299,90.96,19.72,179.4,607.38,5
11-01-2024 04:03,6,61,305,14.02,69.08,88.89,125.7,5
11-01-2024 04:04,10,132,5,30.49,48.87,197.47,104.14,3
11-01-2024 04:05,7,81,129,49.46,82.37,44.74,520.13,5
11-01-2024 04:06,2,457,323,74.26,84.24,49.72,535.91,1
11-01-2024 04:07,4,135,112,90.84,24.41,204.4,135.06,4
11-01-2024 04:08,2,793,24,46.38,89.71,292.2,686.09,1
11-01-2024 04:09,8,460,29,74.37,87.74,77.83,701.51,1
11-01-2024 04:10,7,836,399,71.81,62.03,215.6,344.94,2
11-01-2024 04:11,1,762,132,58.55,76.91,161.95,494.03,3
11-01-2024 04:12,2,612,44,68.73,16.38,253.93,418.37,3
11-01-2024 04:13,2,881,321,13.24,87.78,119.72,47.82,2
11-01-2024 04:14,4,305,497,47.53,49.22,291.66,90.52,1
11-01-2024 04:15,3,290,376,76.8,83.23,29.31,628.23,1
11-01-2024 04:16,1,766,207,50.31,43.88,295.47,400.88,4
11-01-2024 04:17,2,947,382,84.25,74.11,254.64,496.5,4
11-01-2024 04:18,9,981,216,80.86,46.35,260.61,498.04,3
11-01-2024 04:19,1,945,244,83.39,42.2,253.51,316.1,1
11-01-2024 04:20,9,956,31,21.05,86.01,259.25,42.94,4
11-01-2024 04:21,7,757,404,30.75,67.43,245.47,633.79,2
11-01-2024 04:22,2,501,266,12.52,78.01,270.36,385.38,1
11-01-2024 04:23,2,805,11,93.54,55.75,140.94,128.35,5
11-01-2024 04:24,5,881,82,30.07,83.88,282.09,36.44,4
11-01-2024 04:25,5,50,482,41.2,70.5,118.56,33.67,2
11-01-2024 04:26,4,650,156,33.37,20.41,219.91,46.01,2
11-01-2024 04:27,10,331,166,13.38,72.52,214.55,140.92,5
11-01-2024 04:28,10,700,208,32.21,16.4,247.16,200.54,4
11-01-2024 04:29,3,648,24,18.35,77.18,222.82,212.77,3
11-01-2024 04:30,4,563,295,43.51,39.89,15.44,513.06,2
11-01-2024 04:31,10,910,375,92.18,59.87,223.05,208.42,1
11-01-2024 04:32,4,729,179,69.35,71.2,11.87,545.69,3
11-01-2024 04:33,2,168,332,70.09,62.77,162.3,662.21,2
11-01-2024 04:34,5,949,50,48.52,65.43,252.49,320.14,2
11-01-2024 04:35,5,554,490,78.96,81.95,249.72,580.32,5
11-01-2024 04:36,5,129,7,87.2,43.05,253.19,101.22,4
11-01-2024 04:37,10,672,100,91.73,56.04,182.71,275.78,4
11-01-2024 04:38,1,726,81,18.41,28.12,59.22,552.46,5
11-01-2024 04:39,6,943,241,84.77,50.07,154.85,746.79,5
11-01-2024 04:40,2,268,324,29.13,26.25,157.28,500.13,3
11-01-2024 04:41,7,566,181,43.77,62.52,100.81,303.79,3
11-01-2024 04:42,4,960,293,39.37,39.32,130.11,264.68,5
11-01-2024 04:43,5,776,481,67.39,79.43,262.29,325.41,3
11-01-2024 04:44,5,756,83,60.82,40.77,157.79,529.26,1
11-01-2024 04:45,5,515,54,19.27,36.51,212.9,275.05,5
11-01-2024 04:46,2,843,90,76.54,51.85,151.26,386.6,4
11-01-2024 04:47,5,567,439,47.37,28.15,187.15,612.02,4
11-01-2024 04:48,3,940,203,10.19,30.29,32.31,205.47,5
11-01-2024 04:49,4,861,31,45.23,73.74,279.76,578.88,4
11-01-2024 04:50,2,551,193,53.89,52.29,133.6,613.94,2
11-01-2024 04:51,4,107,488,15.85,30.48,225.75,693.67,1
11-01-2024 04:52,9,386,100,22.85,17.36,201.79,38.62,2
11-01-2024 04:53,8,559,349,94.45,49.99,240.79,108.73,5
11-01-2024 04:54,3,863,89,84.05,70.7,15.29,764.77,4
11-01-2024 04:55,1,663,443,21.33,41.34,280.93,118.11,3
11-01-2024 04:56,1,475,123,59.33,33.6,249.78,400.54,2
11-01-2024 04:57,6,609,374,42.24,44.73,250.96,150.22,2
11-01-2024 04:58,3,419,47,56.22,86.93,142.8,653.27,4
11-01-2024 04:59,4,460,433,50,46.74,239.92,95.27,3
11-01-2024 05:00,1,837,146,14.09,34.47,174.68,86.78,5
11-01-2024 05:01,8,932,3,36.81,57.69,153.53,413.67,4
11-01-2024 05:02,1,724,18,20.67,75.81,236.55,205.78,1
11-01-2024 05:03,5,893,314,51.56,16.67,190.2,536.01,1
11-01-2024 05:04,6,481,327,87.12,56.86,27.76,554.14,5
11-01-2024 05:05,2,245,476,94.62,77.72,97.78,477.12,5
11-01-2024 05:06,7,426,81,90.26,31.17,188.52,671.01,1
11-01-2024 05:07,7,997,153,93.78,84.13,271.62,563.93,3
11-01-2024 05:08,1,414,402,11.3,58.33,280.24,166.26,5
11-01-2024 05:09,4,885,308,72,53.75,252.48,81.16,1
11-01-2024 05:10,4,693,488,33.2,87.27,80.02,603.25,3
11-01-2024 05:11,5,984,299,83.58,24.72,144.65,597.22,3
11-01-2024 05:12,1,454,67,79.17,70.51,132.85,683.25,5
11-01-2024 05:13,1,541,89,46.01,76.39,134.41,177.83,2
11-01-2024 05:14,7,115,135,50.23,51.64,19.69,194.06,3
11-01-2024 05:15,9,961,367,32.53,15.49,56.22,469.8,5
11-01-2024 05:16,1,440,202,34.55,54.33,50.21,141.38,3
11-01-2024 05:17,2,132,428,93.4,26.51,187.09,251.14,4
11-01-2024 05:18,6,530,428,85.55,57.19,126.48,653.7,3
11-01-2024 05:19,6,826,179,26.31,70.4,100.69,280.69,2
11-01-2024 05:20,2,278,339,33.42,54.83,135.95,28.84,3
11-01-2024 05:21,9,834,79,19.24,62.31,100.64,527.64,2
11-01-2024 05:22,4,780,85,94.05,22.8,228.45,160.86,1
11-01-2024 05:23,7,274,21,87.11,22.28,54.28,172.75,2
11-01-2024 05:24,6,162,378,56.93,78.82,21.56,32.89,3
11-01-2024 05:25,3,701,165,68.9,18.7,196.96,470.86,1
11-01-2024 05:26,8,234,28,73.58,36.32,73.02,458.29,1
11-01-2024 05:27,7,561,237,27.32,85.33,194.79,95.22,1
11-01-2024 05:28,9,222,288,89.45,49.42,22.27,59.34,1
11-01-2024 05:29,3,937,185,54.77,65.59,77.89,402.85,3
11-01-2024 05:30,1,572,425,17.86,31.63,50.4,629.41,5
11-01-2024 05:31,2,958,310,43.75,35.29,90.75,763.92,2
11-01-2024 05:32,1,720,155,61.14,53.18,102.01,78.62,5
11-01-2024 05:33,5,254,123,39.99,62.86,151.08,572.37,5
11-01-2024 05:34,10,791,87,69.43,87.03,158.44,169.33,2
11-01-2024 05:35,2,587,202,84.97,58.08,190.88,46.5,4
11-01-2024 05:36,3,368,40,75.61,22.2,102.84,281.12,2
11-01-2024 05:37,8,208,169,64.63,42.52,161.95,467.63,4
11-01-2024 05:38,10,327,70,53.53,33.31,297.08,489.05,2
11-01-2024 05:39,5,951,280,31.63,34.08,67.14,58.38,5
11-01-2024 05:40,4,197,402,48.67,52.9,50.05,743.68,5
11-01-2024 05:41,5,827,330,34.9,38.75,253.56,62.58,2
11-01-2024 05:42,10,132,440,89.39,36.7,126.06,189.41,1
11-01-2024 05:43,6,468,399,87.12,87.6,254.83,357.35,4
11-01-2024 05:44,7,587,493,23.25,58.8,130.28,757.61,1
11-01-2024 05:45,9,632,491,79.92,34.63,11.4,793.16,4
11-01-2024 05:46,1,598,354,69.75,35.69,115.59,20.27,5
11-01-2024 05:47,4,441,328,92.89,75.83,184.99,195.12,4
11-01-2024 05:48,9,182,498,49.38,81.49,137.03,411.05,5
11-01-2024 05:49,5,989,419,71.38,65.93,140.51,561.63,2
11-01-2024 05:50,8,687,27,54.02,47.36,299.5,532.26,2
11-01-2024 05:51,1,676,345,15.9,72.34,165.52,216.18,3
11-01-2024 05:52,4,653,131,13.98,85.3,210.6,174.06,3
11-01-2024 05:53,9,291,277,20.38,27.47,217.69,31.13,2
11-01-2024 05:54,1,500,377,35.18,79.63,5.05,677.43,3
11-01-2024 05:55,1,249,295,32.02,78.66,167.98,315.46,2
11-01-2024 05:56,4,768,288,71.91,42.49,289.1,694.19,1
11-01-2024 05:57,3,166,254,70.85,36.88,226.49,272.49,5
11-01-2024 05:58,7,268,434,92.57,57.4,105.43,609.71,2
11-01-2024 05:59,3,354,85,36.38,35.42,112.55,74.34,3
11-01-2024 06:00,1,292,9,89.77,25.9,94.57,652.92,3
11-01-2024 06:01,10,341,50,62.09,86.48,190.91,714.99,3
11-01-2024 06:02,2,843,1,52.1,51.85,33.71,226.61,1
11-01-2024 06:03,10,350,4,66.77,50.42,90.55,130.65,1
11-01-2024 06:04,4,878,4,69.73,24.46,151.97,172.99,1
11-01-2024 06:05,1,733,497,24.61,52.81,162.89,696.87,2
11-01-2024 06:06,1,437,90,73.9,70.71,184.19,243.24,5
11-01-2024 06:07,8,637,162,71.64,33.6,240.18,200.46,1
11-01-2024 06:08,7,258,155,94.79,42.67,53.15,783.53,3
11-01-2024 06:09,8,363,15,87.52,28.42,71.38,542.61,3
11-01-2024 06:10,4,666,365,68.2,41.63,262.33,669.14,1
11-01-2024 06:11,6,75,32,70.55,79.6,250.19,602.7,5
11-01-2024 06:12,3,912,425,90.41,32.78,247.36,311.73,5
11-01-2024 06:13,8,128,455,92.21,17.22,66.54,692.94,5
11-01-2024 06:14,4,177,445,80.29,55.22,22.19,478.77,3
11-01-2024 06:15,3,462,63,75.23,58.46,159.41,532.77,2
11-01-2024 06:16,4,186,445,19.47,39.67,261.66,274.34,4
11-01-2024 06:17,6,383,364,80.58,63.12,75.07,785.31,1
11-01-2024 06:18,7,597,108,31.52,17.84,271.74,686.59,1
11-01-2024 06:19,7,437,14,57.92,40.54,46.75,135.53,4
11-01-2024 06:20,4,620,23,44.46,25.84,92.94,179.02,4
11-01-2024 06:21,8,279,111,39.38,32.24,93,603.9,3
11-01-2024 06:22,7,470,321,36.37,43.69,49.57,40.09,3
11-01-2024 06:23,2,173,160,82.71,52.01,262.47,281.65,1
11-01-2024 06:24,8,137,41,75.38,21.99,126.71,435.36,2
11-01-2024 06:25,9,898,282,54.49,22.6,61.24,179.83,1
11-01-2024 06:26,5,190,304,66.48,65.55,48.44,701.06,1
11-01-2024 06:27,4,965,457,93.68,45.31,129.17,713.63,1
11-01-2024 06:28,4,834,144,43.79,28.24,10.1,766.34,3
11-01-2024 06:29,4,100,415,56.84,32.62,40.71,134.14,1
11-01-2024 06:30,6,616,450,55.35,69,6.09,81.84,2
11-01-2024 06:31,4,978,288,89.56,18.88,12.19,453.75,2
11-01-2024 06:32,7,454,394,39.88,53.16,299.23,638.1,2
11-01-2024 06:33,7,386,153,93.83,42.02,137.42,247.03,1
11-01-2024 06:34,5,711,82,35.9,75.84,220.03,207.96,4
11-01-2024 06:35,5,714,365,19.26,74.26,222.44,423.82,1
11-01-2024 06:36,10,780,226,26.27,66.69,264.72,396,4
11-01-2024 06:37,8,780,477,46.23,43.86,35.61,394.05,1
11-01-2024 06:38,7,415,429,65.23,62.34,160.07,336.12,2
11-01-2024 06:39,7,957,152,53.93,62.99,99.91,587.1,4
11-01-2024 06:40,6,960,259,41.98,39.91,166.8,499.46,2
11-01-2024 06:41,7,903,318,57.77,81,102.98,400.5,1
11-01-2024 06:42,7,307,79,81.3,88.86,59.18,582.15,3
11-01-2024 06:43,10,437,195,81.31,38.58,203.48,224.12,4
11-01-2024 06:44,2,94,439,71.73,75.09,16.34,715.63,1
11-01-2024 06:45,10,318,223,90.96,52.57,269.14,319.65,2
11-01-2024 06:46,2,360,266,60.17,49.77,48.15,275.52,5
11-01-2024 06:47,10,721,230,10.65,43.99,186.47,442.97,3
11-01-2024 06:48,7,327,439,34.73,36.9,227.49,230.92,5
11-01-2024 06:49,10,906,150,37.9,83.96,26.51,229.62,5
11-01-2024 06:50,7,524,398,56.52,70.56,271.47,80.74,3
11-01-2024 06:51,7,616,457,86.92,48.05,110.07,528.51,2
11-01-2024 06:52,5,194,466,81.24,71.37,299.03,731.93,5
11-01-2024 06:53,1,284,136,29.73,68.89,25.29,554.51,5
11-01-2024 06:54,2,740,123,54.15,35.05,216.45,462.84,1
11-01-2024 06:55,9,769,358,66.03,28.21,52.41,575.2,3
11-01-2024 06:56,8,185,399,93.94,77.72,123.79,773.83,4
11-01-2024 06:57,8,494,110,12.66,75.86,135.75,282.47,5
11-01-2024 06:58,10,402,143,49.43,89.76,124.82,355.94,1
11-01-2024 06:59,1,443,436,93.99,16.45,104.58,243.25,3
11-01-2024 07:00,6,324,70,93.06,55.53,231.33,33.04,4
11-01-2024 07:01,9,433,54,38.11,67.6,246.87,290.99,4
11-01-2024 07:02,8,959,332,10,58.69,104.01,75.86,5
11-01-2024 07:03,3,372,426,59.87,68.28,147.38,689.55,2
11-01-2024 07:04,4,232,403,83.69,25.29,129.42,578.18,3
11-01-2024 07:05,3,622,40,37.57,15.11,180.09,257.14,1
11-01-2024 07:06,6,489,197,89.41,21.98,49.33,275.8,3
11-01-2024 07:07,9,112,27,38.28,43.5,242.68,464.29,1
11-01-2024 07:08,8,922,330,61.87,39.67,240.12,642.46,5
11-01-2024 07:09,10,776,299,71.37,80.55,179.17,580.59,3
11-01-2024 07:10,4,921,180,39.36,21.26,225.11,42.48,5
11-01-2024 07:11,2,700,46,39.94,48.2,296.61,632.53,2
11-01-2024 07:12,8,992,142,49.95,86.84,277.14,707.44,1
11-01-2024 07:13,8,695,320,80.99,52.72,185.38,90.11,2
11-01-2024 07:14,6,83,445,18.57,24.93,155.86,620.65,1
11-01-2024 07:15,8,754,98,63.68,36.85,162.69,216.35,2
11-01-2024 07:16,9,916,126,67.57,62.01,142.65,155.49,3
11-01-2024 07:17,1,881,58,57.42,15.9,146.67,444.22,1
11-01-2024 07:18,9,526,177,89.55,87.61,220.95,451.08,5
11-01-2024 07:19,2,136,207,61.17,57.52,297.68,387.28,1
11-01-2024 07:20,1,259,285,63.94,67.81,18.37,723.41,4
11-01-2024 07:21,8,511,154,60.98,52.42,72.91,208.46,1
11-01-2024 07:22,8,130,27,71.37,86.84,67.01,489.98,1
11-01-2024 07:23,4,371,451,21.51,59.19,250.69,339.7,4
11-01-2024 07:24,8,464,323,86.01,64.65,128.82,701.55,2
11-01-2024 07:25,7,900,163,13.61,79.56,159.91,123.6,2
11-01-2024 07:26,2,239,250,64.46,79.62,143.4,84.67,1
11-01-2024 07:27,5,999,188,62.32,17.11,256.84,794.35,2
11-01-2024 07:28,10,909,445,27.69,36.25,152.42,470.22,4
11-01-2024 07:29,4,282,483,13.46,33.47,202.01,731.31,5
11-01-2024 07:30,3,441,370,21.8,15.5,10.75,338.41,2
11-01-2024 07:31,1,987,454,33.09,80.76,197.47,491.35,1
11-01-2024 07:32,5,218,334,84.98,38.79,76.08,561.39,5
11-01-2024 07:33,10,492,90,82.74,41.02,260.73,789.17,5
11-01-2024 07:34,8,812,131,15.43,22.47,226.71,107.94,5
11-01-2024 07:35,9,217,417,34.59,89.23,37.24,117.33,1
11-01-2024 07:36,7,280,298,85.59,76.97,35.52,428.1,5
11-01-2024 07:37,1,199,13,30.12,57.89,91.43,63.52,4
11-01-2024 07:38,1,713,29,94.66,72.89,42.1,587.43,5
11-01-2024 07:39,1,599,265,31.83,73.28,223.4,792.79,4
11-01-2024 07:40,2,435,32,72.82,64.25,296.11,652.92,1
11-01-2024 07:41,1,430,150,45.45,28.05,198.3,227.33,1
11-01-2024 07:42,4,858,86,21.58,69.02,78.47,643.66,1
11-01-2024 07:43,10,324,58,31.69,57.72,171.46,509.74,5
11-01-2024 07:44,9,666,57,67.39,69.31,242.67,113.15,2
11-01-2024 07:45,4,947,482,38.65,55.76,288.85,461.42,2
11-01-2024 07:46,4,909,394,61.35,86.73,6.5,719.49,5
11-01-2024 07:47,7,913,25,27.47,62.03,159.49,246.14,3
11-01-2024 07:48,9,111,190,48.13,58.03,138.7,534.1,3
11-01-2024 07:49,7,516,447,53.54,78.21,127.28,52.42,4
11-01-2024 07:50,1,577,76,45.09,43.44,153.63,670.69,2
11-01-2024 07:51,1,911,371,26.82,38.68,124.03,180.63,5
11-01-2024 07:52,4,199,387,49.23,52.74,106.48,494.73,1
11-01-2024 07:53,4,191,339,68.9,58.84,38.87,428.87,2
11-01-2024 07:54,1,165,225,92.02,31.54,152.45,447.54,5
11-01-2024 07:55,6,873,431,77.11,66.17,247.21,217.91,3
11-01-2024 07:56,10,114,183,23.72,75.18,35.9,456.11,3
11-01-2024 07:57,2,478,154,33.18,58.3,222.85,490.15,3
11-01-2024 07:58,5,359,269,16.7,54.22,83.99,351.86,4
11-01-2024 07:59,8,755,391,21.53,37.1,117.47,513.94,5
11-01-2024 08:00,3,903,418,31.31,83.22,296.48,169.43,5
11-01-2024 08:01,9,479,278,26.96,71.59,204.19,419.82,1
11-01-2024 08:02,7,210,340,28.16,51.02,217.14,579.11,5
11-01-2024 08:03,9,355,363,29.62,64.43,182.71,307.04,1
11-01-2024 08:04,1,410,23,35.56,40.27,100.1,340.69,3
11-01-2024 08:05,5,327,432,20.67,19.49,204.16,148.08,2
11-01-2024 08:06,3,345,14,33.62,30.29,139.89,500.83,3
11-01-2024 08:07,4,600,94,68.52,20.96,250.46,116.34,5
11-01-2024 08:08,4,922,343,30.09,53.11,173.46,410.63,1
11-01-2024 08:09,7,218,367,24.61,61.65,232.51,184.13,3
11-01-2024 08:10,10,508,52,15.75,43.53,255.31,171.42,5
11-01-2024 08:11,8,629,339,52.5,54.76,247.23,94.75,5
11-01-2024 08:12,10,56,423,81.57,21.41,123.62,298.77,1
11-01-2024 08:13,5,646,41,15.02,72.75,113.78,696.58,4
11-01-2024 08:14,10,760,164,56.1,17.46,261.37,491.83,2
11-01-2024 08:15,7,181,6,65.3,62.58,47.21,627.71,4
11-01-2024 08:16,3,637,407,60.36,47.5,87.42,109.37,3
11-01-2024 08:17,3,811,138,84.6,28.79,40.7,264.39,4
11-01-2024 08:18,3,396,99,83.64,54.23,17.42,323.12,1
11-01-2024 08:19,4,770,341,14.87,73.57,186.68,690.81,2
11-01-2024 08:20,6,645,224,40.68,46.01,270.73,538.23,4
11-01-2024 08:21,5,784,316,67.02,42.58,43.18,402.57,4
11-01-2024 08:22,8,302,30,90.96,25.68,239.73,254.38,2
11-01-2024 08:23,5,459,225,78.4,59.59,116.91,612.76,3
11-01-2024 08:24,5,592,326,25.01,77.1,187.35,712.89,1
11-01-2024 08:25,10,404,261,33.73,57.1,230.3,438.71,2
11-01-2024 08:26,2,762,247,74.91,27.38,214.47,53.87,3
11-01-2024 08:27,5,613,79,50.08,64.59,45.33,232.04,2
11-01-2024 08:28,7,417,185,56.52,17.26,39.04,601.73,1
11-01-2024 08:29,2,633,299,61.76,77.85,277.64,322.33,1
11-01-2024 08:30,6,560,180,18.78,84.11,28.44,508.22,4
11-01-2024 08:31,7,582,473,82.76,59.78,69.43,429.13,4
11-01-2024 08:32,5,577,77,83.37,81.13,134.31,728.02,5
11-01-2024 08:33,9,996,262,49.8,21.34,247.2,259.46,5
11-01-2024 08:34,4,577,229,63.28,32.13,182.77,367.93,4
11-01-2024 08:35,10,451,2,66.09,38.79,173.5,70.53,1
11-01-2024 08:36,1,224,17,26.13,72.99,209.13,647.87,3
11-01-2024 08:37,8,873,344,19.57,51.32,241.64,274.14,4
11-01-2024 08:38,8,973,12,11.76,41.13,73.59,583.11,5
11-01-2024 08:39,7,899,428,87.59,26.86,10.58,22.36,1
11-01-2024 08:40,8,127,182,39.39,75.8,42.52,696.6,2
11-01-2024 08:41,2,489,334,17.3,16.54,53.72,778.13,4
11-01-2024 08:42,3,801,7,49.59,40.3,16.81,386.57,4
11-01-2024 08:43,9,598,246,16.43,33.21,225.52,396.43,3
11-01-2024 08:44,1,281,474,17.25,24.68,266.05,500.77,1
11-01-2024 08:45,8,449,416,51.56,27.9,214.64,780.59,3
11-01-2024 08:46,8,262,157,53.25,52.03,60.64,455.69,2
11-01-2024 08:47,7,242,174,59.31,46.95,183.9,77.61,1
11-01-2024 08:48,5,621,487,65.79,53.88,158.58,460.83,3
11-01-2024 08:49,4,750,329,66.8,69.57,246.89,346.86,2
11-01-2024 08:50,10,316,334,46.8,81.92,282.98,613.47,2
11-01-2024 08:51,10,175,181,64.7,23.88,224.17,256.6,4
11-01-2024 08:52,10,764,465,35.9,21.2,156.2,741.08,1
11-01-2024 08:53,10,883,497,47.51,39.03,155.76,644.06,2
11-01-2024 08:54,6,431,281,43.43,55.97,243.3,274.72,3
11-01-2024 08:55,1,593,309,37.97,22.49,41.14,294.55,1
11-01-2024 08:56,5,551,478,30.28,68.7,50.23,423.9,2
11-01-2024 08:57,4,452,237,16.67,56.71,106.34,97.68,4
11-01-2024 08:58,4,873,157,53,71.13,225.41,558.29,5
11-01-2024 08:59,7,310,251,55.67,41.84,24.46,495.13,5
11-01-2024 09:00,9,436,221,38.57,45.08,106.58,268.59,5
11-01-2024 09:01,8,461,338,92.95,75.57,98.97,517.68,2
11-01-2024 09:02,8,395,223,57.34,35.03,148.29,96.63,2
11-01-2024 09:03,5,143,211,85.57,43.61,141.8,762.6,3
11-01-2024 09:04,6,377,337,58.46,16.01,215.75,72.24,5
11-01-2024 09:05,2,149,134,26.14,56.65,189.54,276.49,5
11-01-2024 09:06,3,846,332,92.84,78.86,271.32,777.02,1
11-01-2024 09:07,5,510,422,85.25,17.09,58.29,330.72,1
11-01-2024 09:08,2,364,259,50.06,61.03,132.46,710.77,2
11-01-2024 09:09,3,74,495,30.66,78.41,123.03,137.7,2
11-01-2024 09:10,4,967,35,28.93,52.04,38.19,72.05,4
11-01-2024 09:11,6,543,183,78.51,38.48,53.62,104.37,5
11-01-2024 09:12,5,402,303,15.88,89.74,104.31,778.2,5
11-01-2024 09:13,10,918,161,64.24,19.86,221.77,89.25,2
11-01-2024 09:14,4,166,93,64.41,30.78,49.3,528.35,3
11-01-2024 09:15,2,248,387,25.51,81.39,83.27,363.67,1
11-01-2024 09:16,5,328,197,69.92,37.3,204.54,691.42,5
11-01-2024 09:17,5,631,315,69.96,76.49,181.01,249.56,3
11-01-2024 09:18,7,896,206,39.75,39.99,35.8,42.55,1
11-01-2024 09:19,1,128,484,51.09,75.9,283.39,603.91,4
11-01-2024 09:20,4,473,476,80.78,66.43,48.67,479.23,2
11-01-2024 09:21,5,403,489,54.47,50.14,23.12,358.91,3
11-01-2024 09:22,8,575,352,62.54,54.22,94.75,271.95,1
11-01-2024 09:23,8,590,18,45.09,28.32,12.81,721.56,2
11-01-2024 09:24,1,705,234,22.72,23.69,14.06,115,2
11-01-2024 09:25,5,526,488,94.84,68.77,175.73,130.26,5
11-01-2024 09:26,10,904,382,55.18,78.64,268.42,31.57,1
11-01-2024 09:27,1,59,333,38.6,69.15,123.75,76.6,2
11-01-2024 09:28,1,608,66,70.67,83.46,94.13,688.68,5
11-01-2024 09:29,2,552,244,62.77,81.76,274.82,639.05,2
11-01-2024 09:30,2,309,409,29.8,73.36,23.13,99.89,1
11-01-2024 09:31,9,573,276,84.54,82.36,144.63,628.26,2
11-01-2024 09:32,4,859,199,16.03,27.54,79.52,520.02,4
11-01-2024 09:33,3,787,459,61.48,69.85,117.6,322.24,4
11-01-2024 09:34,1,821,453,50.62,71.53,126.18,85.68,4
11-01-2024 09:35,2,645,413,37.05,26.55,165.82,489.83,4
11-01-2024 09:36,6,909,18,80.24,83.22,138.71,674.95,3
11-01-2024 09:37,9,909,72,65.78,15.66,296.47,348.15,2
11-01-2024 09:38,5,55,155,74.56,47.6,12.53,351.02,2
11-01-2024 09:39,4,959,378,45.25,16.61,228.51,664.81,2
11-01-2024 09:40,5,808,170,90.1,54.25,20.04,184.26,2
11-01-2024 09:41,9,84,322,39.3,45.91,132.17,154.53,5
11-01-2024 09:42,7,224,355,55.14,61.73,64.54,562.55,3
11-01-2024 09:43,8,491,282,89.36,72.48,283.86,532.04,2
11-01-2024 09:44,4,626,151,17.07,72.64,218.13,731.46,5
11-01-2024 09:45,8,196,261,19.25,69.17,141.54,280.72,3
11-01-2024 09:46,6,618,80,94.51,22.64,285.91,177.56,5
11-01-2024 09:47,5,242,106,92.57,46.31,217.78,354.49,4
11-01-2024 09:48,7,62,11,75.59,76.2,285.82,319.36,4
11-01-2024 09:49,6,953,403,51.16,64.07,212.85,751.71,5
11-01-2024 09:50,3,579,208,53.02,66.08,27.92,735.73,2
11-01-2024 09:51,5,295,480,31.86,32.02,186.81,353.96,3
11-01-2024 09:52,9,724,396,46.78,39.38,294.2,341.75,1
11-01-2024 09:53,7,904,130,46.66,86.69,68.18,367.09,5
11-01-2024 09:54,4,163,171,13.07,78.52,238.86,590.1,5
11-01-2024 09:55,7,843,406,48.52,27.37,59.47,449.05,5
11-01-2024 09:56,5,282,410,50.78,55.85,138.41,244.58,2
11-01-2024 09:57,2,727,33,66.59,51.79,29.98,619.61,5
11-01-2024 09:58,6,371,24,53.9,48.27,105.47,724.99,1
11-01-2024 09:59,7,587,197,83.24,50.3,233.99,579.85,4
